minute_ts,datetime_utc,open,high,low,close,volume_usdc,volume_jto,trades
1789161120,2026-09-11T21:12:00.000Z,0.430042095807541,0.4304419460273077,0.430042095807541,0.4303752453309762,20.492972999811172,47.61923938700056,7
1789161180,2026-09-11T21:13:00.000Z,0.4316754516430585,0.4316754516430585,0.3887341813199402,0.431007157416599,499.9650439999442,1161.9051833289975,3
1789161240,2026-09-11T21:14:00.000Z,0.4295265475701092,0.429528578797555,0.4295265475701092,0.429528578797555,37.87409299999854,88.17636663799931,2
1789161300,2026-09-11T21:15:00.000Z,0.43026948650443897,0.43026948650443897,0.43026948650443897,0.43026948650443897,0.5224890001118183,1.2143296619906323,1
1789161360,2026-09-11T21:16:00.000Z,0.4305662718588526,0.4305662718588526,0.4305662718588526,0.4305662718588526,18.27631499990821,42.447158996001235,1
1789161420,2026-09-11T21:17:00.000Z,0.4316642242166215,0.4316642242166215,0.4316642242166215,0.4316642242166215,59.48670299999867,137.80781371899502,1
1789161480,2026-09-11T21:18:00.000Z,0.43188896232095375,0.43188896232095375,0.43188896232095375,0.43188896232095375,0.16145200000028126,0.3738275670039002,1
1789161540,2026-09-11T21:19:00.000Z,0.43055753661151436,0.43055753661151436,0.43051694790239114,0.43051694790239114,81.14777300041169,188.48843986200518,2
1789161660,2026-09-11T21:21:00.000Z,0.431178947564628,0.431178947564628,0.4294361135687482,0.4294361135687482,3.4049670003723804,7.901629682996159,2
1789161720,2026-09-11T21:22:00.000Z,0.4329877200587454,0.4354540979676916,0.4307564398703803,0.4354540979676916,469.4538210015211,1084.0157418040014,20
1789161840,2026-09-11T21:24:00.000Z,0.4306069207199341,0.4306069207199341,0.4295489479156452,0.4295489479156452,204.5628449998385,475.45958871301264,2
1789161960,2026-09-11T21:26:00.000Z,0.4295507462335517,0.43018966706695905,0.4295507462335517,0.43018966706695905,76.74387300013404,178.57942607800214,2
1789162020,2026-09-11T21:27:00.000Z,0.43007091971667655,0.43007091971667655,0.429696027887795,0.429696027887795,126.40267600072548,293.9146837080043,4
1789162080,2026-09-11T21:28:00.000Z,0.4296756992973199,0.4296756992973199,0.4296176344859414,0.4296176344859414,0.6728539997711778,1.5659683319972828,2
1789162140,2026-09-11T21:29:00.000Z,0.4294640408541649,0.4294640408541649,0.4294640408541649,0.4294640408541649,10.28179799998179,23.940998598001897,1
1789162200,2026-09-11T21:30:00.000Z,0.42952850995517433,0.42952850995517433,0.4290193548403038,0.4290193548403038,4.717827999206747,10.990244892982446,4
1789162260,2026-09-11T21:31:00.000Z,0.43048922843493287,0.43048922843493287,0.43048922843493287,0.43048922843493287,280.7509519997984,652.1671936380008,1
1789162380,2026-09-11T21:33:00.000Z,0.4973582677103499,0.4973582677103499,0.428522726404993,0.4289996453701066,439.37152200002583,960.9613743580048,3
1789162560,2026-09-11T21:36:00.000Z,0.43254420155007045,0.43254420155007045,0.43254420155007045,0.43254420155007045,0.07234400045126677,0.16725227200367954,1
1789162620,2026-09-11T21:37:00.000Z,0.43078695692773483,0.43078695692773483,0.4302684026890626,0.430268402715308,133.50287800002843,309.9052171169751,3
1789162680,2026-09-11T21:38:00.000Z,0.4316640208169475,0.43166403348634264,0.43164862147477734,0.43164862147477734,257.2347689999333,595.9253117730113,3
1789162740,2026-09-11T21:39:00.000Z,0.4317899205285607,0.4317899205285607,0.43100165629080206,0.43100165629080206,134.75403899978846,312.08771021300345,3
1789162800,2026-09-11T21:40:00.000Z,0.43071349430791817,0.43074734077800136,0.4307133519661211,0.43074734077800136,8.656710000243038,20.09779597200395,5
1789162920,2026-09-11T21:42:00.000Z,0.4234339738771134,0.4234339738771134,0.4234339738771134,0.4234339738771134,5.893852,13.919175983999999,1
1789162980,2026-09-11T21:43:00.000Z,0.4303559578235429,0.4317352251217269,0.4303559578235429,0.4317352251217269,36.50410499977124,84.80837625699496,3
1789163040,2026-09-11T21:44:00.000Z,0.4090607445876943,0.43130525218130283,0.4090607445876943,0.43130525218130283,79.83381200027941,185.7150547489959,3
1789163100,2026-09-11T21:45:00.000Z,0.42220327207858943,0.4295298697939455,0.42220327207858943,0.42952973303099934,26.011821999999814,60.79163628799948,4
1789163160,2026-09-11T21:46:00.000Z,0.42955134950586393,0.42975145582725816,0.4284546908315524,0.42975145582725816,297.79084299965325,693.9620739129969,6
1789163220,2026-09-11T21:47:00.000Z,0.42846789068745184,0.42846789068745184,0.42846789068745184,0.42846789068745184,4.815872000064701,11.239750060005463,1
1789163340,2026-09-11T21:49:00.000Z,0.4274076828428564,0.42846602171565645,0.4263396194379819,0.42695319873863585,286.5507749984299,671.2292871760073,16
1789163400,2026-09-11T21:50:00.000Z,0.42672723276289937,0.42673790130143846,0.426677239663523,0.42668652987591615,10.260923999827355,24.046617658998002,6
1789163460,2026-09-11T21:51:00.000Z,0.6490712429809236,0.6490712429809236,0.4268836242231003,0.4268836242231003,1368.2763519990438,2396.264712337003,12
1789163520,2026-09-11T21:52:00.000Z,0.4263243343343289,0.4276293217729752,0.4252571271271191,0.42532067066778834,340.2025229995554,798.9653132320071,12
1789163580,2026-09-11T21:53:00.000Z,0.42501692942735847,0.4387048596022077,0.4237570070060278,0.4387048596022077,152.5539719998077,358.95082328600967,17
1789163640,2026-09-11T21:54:00.000Z,0.4245452052056493,0.42514975916568093,0.4245452052056493,0.42485261260918744,128.4910239995828,302.57096952001166,4
1789163700,2026-09-11T21:55:00.000Z,0.4263287411107052,0.4263287411107052,0.4263287411107052,0.4263287411107052,4.523907000000005,10.611311328,1
1789163760,2026-09-11T21:56:00.000Z,0.42419477477479983,0.42528816883903875,0.42392898448192745,0.42528816883903875,130.67158400000153,308.0459108639916,5
1789163820,2026-09-11T21:57:00.000Z,0.42352732732430814,0.4238312112099985,0.4234160350834125,0.42345615615651194,314.8245929996483,743.255999999994,8
1789163880,2026-09-11T21:58:00.000Z,0.4238635835818843,0.4242318318326688,0.4238635835818843,0.4239769440049512,328.15287499921396,773.8944710640062,5
1789163940,2026-09-11T21:59:00.000Z,0.424035325323865,0.42424473724784345,0.424035325323865,0.42424473724784345,493.5826449994929,1163.529364706992,5
1789164000,2026-09-11T22:00:00.000Z,0.42596134445286976,0.4273508026390722,0.422284220014996,0.422284220014996,51.8970470000001,122.32656601899916,4
1789164120,2026-09-11T22:02:00.000Z,0.42357130941621024,0.42357130941621024,0.42357130941621024,0.42357130941621024,70.10395399993286,165.50685195499682,1
1789164180,2026-09-11T22:03:00.000Z,0.42631000347767856,0.42631000347767856,0.42631000347767856,0.42631000347767856,129.15886500000124,302.9693508160053,1
1789164240,2026-09-11T22:04:00.000Z,0.4267537809926796,0.4283316859239636,0.4267537809926796,0.4283316859239636,630.3759420000642,1475.8881293329978,8
1789164360,2026-09-11T22:06:00.000Z,0.4260141250264574,0.4260141250264574,0.42588296670295794,0.42588296670295794,8.907084999606013,20.908393471996533,2
1789164420,2026-09-11T22:07:00.000Z,0.030058237520607187,0.030058237520607187,0.030058237520607187,0.030058237520607187,0.07845199992880225,2.610000000000582,1
1789164540,2026-09-11T22:09:00.000Z,0.42527472161608104,0.42527472161608104,0.42527351604461633,0.42527351604461633,129.88883200000055,305.42355723500077,2
1789164600,2026-09-11T22:10:00.000Z,0.4253904904905083,0.42596507082031304,0.4253904904905083,0.42596507082031304,4.351284000187661,10.22859468099523,2
1789164720,2026-09-11T22:12:00.000Z,0.4257927442990133,0.42582109266295787,0.4257927442990133,0.42582109266295787,47.78920100070536,112.23423713799275,3
1789164780,2026-09-11T22:13:00.000Z,0.4277621486826064,0.4277621486826064,0.4248773914196076,0.4255869002220404,15.214206999759433,35.72277067001096,5
1789164840,2026-09-11T22:14:00.000Z,0.427392988377822,0.427392988377822,0.42524110395933956,0.42524110395933956,86.81834499999968,203.1355074880048,2
1789164900,2026-09-11T22:15:00.000Z,0.42741892991173747,0.42741892991173747,0.4265134188619553,0.4265134188619553,97.89936299964393,229.32838875000016,3
1789165080,2026-09-11T22:18:00.000Z,0.4261198540441496,0.4261198540441496,0.4261198540441496,0.4261198540441496,78.68346600001678,184.65102072400623,1
1789165140,2026-09-11T22:19:00.000Z,0.4265262300310784,0.4265262300310784,0.4265262300310784,0.4265262300310784,82.45883300015703,193.3265229529934,1
1789165200,2026-09-11T22:20:00.000Z,0.42630127789034133,0.42630127789034133,0.42630127789034133,0.42630127789034133,2.92063400009647,6.851103085005889,1
1789165260,2026-09-11T22:21:00.000Z,0.4263459401288722,0.4263459401288722,0.4263459401288722,0.4263459401288722,43.11169400019571,101.11904428400157,1
1789165320,2026-09-11T22:22:00.000Z,0.42845034861346554,0.42845034861346554,0.42845034861346554,0.42845034861346554,130.45368599999892,304.47795508200215,1
1789165380,2026-09-11T22:23:00.000Z,0.4261687686959818,0.4261687686959818,0.4261687686959818,0.4261687686959818,2.1287129996344447,4.994999999995343,1
1789165500,2026-09-11T22:25:00.000Z,0.40980618283545844,0.40980618283545844,0.40980618283545844,0.40980618283545844,2.47461199999816,6.03849357,1
1789165680,2026-09-11T22:28:00.000Z,0.40724915926429694,0.42634516105071696,0.40724915926429694,0.42634516105071696,143.21247599999754,336.3616150429981,4
1789165800,2026-09-11T22:30:00.000Z,0.42627525605131594,0.42627525605131594,0.42627525605131594,0.42627525605131594,0.3574220000009518,0.8384770050033694,1
1789165860,2026-09-11T22:31:00.000Z,0.4270009976392837,0.4270009976392837,0.4253114662229096,0.4253114662229096,44.31262900007914,103.78764032200343,2
1789165920,2026-09-11T22:32:00.000Z,0.42525973338196704,0.4252796116619766,0.424595762174936,0.4252609229935129,593.0353580002084,1396.5509424449974,4
1789165980,2026-09-11T22:33:00.000Z,0.42526118185816686,0.42526118185816686,0.42525801677436686,0.42525801677436686,23.41611499999908,55.062903121997806,2
1789166040,2026-09-11T22:34:00.000Z,0.42684874370263265,0.42684874370263265,0.42526107529574153,0.42528254322894754,153.82250999967073,360.9284374810013,4
1789166100,2026-09-11T22:35:00.000Z,0.42570761400914964,0.42570761400914964,0.42570761400914964,0.42570761400914964,19.684076000005007,46.2384870560054,1
1789166280,2026-09-11T22:38:00.000Z,0.42737422732183833,0.4273742377987476,0.42659122059642957,0.4266950914418047,129.61736100043345,303.28813205999177,4
1789166340,2026-09-11T22:39:00.000Z,0.42524760000000017,0.42524760000000017,0.42524760000000017,0.42524760000000017,2.1262380000000007,5,1
1789166400,2026-09-11T22:40:00.000Z,0.4281038712664588,0.4283901974180767,0.4273845070378125,0.4273845070378125,405.76184199973795,947.8184262980212,5
1789166460,2026-09-11T22:41:00.000Z,0.4275724769741291,0.517213799914499,0.4273181125604654,0.42734294418994323,59.517926999833435,138.54272941600357,7
1789166520,2026-09-11T22:42:00.000Z,0.4284436488809841,0.4284436488809841,0.4284436488809841,0.4284436488809841,86.74259200000051,202.45974523500627,1
1789166580,2026-09-11T22:43:00.000Z,0.42754630837705626,0.4275972227227479,0.42754630837705626,0.4275968543360196,20.851396000478417,48.76411118199758,3
1789166640,2026-09-11T22:44:00.000Z,0.42765819790924975,0.428080418318992,0.42765819790924975,0.428080418318992,5.088948000297933,11.887862755998867,2
1789166760,2026-09-11T22:46:00.000Z,0.4075299488281807,0.42684797580648615,0.4075299488281807,0.42684797580648615,32.9298689999747,77.61523558298585,4
1789166820,2026-09-11T22:47:00.000Z,0.42714753867295097,0.42722540494950506,0.42714753867295097,0.42722540494950506,3.3204600000754,7.7724672660115175,4
1789167000,2026-09-11T22:50:00.000Z,0.42648326956120175,0.42648326956120175,0.42648326956120175,0.42648326956120175,8.244976999999949,19.332474656,1
1789167060,2026-09-11T22:51:00.000Z,0.4269679317113577,0.4269679317113577,0.4269653183569037,0.4269653183569037,52.55712400050834,123.09457238999312,2
1789167120,2026-09-11T22:52:00.000Z,0.4284431915328683,0.4284431915328683,0.4284431915328683,0.4284431915328683,41.5390869999992,96.95354674999544,1
1789167180,2026-09-11T22:53:00.000Z,0.4275944948381883,0.4275944948381883,0.4275944948381883,0.4275944948381883,176.54335299972445,412.87564533900877,1
1789167240,2026-09-11T22:54:00.000Z,0.4263164125347833,0.4263164125347833,0.4263164125347833,0.4263164125347833,21.828198999999586,51.201873439997144,1
1789167300,2026-09-11T22:55:00.000Z,0.427639497735518,0.427639497735518,0.427639497735518,0.427639497735518,206.18158099986613,482.13876896699367,1
1789167360,2026-09-11T22:56:00.000Z,0.42846637469589505,0.4286836909645811,0.4276697510969449,0.4276697510969449,153.12615100052426,357.2319065619886,4
1789167420,2026-09-11T22:57:00.000Z,0.426119379248089,0.426119379248089,0.426119379248089,0.426119379248089,2.5735779999999977,6.039570424,1
1789167480,2026-09-11T22:58:00.000Z,0.428008863517107,0.6365445479329002,0.428008863517107,0.42853338074153546,27.654921000878858,59.82988104299329,12
1789167540,2026-09-11T22:59:00.000Z,0.428470065940494,0.428470065940494,0.4189778782745233,0.4189778782745233,4.457534999795826,10.638539558008183,2
1789167600,2026-09-11T23:00:00.000Z,0.4382119167958469,0.4382119167958469,0.4200948765463406,0.4301646654826721,154.23027099995974,359.13729841799704,9
1789167660,2026-09-11T23:01:00.000Z,0.42839011849899694,0.4299120966395464,0.42839011849899694,0.42926489395951883,63.38979999963112,147.51998541099056,5
1789167720,2026-09-11T23:02:00.000Z,0.4306456044183219,0.43099796912284294,0.4267454117059929,0.42954899184087103,1614.9564469995387,3751.254613110998,17
1789167780,2026-09-11T23:03:00.000Z,0.5437559299610095,0.5437559299610095,0.4301403192809426,0.4301403192809426,2110.664093000065,3887.245780560006,3
1789167840,2026-09-11T23:04:00.000Z,0.43045818209787046,0.43277203636363,0.43045818209787046,0.43277203636363,813.8451320001932,1883.5618134510078,15
1789167900,2026-09-11T23:05:00.000Z,0.4322439798323098,0.432772036710057,0.43171815512455985,0.43193575826273956,38.541666000690384,89.14882504300476,7
1789167960,2026-09-11T23:06:00.000Z,0.4307857710559838,0.432645244658703,0.43027321420387943,0.432645244658703,949.7520859997876,2207.1998619220067,3
1789168020,2026-09-11T23:07:00.000Z,0.43094506443341873,0.4322154857785147,0.42772534734166534,0.42772534734166534,70.00063599981402,162.36035262101214,3
1789168080,2026-09-11T23:08:00.000Z,0.4306032466529547,0.43274972084805685,0.4296168709435071,0.43274972084805685,371.8666060001324,860.566651807025,7
1789168140,2026-09-11T23:09:00.000Z,0.43275058974278424,0.4327648521536682,0.43060974896493853,0.43276482444985886,149.46586599925104,346.133852354993,4
1789168200,2026-09-11T23:10:00.000Z,0.43028210917137755,0.432764824539563,0.43028210917137755,0.43271563713057165,1693.564264999477,3933.7691727999845,6
1789168260,2026-09-11T23:11:00.000Z,0.4326709177692038,0.4326709177692038,0.4324455136339171,0.4324455136339171,74.26598800020292,171.7045249500079,2
1789168320,2026-09-11T23:12:00.000Z,0.4332912324667308,0.4332912324667308,0.4310792262604922,0.4331084927774914,41.12209299994174,94.98422833503355,3
1789168380,2026-09-11T23:13:00.000Z,0.4316788644606619,0.4334910617152377,0.4316788644606619,0.4317978063685272,325.0294190001664,752.6519486459965,4
1789168440,2026-09-11T23:14:00.000Z,0.4316652595849648,0.4340477201932539,0.4316652595849648,0.4340477201932539,1256.6309730000794,2896.262907347991,2
1789168500,2026-09-11T23:15:00.000Z,0.43344256003629467,0.43344256003629467,0.43107564102568285,0.43107564102568285,349.5053469999002,806.3621060869791,4
1789168560,2026-09-11T23:16:00.000Z,0.43276807133141426,0.43276807133141426,0.43276807133141426,0.43276807133141426,0.08933199999955832,0.20642003400280373,1
1789168620,2026-09-11T23:17:00.000Z,0.43353903595401727,0.4338496284374378,0.4325155658021877,0.4337467066427562,149.29921700025255,344.3358291819973,7
1789168680,2026-09-11T23:18:00.000Z,0.43380254911129223,0.4338479353719115,0.43379696689392677,0.4338479353719115,1.8889630000007855,4.354335488002107,3
1789168800,2026-09-11T23:20:00.000Z,0.4332018562280311,0.4332018562280311,0.4332018562280311,0.4332018562280311,0.015600999817252159,0.036013233999256045,1
1789168860,2026-09-11T23:21:00.000Z,0.43363453595510104,0.4336697932847281,0.43342814077201336,0.4336697932847281,7.971056000329554,18.384303097001975,3
1789168920,2026-09-11T23:22:00.000Z,2.2631120697056932,2.2631120697056932,0.43305999416483765,0.43305999416483765,7.197222999762744,3.6310313050053082,2
1789168980,2026-09-11T23:23:00.000Z,0.4325792519863283,0.43466090072870867,0.43240963804669447,0.43244297295881906,504.06389400014086,1164.5450262480006,6
1789169040,2026-09-11T23:24:00.000Z,0.4325675709642436,0.4325675709642436,0.4325675709642436,0.4325675709642436,70.82771000000139,163.737909992,1
1789169100,2026-09-11T23:25:00.000Z,0.4330942740533094,0.4330942740533094,0.4330942740533094,0.4330942740533094,0.15232999995350838,0.3517248069983907,1
1789169160,2026-09-11T23:26:00.000Z,0.4333353230471315,0.4333353230471315,0.4333246531930576,0.4333246531930576,298.8079959996976,689.570540101995,2
1789169220,2026-09-11T23:27:00.000Z,0.43384887325275323,0.43384887325275323,0.43384887325275323,0.43384887325275323,0.1369300000005751,0.31561681599851,1
1789169340,2026-09-11T23:29:00.000Z,0.432764090713128,0.43455913073783653,0.4321464161457994,0.43455913073783653,3441.0724330004145,7962.325157206002,5
1789169400,2026-09-11T23:30:00.000Z,0.43385049140179305,0.4346485952361971,0.43385049140179305,0.43459508648071055,3.9667769999991833,9.127072457004033,3
1789169460,2026-09-11T23:31:00.000Z,0.43493543592697675,0.4353602254435064,0.43261131398384745,0.43261131398384745,870.4308729994882,2009.8758705480213,5
1789169520,2026-09-11T23:32:00.000Z,0.43235808117501373,0.4351430238508273,0.43235808117501373,0.4351430238508273,344.9165940000686,793.1149702129965,3
1789169580,2026-09-11T23:33:00.000Z,0.4349533692307181,0.4349533692307181,0.4346422107174353,0.43464221073913445,264.0778149999678,607.2375580609951,5
1789169640,2026-09-11T23:34:00.000Z,0.4345943931383345,0.4345943931383345,0.43440347770108273,0.43440347770108273,83.37074899999425,191.87404657201841,5
1789169760,2026-09-11T23:36:00.000Z,0.43481799476594307,0.43481799476594307,0.43481799476594307,0.43481799476594307,4.995748000219464,11.489285310992273,1
1789169820,2026-09-11T23:37:00.000Z,0.4325988516072705,0.4342788693649512,0.4325988516072705,0.432780617569507,147.06269899982,339.67634357397765,5
1789169880,2026-09-11T23:38:00.000Z,0.4329437742768418,0.43494214923774205,0.4329437742768418,0.43297983919851724,27.611730999569318,63.56401567598914,7
1789169940,2026-09-11T23:39:00.000Z,0.43494219133876966,0.43494219133876966,0.4311934555320526,0.43493138919317365,109.74082600000008,252.68746519799853,11
1789170000,2026-09-11T23:40:00.000Z,0.4349096439497963,0.4366969978602949,0.4349096439497963,0.4365709435671211,33.70706499999869,77.39128373100175,15
1789170060,2026-09-11T23:41:00.000Z,0.4360285710888102,0.43671592406010673,0.43379978783370077,0.43379978783370077,660.3735020002587,1522.2534234720333,16
1789170180,2026-09-11T23:43:00.000Z,0.43279215064781335,0.4360622701975309,0.43279215064781335,0.43533881410166314,315.6528659996475,725.2770155840244,4
1789170240,2026-09-11T23:44:00.000Z,0.4359978835052825,0.4359978835052825,0.43456946231998234,0.4359154958806592,148.59598500023185,341.02239337801257,5
1789170300,2026-09-11T23:45:00.000Z,0.43476711321243006,0.4354233109937479,0.43476711321243006,0.4354233109937479,264.6049989997409,608.6004823269905,6
1789170360,2026-09-11T23:46:00.000Z,0.4355510986273099,0.43709152297078874,0.4355510986273099,0.43614984877019425,342.3370790001436,784.3683721189865,9
1789170420,2026-09-11T23:47:00.000Z,0.43606127229577524,0.43608722199657474,0.4349241505809713,0.4349241505809713,148.34629499920447,340.2289786040053,4
1789170480,2026-09-11T23:48:00.000Z,0.43591086107127874,0.43591086107127874,0.4315017247301528,0.4315017247301528,10.493059000099093,24.303864176993656,2
1789170600,2026-09-11T23:50:00.000Z,0.4357588199112844,0.4357588199112844,0.4357588199112844,0.4357588199112844,80.06895900005475,183.746043318999,1
1789170660,2026-09-11T23:51:00.000Z,0.43601447919717856,27.196240877212222,0.43601447919717856,27.196240877212222,20.056199999991804,1.4708053409995046,2
1789170720,2026-09-11T23:52:00.000Z,0.43633295549228746,0.43652450195999465,0.42564775993332366,0.434925562917377,7.454231000556774,17.31858072899291,6
1789170780,2026-09-11T23:53:00.000Z,0.43654668004018987,0.43654668004018987,0.43492546829585504,0.43492546829585504,103.54641499971149,237.19939847400383,2
1789170840,2026-09-11T23:54:00.000Z,0.436649873620812,0.4376157999504015,0.4147519328424101,0.4147519328424101,268.39048999992133,613.6531816069996,5
1789170900,2026-09-11T23:55:00.000Z,0.43703513646522024,0.43820715375883806,0.4359333139841333,0.4359333139841333,3339.424171999284,7660.285016600999,14
1789170960,2026-09-11T23:56:00.000Z,0.4385238083553294,0.4386535779815548,0.4370647888534657,0.4386296187575064,1071.4852680001973,2444.185549301983,15
1789171020,2026-09-11T23:57:00.000Z,0.43860156008135986,0.43872386885036796,0.4376685121593204,0.43781242349820076,19.386186999660367,44.26386714000182,7
1789171080,2026-09-11T23:58:00.000Z,0.4388194920616806,0.438997821743344,0.4388127670130628,0.43884259857023455,47.07598399989365,107.26739417400131,9
1789171140,2026-09-11T23:59:00.000Z,0.4391197787248194,0.4391197787248194,0.4391197787248194,0.4391197787248194,7.639279999770224,17.396802353003295,1
1789171200,2026-09-12T00:00:00.000Z,0.43962366057333707,0.43962366057333707,0.43878335114908656,0.43878335114908656,29.995604999829084,68.3071920169936,3
1789171320,2026-09-12T00:02:00.000Z,0.42618875459490774,0.4395150942604768,0.42618875459490774,0.4381172740881518,129.3526309996294,294.7301067740008,6
1789171380,2026-09-12T00:03:00.000Z,0.437921095174873,0.4620983182844582,0.42485075214775886,0.43910127980074487,900.8958060006925,2048.102732924998,12
1789171440,2026-09-12T00:04:00.000Z,0.4400677338544083,0.4402204529119424,0.43476146474674354,0.43476146474674354,277.3082769999926,630.3027724120145,5
1789171500,2026-09-12T00:05:00.000Z,0.4395330621984041,0.44039799621924597,0.43933444271462957,0.4400015047458835,116.83373599991683,265.68925372995,24
1789171560,2026-09-12T00:06:00.000Z,0.440166720887552,0.44036493937456384,0.4382170966211487,0.4401791441757355,34.57979200111549,78.57137689799856,21
1789171620,2026-09-12T00:07:00.000Z,0.44017476515616505,0.44037439560578556,0.44017476515616505,0.44030614328325235,1.3194419997744262,2.9973087730177213,3
1789171680,2026-09-12T00:08:00.000Z,0.44039545269204394,0.4410545379459727,0.4326183366858567,0.43738998268523543,611.5211900003753,1388.2812732500047,7
1789171740,2026-09-12T00:09:00.000Z,0.440752877320077,0.440752877320077,0.4355752260926715,0.4382178561032273,489.5620850003759,1113.8698480479845,6
1789171800,2026-09-12T00:10:00.000Z,0.43789040254260064,0.4391645630280494,0.43789040254260064,0.4388538469250737,100.70809200014446,229.32001540099918,10
1789171860,2026-09-12T00:11:00.000Z,0.43996030956462157,0.43996030956462157,0.43683254216139505,0.43884252582506866,25938.5280429998,59378.33630551802,4
1789171920,2026-09-12T00:12:00.000Z,0.43875287999900114,0.4397908812494009,0.43875287999900114,0.4397908812494009,303.1308440002613,689.7941484319745,2
1789171980,2026-09-12T00:13:00.000Z,0.43967185109317153,0.43967185109317153,0.43613156529815506,0.43613156529815506,91.42673099922612,208.97245320002114,9
1789172040,2026-09-12T00:14:00.000Z,0.4361299888333793,0.43844998261180057,0.4361299888333793,0.438113476931809,181.99820400000073,416.1086345179875,5
1789172100,2026-09-12T00:15:00.000Z,0.43408926757782257,0.43408926757782257,0.43408926757782257,0.43408926757782257,14.692753999999994,33.847309983,1
1789172160,2026-09-12T00:16:00.000Z,0.4234110674681357,0.4234110674681357,0.4234110674681357,0.4234110674681357,3.208139000000074,7.576889804,1
1789172220,2026-09-12T00:17:00.000Z,0.4219085773518925,0.7999761500499178,0.4218678980413897,0.4373069130145178,787.780263999982,1286.1458993289918,5
1789172280,2026-09-12T00:18:00.000Z,0.3769667741824529,0.43929707373270555,0.3769667741824529,0.43929707373270555,459.5650999999985,1051.450837352997,7
1789172340,2026-09-12T00:19:00.000Z,0.3513471521904959,0.4401447067130027,0.3513471521904959,0.4399226165003949,1503.3098249999418,3422.4044364090146,13
1789172400,2026-09-12T00:20:00.000Z,0.438194683471056,0.438194683471056,0.438194683471056,0.438194683471056,0.2835250000007363,0.6470297579944599,1
1789172460,2026-09-12T00:21:00.000Z,0.4397903113835095,0.4397903113835095,0.4397903113835095,0.4397903113835095,20.000000000000007,45.47621783,1
1789172520,2026-09-12T00:22:00.000Z,0.438480956178376,0.438480956178376,0.438480956178376,0.438480956178376,238.08785500004888,542.9833420249925,1
1789172580,2026-09-12T00:23:00.000Z,0.4388107445885784,0.4388107445885784,0.4388107445885784,0.4388107445885784,58.006478999741375,132.19019751698943,1
1789172640,2026-09-12T00:24:00.000Z,0.4387933038709659,0.4387933038709659,0.4387933038709659,0.4387933038709659,3.126766999717802,7.125831165001728,1
1789172700,2026-09-12T00:25:00.000Z,0.44039735183324175,0.4404014364474845,0.44039735183324175,0.4404014364474845,0.23068199999943317,0.5238038039969979,2
1789172760,2026-09-12T00:26:00.000Z,0.4373761939051407,0.43860964848886186,0.4373761939051407,0.43860964848886186,2.3398529998638935,5.336774663999648,2
1789172820,2026-09-12T00:27:00.000Z,0.4402440216730666,0.4402440216730666,0.4395112875722515,0.4395112875722515,508.57470400002785,1156.5053734579997,3
1789172940,2026-09-12T00:29:00.000Z,0.43819571045293143,0.43819571045293143,0.43819571045293143,0.43819571045293143,0.9210739999998623,2.1019694580027135,1
1789173000,2026-09-12T00:30:00.000Z,0.43984058229421774,0.4399612170204985,0.42336143764337303,0.42336143764337303,824.2180769996709,1877.2538298039806,6
1789173060,2026-09-12T00:31:00.000Z,0.4384023884879792,0.440759979921454,0.4384023884879792,0.440759979921454,2446.3470639999996,5554.240339626029,3
1789173120,2026-09-12T00:32:00.000Z,0.4378801688023078,0.44347978323230297,0.4378801688023078,0.44347978323230297,300.8162180001811,686.5503812499958,2
1789173180,2026-09-12T00:33:00.000Z,0.4392372614394424,0.43925741579842015,0.4392372614394424,0.43925741579842015,204.72169699985534,466.0657263089961,3
1789173240,2026-09-12T00:34:00.000Z,0.4380792412515327,0.4380792412515327,0.4380792412515327,0.4380792412515327,27.891954999882728,63.66874385601841,1
1789173360,2026-09-12T00:36:00.000Z,0.43819600045296037,0.43829499438212277,0.43770347475690596,0.43829499438212277,110.32515199960105,251.9868068329885,3
1789173480,2026-09-12T00:38:00.000Z,0.43979130546089173,0.43979130546089173,0.4247983188804491,0.4247983188804491,4.3166490000351665,10.075140324984865,2
1789173600,2026-09-12T00:40:00.000Z,0.439965112265354,0.439965112265354,0.439965111090074,0.439965111090074,0.08158600004389882,0.18543743100599386,2
1789173840,2026-09-12T00:44:00.000Z,0.4394530515679219,0.4394530515679219,0.4374696647211924,0.4374696647211924,755.5068290001259,1719.2413746610164,2
1789173900,2026-09-12T00:45:00.000Z,0.43709930579954,0.4381362821385849,0.43709930579954,0.4381362821385849,154.11602200011475,352.38643866700295,4
1789173960,2026-09-12T00:46:00.000Z,0.43795725409241176,0.4388134597973857,0.4360681057244967,0.4388134597973857,628.3235309990123,1439.3931074599968,7
1789174020,2026-09-12T00:47:00.000Z,0.43782306459896464,0.43782306459896464,0.43773395360028206,0.43773395360028206,115.38016899954528,263.53909311199095,2
1789174080,2026-09-12T00:48:00.000Z,0.43660853238101094,0.43671932623715365,0.43660853238101094,0.43671932623715365,93.12364099996921,213.28800230498746,2
1789174140,2026-09-12T00:49:00.000Z,0.4383177425533598,0.4383177425533598,0.4383177425533598,0.4383177425533598,19.11003899993375,43.598597876989515,1
1789174200,2026-09-12T00:50:00.000Z,0.4381112481123648,0.4381112481123648,0.4381112481123648,0.4381112481123648,0.01638000039383769,0.037387765012681484,1
1789174260,2026-09-12T00:51:00.000Z,0.4367432817112565,0.4367432817112565,0.4367432817112565,0.4367432817112565,0.04700100000081875,0.10761699599970598,1
1789174320,2026-09-12T00:52:00.000Z,0.4360039889854634,0.4376805788722377,0.4360039889854634,0.4360108582146039,32.68371100037348,74.91782062000857,4
1789174380,2026-09-12T00:53:00.000Z,0.4368474586412188,0.44190067434812264,0.4360680236948144,0.44190067434812264,74.8900949999945,171.2824235320021,3
1789174500,2026-09-12T00:55:00.000Z,0.43782158416973804,0.43782158416973804,0.4378215828192198,0.4378215828192198,0.11775600025430322,0.2689588740176987,2
1789174560,2026-09-12T00:56:00.000Z,0.43782228615046437,0.43782228615046437,0.4361024337404941,0.4361024337404941,248.6883259997703,570.1698697909887,2
1789174680,2026-09-12T00:58:00.000Z,0.4365855691040051,0.44195872247440826,0.4365855691040051,0.44195872247440826,25.835493999999954,58.61922844100062,2
1789174740,2026-09-12T00:59:00.000Z,0.43649244734293813,0.43649244734293813,0.43649244734293813,0.43649244734293813,87.03659400017932,199.39999999999418,1
1789174800,2026-09-12T01:00:00.000Z,0.4359148529131221,0.4383296495968967,0.4359148529131221,0.4383296495968967,750.0526849998738,1720.0520074980197,2
1789174860,2026-09-12T01:01:00.000Z,0.43791161146620106,0.43791161146620106,0.43791161146620106,0.43791161146620106,97.831482,223.404631068,1
1789174980,2026-09-12T01:03:00.000Z,0.43820151647719274,0.43820151647719274,0.43820151647719274,0.43820151647719274,7.769430000000284,17.730267257997184,1
1789175040,2026-09-12T01:04:00.000Z,0.43642044685767534,0.43843839090533215,0.43642044685767534,0.43843839090533215,14.712209000055736,33.55606067901499,2
1789175160,2026-09-12T01:06:00.000Z,0.43649972127677905,0.43649972127677905,0.43649972127677905,0.43649972127677905,11.53720899997279,26.431194426026195,1
1789175280,2026-09-12T01:08:00.000Z,0.4476608861176869,0.4476608861176869,0.4476608861176869,0.4476608861176869,0.013312000000000001,0.029736795,1
1789175340,2026-09-12T01:09:00.000Z,0.4346803345821229,0.4346803345821229,0.4346803345821229,0.4346803345821229,0.012926,0.029736795,1
1789175400,2026-09-12T01:10:00.000Z,0.44191826166873954,0.44191826166873954,0.44191826166873954,0.44191826166873954,0.012926,0.029249753,1
1789175460,2026-09-12T01:11:00.000Z,0.43919200860894214,0.439343540590331,0.43919200860894214,0.439343540590331,0.11036199999944074,0.25127603400324006,2
1789175520,2026-09-12T01:12:00.000Z,0.43381606110126586,0.43381606110126586,0.43381606110126586,0.43381606110126586,0.01269,0.029252029,1
1789175580,2026-09-12T01:13:00.000Z,0.43688471960358716,0.43688471960358716,0.43688471960358716,0.43688471960358716,429.46953199990094,983.0271298789885,1
1789175640,2026-09-12T01:14:00.000Z,0.4365062302750952,0.4365062302750952,0.4365062302750952,0.4365062302750952,0.01269,0.02907175,1
1789175700,2026-09-12T01:15:00.000Z,0.429110734647897,0.429110734647897,0.429110734647897,0.429110734647897,0.012475,0.02907175,1
1789175760,2026-09-12T01:16:00.000Z,0.4392980295339252,0.7462919379094965,0.43821190092163753,0.43821190092163753,1136.3864930001037,2523.734950150989,4
1789175820,2026-09-12T01:17:00.000Z,0.4431171690745281,0.4431171690745281,0.3285741527139576,0.4282329223339295,0.8084779999005309,2.3770360590215187,4
1789175880,2026-09-12T01:18:00.000Z,0.43875548802821007,0.43875548802821007,0.41975035740163225,0.41975035740163225,28.824163000145912,65.92261348100335,4
1789175940,2026-09-12T01:19:00.000Z,0.440307949744815,0.4403451481970482,0.4375543881912909,0.4375543881912909,296.75459099956595,673.9742945890155,5
1789176000,2026-09-12T01:20:00.000Z,0.4382167077567224,0.43973235344022976,0.4380563634532601,0.4380563634532601,28.616793999680333,65.11567018498792,3
1789176060,2026-09-12T01:21:00.000Z,0.4350012088605518,0.4384284743650875,0.39946996842657084,0.4384284743650875,2.943977999999987,7.364786823000001,3
1789176120,2026-09-12T01:22:00.000Z,0.43443688589649004,0.6828413854963946,0.43443688589649004,0.4389942437513618,165.378006999967,242.2098202559999,3
1789176180,2026-09-12T01:23:00.000Z,0.4344229876254944,0.4418944545508681,0.4344229876254944,0.43767221186101,129.5222150000309,296.05622583001696,4
1789176240,2026-09-12T01:24:00.000Z,0.4338450905365893,0.4394553560389477,0.41719058773537054,0.4394553560389477,6.516910000147521,15.081082288005344,4
1789176300,2026-09-12T01:25:00.000Z,0.43446138009584273,0.4409545364061684,0.43446138009584273,0.43895637609467286,12.588966999912888,28.679458006989027,12
1789176360,2026-09-12T01:26:00.000Z,0.434406104424189,0.44101943234481306,0.434406104424189,0.44101943234481306,20.02334600005841,45.63848085400226,3
1789176420,2026-09-12T01:27:00.000Z,0.43679721726297616,0.43815203719295914,0.4341673779071982,0.4381151412506473,861.9844360004525,1973.6051375169936,6
1789176480,2026-09-12T01:28:00.000Z,0.4379605225999326,0.4379853180032805,0.4379605225999326,0.4379853180032805,133.8023319998756,305.49541777401464,2
1789176540,2026-09-12T01:29:00.000Z,0.43642895267548326,0.4373844502290695,0.4360280604050878,0.4373844502290695,91.48116799991112,209.79720521199488,3
1789176600,2026-09-12T01:30:00.000Z,28.38163453104074,28.38163453104074,0.4360332779442089,0.4369371171500323,200.5691179994551,88.8112023749818,9
1789176660,2026-09-12T01:31:00.000Z,0.4368769243844684,0.4368769243844684,0.43671613264506154,0.43671613264506154,4.351788999978453,9.96143587701954,2
1789176720,2026-09-12T01:32:00.000Z,0.43704530273047243,0.43704530273047243,0.43704530273047243,0.43704530273047243,9.800026999786496,22.42336649898789,1
1789176780,2026-09-12T01:33:00.000Z,0.43742369687098653,0.44037951612908904,0.43742369687098653,0.44037951612908904,351.7803179999441,803.8429143620014,3
1789177020,2026-09-12T01:37:00.000Z,0.4366746820339356,0.4367305053593282,0.4366520206669631,0.4366520206669631,79.96423099981621,183.12162060799892,4
1789177080,2026-09-12T01:38:00.000Z,0.4364445324276463,0.4364445324276463,0.4362390806203615,0.4362390806203615,32.84614300029352,75.26348773899372,7
1789177140,2026-09-12T01:39:00.000Z,0.43668426958597695,0.43668426958597695,0.43600935477414027,0.43600935477414027,287.5767920002363,658.5466260360117,2
1789177200,2026-09-12T01:40:00.000Z,0.43804272355142987,0.43821415805086866,0.43804272355142987,0.43821415805086866,0.4830040001488669,1.1022495799916214,2
1789177260,2026-09-12T01:41:00.000Z,0.4360991497957811,0.43634743261464404,0.4306221465521292,0.4306221465521292,17.043916999950646,39.29618961498109,3
1789177380,2026-09-12T01:43:00.000Z,0.4381823793881796,0.4381823793881796,0.43733482245576066,0.43755742270929593,126.42447300070125,288.5490212459845,6
1789177440,2026-09-12T01:44:00.000Z,0.43774582423519043,0.6922520681557902,0.43774582423519043,0.6922520681557902,1288.2577729998156,1861.143677441025,2
1789177560,2026-09-12T01:46:00.000Z,0.4365145444828173,0.4365145444828173,0.4365145444828173,0.4365145444828173,16.22974399989471,37.18030522699701,1
1789177740,2026-09-12T01:49:00.000Z,0.4382024308379982,0.4382024308379982,0.4382024308379982,0.4382024308379982,0.021182000000408152,0.04833838999911677,1
1789177800,2026-09-12T01:50:00.000Z,0.4372174869453381,0.4372174869453381,0.4372174869453381,0.4372174869453381,3.055248999968171,6.987938706006389,1
1789177920,2026-09-12T01:52:00.000Z,0.43930037269501043,0.43930037269501043,0.4383301879000874,0.4383301879000874,410.2402539998184,935.3156695879807,2
1789177980,2026-09-12T01:53:00.000Z,0.43794047179823664,0.43794047179823664,0.43794047179823664,0.43794047179823664,0.5968530001118779,1.3628633080224972,1
1789178040,2026-09-12T01:54:00.000Z,0.42833553077655695,0.4385079313728703,0.42833553077655695,0.4384894331470198,19.126292000248213,43.85963191798997,4
1789178100,2026-09-12T01:55:00.000Z,0.4384184702933285,0.4384184702933285,0.4382985267889665,0.4382985267889665,120.40860800025985,274.68975187299657,2
1789178280,2026-09-12T01:58:00.000Z,0.43934025979529795,0.43934025979529795,0.43934025979529795,0.43934025979529795,659.3730000001378,1500.8253518750134,1
1789178340,2026-09-12T01:59:00.000Z,0.43909405509745625,0.43910122644434146,0.43676601526144904,0.43676601526144904,510.467090000182,1164.6101060470028,3
1789178400,2026-09-12T02:00:00.000Z,0.43759376803231187,0.4389217638472887,0.43759376803231187,0.4389217638472887,99.30730499975331,226.46093154299408,4
1789178460,2026-09-12T02:01:00.000Z,0.4389686078206168,0.4389686078206168,0.4389686078206168,0.4389686078206168,1.161538999993354,2.6460639309952967,1
1789178640,2026-09-12T02:04:00.000Z,0.4359846724570132,0.4359846724570132,0.4359846724570132,0.4359846724570132,26.319063999999344,60.366947883,1
1789178700,2026-09-12T02:05:00.000Z,0.4360209126606715,0.43690578641503125,0.4360208916072072,0.43690578641503125,178.78904400016836,409.77089763701224,3
1789178760,2026-09-12T02:06:00.000Z,0.43678751020541356,0.43678751020541356,0.43678751020541356,0.43678751020541356,147.341794999782,337.3306048300001,1
1789178820,2026-09-12T02:07:00.000Z,0.4366885350280814,0.4366918575233797,0.4366885350280814,0.4366918575233797,174.2000680002384,398.90886767199845,2
1789178880,2026-09-12T02:08:00.000Z,0.436756556650858,0.436756556650858,0.436756556650858,0.436756556650858,0.9259200002998114,2.119991070998367,1
1789178940,2026-09-12T02:09:00.000Z,0.6556694868349743,0.6556694868349743,0.6556694868349743,0.6556694868349743,199,303.50657457098714,1
1789179000,2026-09-12T02:10:00.000Z,0.43590630915934064,0.4366144508142894,0.43590630915934064,0.4366144508142894,79.67969600011838,182.50249077101762,2
1789179060,2026-09-12T02:11:00.000Z,0.437074148362111,0.437074148362111,0.43646091283925365,0.43646091283925365,158.43093599984422,362.98463639599504,2
1789179120,2026-09-12T02:12:00.000Z,0.4364014815018935,0.4364014815018935,0.4364014815018935,0.4364014815018935,6.260950999800116,14.346768435003469,1
1789179180,2026-09-12T02:13:00.000Z,0.4359528975964889,0.4359528975964889,0.4359528975964889,0.4359528975964889,99.0500000002794,227.20344456101884,1
1789179240,2026-09-12T02:14:00.000Z,0.4359840376110836,3.6751557281058314,0.4338285014394751,0.43478844166264363,782.1425710007679,1787.7679487719683,26
1789179300,2026-09-12T02:15:00.000Z,0.4348344919929045,0.4348344919929045,0.3381479154122714,0.3381479154122714,2.7735490002669394,6.760842635994777,3
1789179360,2026-09-12T02:16:00.000Z,0.4349211991829827,0.4349211991829827,0.4348113997437871,0.4348113997437871,6.991020000074059,16.07442396899569,3
1789179420,2026-09-12T02:17:00.000Z,0.4339089892783575,0.4339089892783575,0.4339089892783575,0.4339089892783575,21.387116999999762,49.28940752199924,1
1789179480,2026-09-12T02:18:00.000Z,0.4348407236479809,0.4348407236479809,0.43307954452029696,0.43307954452029696,499.5674000000581,1153.5140330170107,2
1789179540,2026-09-12T02:19:00.000Z,0.43460267810513675,0.43460267810513675,0.43447196005152594,0.43447196005152594,8.193141999654472,18.855525825027144,11
1789179600,2026-09-12T02:20:00.000Z,0.4345155835136963,0.4345155835136963,0.3338143194066704,0.43449541544297227,3.614297000425438,8.963185256997669,12
1789179660,2026-09-12T02:21:00.000Z,0.4345754127926213,0.4345754127926213,0.43410668710837774,0.43410668710837774,4.119826999958605,9.486439886997687,9
1789179720,2026-09-12T02:22:00.000Z,0.6320617222012396,0.6320617222012396,0.4344908502614837,0.4344908502614837,7.67016900004819,12.85943693103036,2
1789179840,2026-09-12T02:24:00.000Z,0.4337083994819807,0.4337083994819807,0.4337083994819807,0.4337083994819807,2.600997000001371,5.997110046999296,1
1789179900,2026-09-12T02:25:00.000Z,0.4360186784550878,0.4371283606286368,0.4358209870640549,0.4369416775326086,515.9878780000199,1183.6719093069914,6
1789179960,2026-09-12T02:26:00.000Z,0.4359669218090859,0.43708787812982297,0.4359669218090859,0.4363183141913817,127.91853199879552,292.7085874430268,8
1789180020,2026-09-12T02:27:00.000Z,0.43609943819791425,0.43609943819791425,0.43355647133039193,0.43355647133039193,22.12059199981445,51.020841442994325,2
1789180080,2026-09-12T02:28:00.000Z,0.43623459855057933,0.43648868565657023,0.43581319865093104,0.43581319865093104,4.62821300001815,10.61078687000554,10
1789180140,2026-09-12T02:29:00.000Z,0.435832780324312,0.435832780324312,0.435832780324312,0.435832780324312,810.255968,1859.098270206,1
1789180200,2026-09-12T02:30:00.000Z,0.43543232804840964,0.43543232804840964,0.4353943193464805,0.4353943193464805,3.001363000000083,6.893135411,2
1789180260,2026-09-12T02:31:00.000Z,0.43713156618050253,0.4380790937741602,0.4364700146901658,0.43710886936134924,295.7576940008894,676.6245506289924,10
1789180320,2026-09-12T02:32:00.000Z,0.43830498884526053,0.43830498884526053,0.43606709413254674,0.43729673029476257,2550.9971180002017,5833.969214891997,9
1789180380,2026-09-12T02:33:00.000Z,0.43723254811774953,0.43723254811774953,0.43723254811774953,0.43723254811774953,1.7345400000922382,3.9670880119956564,1
1789180440,2026-09-12T02:34:00.000Z,0.4374582003788687,0.4374582003788687,0.43601289022293727,0.43601289022293727,4.72684600010507,10.826858259009896,2
1789180560,2026-09-12T02:36:00.000Z,0.43611398116394556,0.43611398116394556,0.43611398116394556,0.43611398116394556,13.405356999952346,30.738195927988272,1
1789180680,2026-09-12T02:38:00.000Z,0.4361307340279537,0.43804530954746573,0.4361140206027081,0.4361140206027081,189.24203800037503,432.024389887054,3
1789180740,2026-09-12T02:39:00.000Z,0.4229816531826754,0.4229816531826754,0.4229816531826754,0.4229816531826754,3.203783999999999,7.574285967,1
1789181100,2026-09-12T02:45:00.000Z,0.4360350249907695,0.4360350249907695,0.4360350107807018,0.4360350107807018,116.4174750000002,266.99111141299363,2
1789181220,2026-09-12T02:47:00.000Z,0.06272410925643698,0.06272410925643698,0.06272410925643698,0.06272410925643698,0.04685499999999987,0.747001441,1
1789181340,2026-09-12T02:49:00.000Z,0.4373731531730004,0.4373731531730004,0.4373731531730004,0.4373731531730004,38.22859199997038,87.40498067298904,1
1789181400,2026-09-12T02:50:00.000Z,0.43721141414372305,0.43721141414372305,0.43721141414372305,0.43721141414372305,190.95212700031698,436.7500957729935,1
1789181580,2026-09-12T02:53:00.000Z,0.43574668296379143,0.43574668296379143,0.43574668296379143,0.43574668296379143,218.50035399990156,501.4389381319925,1
1789181700,2026-09-12T02:55:00.000Z,0.4376939217757448,0.4376939348783928,0.4376939217757448,0.4376939348783928,0.545225000474602,1.245676424994599,2
1789181880,2026-09-12T02:58:00.000Z,0.4358954117967456,0.4358954117967456,0.4358954117967456,0.4358954117967456,64.56044099992141,148.10993475202122,1
1789182000,2026-09-12T03:00:00.000Z,0.43562862439423516,0.43562862439423516,0.43562862439423516,0.43562862439423516,272.3149799999999,625.108096096,1
1789182060,2026-09-12T03:01:00.000Z,0.4348891505601119,0.4353446664551392,0.38562486648683303,0.38562486648683303,44.953092000047036,103.99765624298206,4
1789182120,2026-09-12T03:02:00.000Z,0.43494364997446283,0.43494364997446283,0.43494364997446283,0.43494364997446283,119.00281499999983,273.6051325430017,1
1789182180,2026-09-12T03:03:00.000Z,0.4339690135436513,0.434880808482331,0.4331344471292538,0.43427001882791777,461.8676960000008,1065.3373100000001,9
1789182240,2026-09-12T03:04:00.000Z,0.4342297027669672,0.4357187989622917,0.43336325676777515,0.43422523183945905,254.66350099995952,586.5578192310027,8
1789182300,2026-09-12T03:05:00.000Z,0.4348437512908272,0.43488692590561906,0.43468517206559604,0.43468517206559604,19.69198699999997,45.2896,3
1789182360,2026-09-12T03:06:00.000Z,0.4371097500201642,0.4371097500201642,0.43601974503156804,0.4360630683294221,280.80014399971515,643.6507582449776,5
1789182420,2026-09-12T03:07:00.000Z,0.4336861988294663,0.43568097130916517,0.4336861988294663,0.43430017141350175,109.38448400009726,251.4707362989769,6
1789182480,2026-09-12T03:08:00.000Z,0.4341705913134502,0.43692290881568646,0.4329645480092675,0.43492548932437897,60.88026200041031,139.962076710026,9
1789182540,2026-09-12T03:09:00.000Z,0.43697348513742146,0.43697348513742146,0.4354254599078658,0.4354254599078658,119.295243000146,273.0038720900193,2
1789182600,2026-09-12T03:10:00.000Z,0.43710881454670025,0.43714138453846485,0.4354219287930432,0.43714138453846485,724.9084840001251,1664.6674032660012,7
1789182660,2026-09-12T03:11:00.000Z,0.4156142087892803,0.4156142087892803,0.4156142087892803,0.4156142087892803,2.0313760000000003,4.887648105,1
1789182720,2026-09-12T03:12:00.000Z,0.4373762983223491,0.4373762983223491,0.4373762983223491,0.4373762983223491,74.56971499999963,170.49326926499634,1
1789182780,2026-09-12T03:13:00.000Z,0.4371497234864941,0.4371497234864941,0.4371497234864941,0.4371497234864941,9.800028000026941,22.418012579000788,1
1789182840,2026-09-12T03:14:00.000Z,0.43470418666630495,0.43603485234415534,0.43470418666630495,0.43603485234415534,18.16037000000098,41.69238505699861,3
1789182960,2026-09-12T03:16:00.000Z,0.43552550343425833,0.43552550343425833,0.43552550343425833,0.43552550343425833,17.13207900011912,39.33656896100729,1
1789183140,2026-09-12T03:19:00.000Z,0.43460796361374393,0.43460796361374393,0.43460796361374393,0.43460796361374393,6.960176999999931,16.01484,1
1789183200,2026-09-12T03:20:00.000Z,0.43427765881513086,0.434338481043325,0.43427765881513086,0.434338481043325,2.293956000000019,5.28169,2
1789183260,2026-09-12T03:21:00.000Z,0.43361983216620353,0.43477404187932767,0.43361983216620353,0.43477404187932767,269.7735109995948,620.5537271590099,2
1789183320,2026-09-12T03:22:00.000Z,0.4321276054976556,0.4321276054976556,0.4321276054976556,0.4321276054976556,31.113878999999997,72.0016,1
1789183440,2026-09-12T03:24:00.000Z,0.43189618630027465,0.43894688155192574,0.4315612861064262,0.4315612861064262,0.11879,0.273632336,3
1789183500,2026-09-12T03:25:00.000Z,0.4378012714352786,0.43837050415650486,0.4317405674903372,0.4317405674903372,29.908832000111104,68.6766364850061,9
1789183560,2026-09-12T03:26:00.000Z,0.43886112364949664,0.43886112364949664,0.4310832536168971,0.4383017067803863,0.3410839999720454,0.7829963830004816,6
1789183620,2026-09-12T03:27:00.000Z,0.431235006272736,0.4392847979210093,0.431235006272736,0.4392847979210093,4.680953999999901,10.80248633299947,6
1789183680,2026-09-12T03:28:00.000Z,0.4320135382993334,0.4402687394685606,0.430998513920675,0.4402687394685606,5.043536,11.637942404000002,7
1789183740,2026-09-12T03:29:00.000Z,0.4336902172271079,0.4336902172271079,0.4336902172271079,0.4336902172271079,1.1483770000000035,2.64792,1
1789183800,2026-09-12T03:30:00.000Z,0.43148538783225976,0.4393887800893654,0.43148538783225976,0.4336462330369638,63.70398300000025,146.879708258,7
1789183860,2026-09-12T03:31:00.000Z,0.43245295189777694,0.4353842416155552,0.4318328954149879,0.4318328954149879,6.611250999999963,15.24749356,4
1789183920,2026-09-12T03:32:00.000Z,0.4342144021446864,0.43819084576697526,0.43313480104000807,0.43631536109497054,26.066721000000094,60.15596992900001,5
1789183980,2026-09-12T03:33:00.000Z,0.4328552759275244,0.4376231854183684,0.4318753660888972,0.43452582309911264,0.5471789999999978,1.259547859,6
1789184040,2026-09-12T03:34:00.000Z,0.43958311054497895,0.43958311054497895,0.4318401846326494,0.4343917445555981,1.5084010000002204,3.4715103429998386,4
1789184100,2026-09-12T03:35:00.000Z,0.4316231799592585,0.4386004046346662,0.43149234282542004,0.43149234282542004,196.77622600015656,451.3811794570111,6
1789184160,2026-09-12T03:36:00.000Z,0.4359846799504133,0.4380732917292101,0.43099584159259613,0.43803403766004967,162.37004499979517,372.67765354199537,8
1789184220,2026-09-12T03:37:00.000Z,0.43168617258500336,0.43921038126892753,0.43044720902813294,0.43491710333814554,24.361309999811112,56.03638711898781,8
1789184280,2026-09-12T03:38:00.000Z,0.4401574787487892,0.4401574787487892,0.43157146579484934,0.4317515972160314,0.13107799961909652,0.3010205119882429,5
1789184340,2026-09-12T03:39:00.000Z,0.4376636984684387,0.4376636984684387,0.43169501296316404,0.43562922268650595,4.272832999601394,9.808671819998219,3
1789184400,2026-09-12T03:40:00.000Z,0.43583289483912385,0.4382732217269009,0.43158069011914285,0.43565365612093504,33.57681199993041,77.00354828599336,11
1789184460,2026-09-12T03:41:00.000Z,0.4356679482849751,0.4391971600711145,0.4317093253956581,0.43875818984333953,13.208271999722868,30.322327059003783,18
1789184520,2026-09-12T03:42:00.000Z,0.43143800364896784,0.43981322439466314,0.43130211007226005,0.43981322439466314,0.09448000000000001,0.217103297,4
1789184580,2026-09-12T03:43:00.000Z,0.431628557279717,0.43711346336652496,0.4312771726148387,0.4312771726148387,0.068672,0.158474146,3
1789184640,2026-09-12T03:44:00.000Z,0.4385358878393531,0.43901277051526055,0.43003212663410506,0.43901277051526055,29.316400999948385,67.59186437402205,12
1789184700,2026-09-12T03:45:00.000Z,0.43163115785617306,0.4388907202814474,0.43154408147690904,0.43184026694359284,0.104864,0.241424902,5
1789184760,2026-09-12T03:46:00.000Z,0.4374351937528643,0.4374351937528643,0.4314411838093119,0.43522182826208466,221.4073989998965,509.24299310701963,5
1789184820,2026-09-12T03:47:00.000Z,0.4282668744823087,0.4282668744823087,0.4282668744823087,0.4282668744823087,7.685910000000149,17.946543284,1
1789184880,2026-09-12T03:48:00.000Z,0.433814333333333,0.43540440445004047,0.4321125526258187,0.4329939999999993,6.316200999994372,14.573958580999385,6
1789184940,2026-09-12T03:49:00.000Z,0.43079302278197873,0.4358891499596809,0.43079302278197873,0.43329545256883845,211.6598920001649,485.9757971919989,3
1789185000,2026-09-12T03:50:00.000Z,0.435664143879564,0.435664143879564,0.43275237463072014,0.43275237463072014,1.8699310002103289,4.32073468999559,2
1789185060,2026-09-12T03:51:00.000Z,0.4328142882179073,0.4328142882179073,0.4328142882179073,0.4328142882179073,39.119174999999814,90.38328,1
1789185120,2026-09-12T03:52:00.000Z,0.43270699957746567,0.4342032185136276,0.43253964086098984,0.4342032185136276,43.387761999730174,100.13182844598158,3
1789185180,2026-09-12T03:53:00.000Z,0.4342662132134368,0.4342662132134368,0.4342662132134368,0.4342662132134368,26.97953899996355,62.126728211995214,1
1789185240,2026-09-12T03:54:00.000Z,0.43430770394036367,0.43601871339187426,0.43422174845001466,0.43592997829728786,116.29030800009605,267.03446410401375,7
1789185300,2026-09-12T03:55:00.000Z,0.43601871095602485,0.43601871095602485,0.43601871095602485,0.43601871095602485,13.31394900000123,30.535269853004138,1
1789185360,2026-09-12T03:56:00.000Z,0.4360192052686334,0.4360192052686334,0.4360192052686334,0.4360192052686334,0.1935059999996156,0.4438015519990586,1
1789185420,2026-09-12T03:57:00.000Z,0.4361371535005872,0.4361371535005872,0.4361371535005872,0.4361371535005872,76.34237100044265,175.04211780100013,1
1789185540,2026-09-12T03:59:00.000Z,0.432649648091798,0.4359006820299412,0.432649648091798,0.4359006820299412,34.318920000116826,78.88517348901277,2
1789185600,2026-09-12T04:00:00.000Z,0.4322750935651746,0.4322750935651746,0.4322750935651746,0.4322750935651746,50.635667,117.1376,1
1789185660,2026-09-12T04:01:00.000Z,0.43572798364261406,0.4360365186605011,0.4330169305794182,0.4360194600022174,946.84809699998,2177.42146812001,12
1789185720,2026-09-12T04:02:00.000Z,0.43384130354300704,0.4356689724637019,0.43384130354300704,0.4355933431658787,114.66776200013555,264.23303102501086,6
1789185780,2026-09-12T04:03:00.000Z,0.43565025808506797,0.43565025808506797,0.43195717913744314,0.43382847785284817,68.73821399982725,158.70573949099145,8
1789185840,2026-09-12T04:04:00.000Z,0.43533090323808715,0.43534845720779874,0.43504658853651806,0.43506359300459274,23.837884000036865,54.78059419899364,13
1789185900,2026-09-12T04:05:00.000Z,0.4352884104535062,0.4352884104535062,0.43335344844877643,0.43335344844877643,428.5764210000634,988.7755492799915,2
1789185960,2026-09-12T04:06:00.000Z,0.4350739845521005,0.43513014922286747,0.433830817906516,0.43513014922286747,12.950999999906799,29.765440741995008,10
1789186020,2026-09-12T04:07:00.000Z,0.4337845596473089,0.4349445220686675,0.4336817297568515,0.43405629132943635,218.84233300015183,503.25112044900607,6
1789186080,2026-09-12T04:08:00.000Z,0.43483872957468594,0.43488348092487333,0.4346088476125452,0.43481616344139495,13.395727000329657,30.806105139009475,5
1789186140,2026-09-12T04:09:00.000Z,0.4359297448970281,0.4359297448970281,0.434460417658704,0.43556730816428973,317.0738669999689,728.402624651977,7
1789186200,2026-09-12T04:10:00.000Z,0.4350516915954298,0.4350734183402523,0.43384079544792103,0.4350734183402523,284.9678450001029,655.0062763500173,3
1789186260,2026-09-12T04:11:00.000Z,0.43533704243576055,0.43533704243576055,0.4335880777437607,0.4335880777437607,540.0136000001803,1245.077324020007,5
1789186320,2026-09-12T04:12:00.000Z,0.43372739217352396,0.43398665214847126,0.43372739217352396,0.43398665214847126,268.2919359997752,618.5692322659831,3
1789186380,2026-09-12T04:13:00.000Z,0.4340150118172604,0.4340150118172604,0.4325393423550293,0.4325393423550293,1.612561999999997,3.72156,2
1789186440,2026-09-12T04:14:00.000Z,0.4354238063604289,0.43542605424489816,0.4354139722057635,0.43542605424489816,5.008828000165522,11.503377730987268,4
1789186500,2026-09-12T04:15:00.000Z,0.4352358106150512,0.4352358106150512,0.4352358106150512,0.4352358106150512,25.69802000001073,59.043900738994125,1
1789186560,2026-09-12T04:16:00.000Z,0.4355859257916279,0.4355859257916279,0.4355859257916279,0.4355859257916279,1.108142000157386,2.544026182993548,1
1789186620,2026-09-12T04:17:00.000Z,0.4152133263264306,0.43550243362798097,0.4152133263264306,0.4345812242100724,30.52461599955467,70.38246682501295,9
1789186680,2026-09-12T04:18:00.000Z,0.434390799812359,0.434390799812359,0.43195327294311,0.4337765978326911,294.8417119994783,682.2520393559989,9
1789186740,2026-09-12T04:19:00.000Z,0.4338058202014678,0.4338058202014678,0.4338058202014678,0.4338058202014678,1,2.3051788459997624,1
1789186800,2026-09-12T04:20:00.000Z,0.4332294611633745,0.4332294611633745,0.43143132315113436,0.43143132315113436,45.00079599976789,104.30362956599645,2
1789186860,2026-09-12T04:21:00.000Z,0.4323503700681837,0.4323503700681837,0.4323503700681837,0.4323503700681837,0.2225609999999989,0.51477,1
1789186920,2026-09-12T04:22:00.000Z,0.433740300334858,0.433740300334858,0.43357011236533405,0.43357011236533405,23.843508000101714,54.97352442098213,4
1789186980,2026-09-12T04:23:00.000Z,0.4335789904328288,1.8634712782026934,0.4325100120161994,1.8634712782026934,35.2495560000998,80.19426415199996,4
1789187100,2026-09-12T04:25:00.000Z,0.4319056373333333,0.43380298364821157,0.4319056373333333,0.43380298364821157,648.1672689998366,1500.7131732230216,5
1789187160,2026-09-12T04:26:00.000Z,0.4338511728936687,0.4338511728936687,0.43384698532514626,0.43384698532514626,115.41886799999884,266.03580772400164,3
1789187220,2026-09-12T04:27:00.000Z,0.4339962342924134,0.4339962342924134,0.4339962342924134,0.4339962342924134,499.58233099989593,1151.1213497380086,1
1789187280,2026-09-12T04:28:00.000Z,0.43023945397600605,0.43201309356990664,0.43023945397600605,0.4318173394566195,270.92283800000405,627.8857270000005,13
1789187340,2026-09-12T04:29:00.000Z,0.43199080407892776,0.43199080407892776,0.43199080407892776,0.43199080407892776,1.5314290000000028,3.54505,1
1789187400,2026-09-12T04:30:00.000Z,0.43133571010884497,0.43133571010884497,0.43133571010884497,0.43133571010884497,0.22866400000000198,0.53013,1
1789187460,2026-09-12T04:31:00.000Z,0.4342305137259562,0.4342305137259562,0.4342305137259562,0.4342305137259562,3.5,8.060235034999998,1
1789187520,2026-09-12T04:32:00.000Z,0.4340100779868295,0.4340100779868295,0.4340100779868295,0.4340100779868295,0.09918999997898936,0.22854308001114987,1
1789187820,2026-09-12T04:37:00.000Z,0.4342889978628651,0.4342889978628651,0.4342889978628651,0.4342889978628651,5.091227000113577,11.723131428996567,1
1789187880,2026-09-12T04:38:00.000Z,0.43216635044503277,0.43216635044503277,0.43216635044503277,0.43216635044503277,2.4189819999999997,5.59734,1
1789188000,2026-09-12T04:40:00.000Z,0.4345943639643132,0.43500934897585297,0.4345943639643132,0.43500934897585297,2.613791999872774,6.013992088002851,2
1789188120,2026-09-12T04:42:00.000Z,0.43491357329647207,0.4361749802625369,0.43491357329647207,0.4361749802625369,249.27125800000067,572.2644533709972,2
1789188180,2026-09-12T04:43:00.000Z,0.4343416649741821,0.43493861708785897,0.4343416649741821,0.43493861708785897,287.92840999975306,662.8547844780114,2
1789188240,2026-09-12T04:44:00.000Z,0.4338557917466752,0.43584031443386473,0.4338557917466752,0.43584031443386473,5.027178999616808,11.587101728015114,2
1789188300,2026-09-12T04:45:00.000Z,0.43589315329342015,0.5050540417380973,0.43281779130637926,0.43324215700055796,1496.6879329988471,3370.5101345999906,8
1789188360,2026-09-12T04:46:00.000Z,0.4349688663823428,0.4349688663823428,0.43274692129721626,0.4334423002482931,320.1682699999865,738.7182527360092,5
1789188420,2026-09-12T04:47:00.000Z,0.43496229789750773,0.4349624092374677,0.43496229789750773,0.4349624092374677,0.020225000000209548,0.04649827699904563,2
1789188480,2026-09-12T04:48:00.000Z,0.43493136472276106,0.4349587471200229,0.4316391769578802,0.4316391769578802,56.480389000004955,129.89214369001502,4
1789188540,2026-09-12T04:49:00.000Z,0.43213855142353713,0.4349685286247706,0.43213855142353713,0.4349685286247706,442.41489500014904,1019.4854888449852,5
1789188600,2026-09-12T04:50:00.000Z,0.43407205598486365,0.43496296621069047,0.43407205598486365,0.43496296621069047,55.76566200000889,128.47088364601223,3
1789188660,2026-09-12T04:51:00.000Z,0.4349624092374677,0.4358050121106573,0.4349624092374677,0.4358050121106573,0.0203420001307677,0.046721787002752535,2
1789188840,2026-09-12T04:54:00.000Z,0.43373860945961407,0.4354657249714737,0.43369490015444184,0.4354657249714737,413.0416590001314,949.4147536300031,3
1789188900,2026-09-12T04:55:00.000Z,0.43539675325167293,0.43539675325167293,0.43539675325167293,0.43539675325167293,0.10000000009313226,0.2296755760035012,1
1789189080,2026-09-12T04:58:00.000Z,0.43584007688136195,0.43584007688136195,0.43584007688136195,0.43584007688136195,0.010034000035375357,0.023022206005407497,1
1789189140,2026-09-12T04:59:00.000Z,0.4337997309007683,0.4337997309007683,0.4337997309007683,0.4337997309007683,48.41221300000325,111.60037582198856,1
1789189200,2026-09-12T05:00:00.000Z,0.43239984222684885,0.43239984222684885,0.43239984222684885,0.43239984222684885,0.3836899999999943,0.88735,1
1789189620,2026-09-12T05:07:00.000Z,0.43518892979268303,0.43518892979268303,0.43518892979268303,0.43518892979268303,0.010105000343173742,0.023219800990773365,1
1789189680,2026-09-12T05:08:00.000Z,0.43311051754450036,0.43311051754450036,0.43311051754450036,0.43311051754450036,20.200720999855548,46.641030825994676,1
1789189740,2026-09-12T05:09:00.000Z,0.43504671977133935,0.43504671977133935,0.4332091710850043,0.4332091710850043,15.510871999897063,35.8044800220232,2
1789189800,2026-09-12T05:10:00.000Z,0.43483102735636486,0.43483102735636486,0.4316256235989344,0.4316256235989344,11.027414000114732,25.548389919993962,2
1789189860,2026-09-12T05:11:00.000Z,0.43475348416250675,1.1667321478422603,0.43475348416250675,1.1667321478422603,149.72019799984992,128.35352758102817,3
1789189920,2026-09-12T05:12:00.000Z,0.4348175983909635,0.4348444716167362,0.41290549603597293,0.4348444716167362,88.87637399944549,204.7028583870362,6
1789189980,2026-09-12T05:13:00.000Z,0.43485496654182604,0.43485496654182604,0.43485496654182604,0.43485496654182604,0.010094000026583672,0.0232123369933106,1
1789190100,2026-09-12T05:15:00.000Z,0.43319158599294505,0.43319158599294505,0.43319158599294505,0.43319158599294505,43.435687999706715,100.26900199399097,1
1789190160,2026-09-12T05:16:00.000Z,0.4357976314861182,0.4357976314861182,0.43539852047365474,0.43539852047365474,0.020213999713178055,0.04640515800383582,2
1789190220,2026-09-12T05:17:00.000Z,0.4333921916236975,0.4353353682775135,0.35375841548448866,0.43275656792724904,35.07157200000779,81.58244638999516,4
1789190280,2026-09-12T05:18:00.000Z,0.4349107141605124,0.4349107141605124,0.4349107141605124,0.4349107141605124,5.045093000000634,11.600295958996867,1
1789190340,2026-09-12T05:19:00.000Z,0.4349632817574188,0.4349721420938338,0.4349632817574188,0.4349721420938338,0.020128999998632935,0.04627700000128243,2
1789190400,2026-09-12T05:20:00.000Z,0.4349745068976599,0.43540055578601655,0.4349745068976599,0.43540055578601655,0.020090999999865744,0.046166222004103474,2
1789190460,2026-09-12T05:21:00.000Z,0.4344993115367454,0.4344993115367454,0.4344990319951457,0.4344990319951457,0.02634999994188547,0.06064453400904313,2
1789190700,2026-09-12T05:25:00.000Z,0.43306023263805304,0.43474918934517903,0.4328804121373179,0.43474918934517903,1.8833079999312758,4.348367856029654,3
1789190760,2026-09-12T05:26:00.000Z,0.4352387595777845,0.4352387595777845,0.4352387595777845,0.4352387595777845,0.1001109997741878,0.23001398099586368,1
1789190880,2026-09-12T05:28:00.000Z,0.43486289044774734,0.43561923084347154,0.43486289044774734,0.43561923084347154,0.020224000327289104,0.046466252009849995,2
1789190940,2026-09-12T05:29:00.000Z,0.4373096050794971,0.4373096050794971,0.4373096050794971,0.4373096050794971,18,41.160769832,1
1789191000,2026-09-12T05:30:00.000Z,0.43242577487765055,0.4327684323143106,0.43242577487765055,0.4327684323143106,1.2906319999999987,2.98324,2
1789191060,2026-09-12T05:31:00.000Z,0.434401944059743,0.434401944059743,0.42859259141012623,0.42859259141012623,151.58848899990093,349.2045805700082,2
1789191120,2026-09-12T05:32:00.000Z,0.4315208459626438,0.4315208459626438,0.4315208459626438,0.4315208459626438,17.759261,41.155047702,1
1789191180,2026-09-12T05:33:00.000Z,0.43473527466290646,0.4359968757945908,0.43473527466290646,0.4351566061047658,280.31221700046325,643.4166205720192,9
1789191240,2026-09-12T05:34:00.000Z,0.4352861378779903,0.5480647591537146,0.435002842937186,0.435002842937186,12.596928000148182,28.105550690983364,11
1789191300,2026-09-12T05:35:00.000Z,0.43658335543480753,0.43710975489703097,0.43658335543480753,0.43710975489703097,30.43368400000054,69.62483844099916,2
1789191360,2026-09-12T05:36:00.000Z,0.4370871206861817,0.4370871206861817,0.43528984951522437,0.4361970969963115,103.6052629995338,237.18355096902087,4
1789191420,2026-09-12T05:37:00.000Z,0.43708417336751276,0.43708417336751276,0.43617649643956996,0.43617649643956996,138.3600049999077,316.5706458950008,6
1789191480,2026-09-12T05:38:00.000Z,0.43590054148706175,0.43590054148706175,0.43590054148706175,0.43590054148706175,0.8016730002127588,1.8391190739930607,1
1789191600,2026-09-12T05:40:00.000Z,0.4360886616222881,0.43712529675866885,0.4360886616222881,0.43712529675866885,0.6281790006796655,1.440410781011451,3
1789191660,2026-09-12T05:41:00.000Z,0.4358047825309017,0.4358158832124533,0.4357220527740953,0.4357790697136323,103.88040600018576,238.40776010102127,6
1789191720,2026-09-12T05:42:00.000Z,0.4368714154964381,0.4368714155139689,0.43687141548465536,0.4368714155139689,119.03778599994257,272.4778545330046,4
1789191780,2026-09-12T05:43:00.000Z,0.4159445023706529,0.4159445023706529,0.4159445023706529,0.4159445023706529,2.1913449999999557,5.26835909,1
1789191960,2026-09-12T05:46:00.000Z,0.43708694170876605,0.43708694170876605,0.43535402081017865,0.43535402081017865,29.636243000069953,68.04704397900059,2
1789192020,2026-09-12T05:47:00.000Z,0.43716341665405517,0.43716341665405517,0.43716341665405517,0.43716341665405517,77.56605499982834,177.43034308200004,1
1789192080,2026-09-12T05:48:00.000Z,0.4372580215586379,0.4372580215586379,0.43635953788237525,0.43635953788237525,1.2191550001593896,2.7883705610147445,2
1789192140,2026-09-12T05:49:00.000Z,0.43379004649047653,0.43379004649047653,0.43379004649047653,0.43379004649047653,0.699647,1.61287011,1
1789192200,2026-09-12T05:50:00.000Z,0.4358806263536972,0.4358806263536972,0.4358806263536972,0.4358806263536972,16.398780000396073,37.62218141599442,1
1789192320,2026-09-12T05:52:00.000Z,0.43666102968891424,0.43666102968891424,0.43666102968891424,0.43666102968891424,0.010220999829471111,0.023407172004226595,1
1789192380,2026-09-12T05:53:00.000Z,0.4349180395934879,0.43651281061154673,0.4349180395934879,0.434947084132839,120.8394530000678,277.82771914900513,4
1789192440,2026-09-12T05:54:00.000Z,0.43357056918093484,0.43357056918093484,0.43357056918093484,0.43357056918093484,11.243352000000002,25.932,1
1789192500,2026-09-12T05:55:00.000Z,0.43593265122700675,0.43593309535976493,0.43593265122700675,0.43593309535976493,0.1747179999947548,0.4007910849759355,2
1789192560,2026-09-12T05:56:00.000Z,0.43580171991666955,0.43580171991666955,0.4355662649188361,0.43568754295155737,0.03029000014066696,0.06952257500961423,3
1789192620,2026-09-12T05:57:00.000Z,0.4356949540095162,0.4356949540095162,0.4354601782341638,0.4354601782341638,6.056648999918252,13.908604867989197,2
1789192680,2026-09-12T05:58:00.000Z,0.435724422867716,0.435724422867716,0.435724422867716,0.435724422867716,0.010194000322371721,0.02339552200282924,1
1789192740,2026-09-12T05:59:00.000Z,0.4352812488865029,0.4352812488865029,0.4352739975107805,0.43527400817309037,0.33702899934723973,0.7742833640077151,3
1789192800,2026-09-12T06:00:00.000Z,0.43543366344776435,0.43543366344776435,0.43543366344776435,0.43543366344776435,0.010100999847054482,0.02319756301585585,1
1789192860,2026-09-12T06:01:00.000Z,0.4353985511953081,0.43563206286475203,0.4353985511953081,0.43563206286475203,0.020193999633193016,0.046368063980480656,2
1789192920,2026-09-12T06:02:00.000Z,0.43245935856823325,0.43245935856823325,0.43245935856823325,0.43245935856823325,1.5244430000000193,3.525054944,1
1789192980,2026-09-12T06:03:00.000Z,0.4349806177249051,0.4349806177249051,0.4348798229893755,0.4348798229893755,2.170919000171125,4.9917884430033155,4
1789193040,2026-09-12T06:04:00.000Z,0.4348138431582841,0.4349199910777199,0.43149622188740927,0.4345722757899123,125.03666400018096,288.2700067660086,8
1789193100,2026-09-12T06:05:00.000Z,0.43459668826100334,0.43460048048397204,0.43302787922988795,0.43302787922988795,181.16724600011366,418.36934216399044,3
1789193220,2026-09-12T06:07:00.000Z,0.43451493040728056,0.4345869156607172,0.4340319366354927,0.4345869156607172,0.2550560003182909,0.5875292890050332,5
1789193280,2026-09-12T06:08:00.000Z,0.43505217825192743,0.43505217825192743,0.43389902083315257,0.43389902083315257,8.378860000002533,19.310560034989976,2
1789193340,2026-09-12T06:09:00.000Z,0.4347793695599975,0.4347793695599975,0.4347793695599975,0.4347793695599975,0.01030200021341443,0.023694777017226443,1
1789193400,2026-09-12T06:10:00.000Z,0.4353026240425254,0.4353026240425254,0.43525028036907837,0.43525028036907837,139.48998000007123,320.443694807007,2
1789193460,2026-09-12T06:11:00.000Z,0.4350864945893842,0.43531975897415404,0.4350864887075725,0.4352530452302176,0.19242999982088804,0.44208622598671354,4
1789193520,2026-09-12T06:12:00.000Z,0.3940763758084795,0.3940763758084795,0.3940763758084795,0.3940763758084795,2.761608000000024,7.007798918,1
1789193580,2026-09-12T06:13:00.000Z,0.436043830838014,0.436043830838014,0.436043830838014,0.436043830838014,0.010166000000026543,0.023314170000958256,1
1789193640,2026-09-12T06:14:00.000Z,0.43604936854529747,0.43604936854529747,0.43604936854529747,0.43604936854529747,0.01011599999947066,0.02319920800073305,1
1789193760,2026-09-12T06:16:00.000Z,0.4359968779505462,0.43714880336511314,0.4359968779505462,0.4363639361168652,116.26212699999996,266.65805513800115,4
1789193820,2026-09-12T06:17:00.000Z,0.43572086628063994,0.4363618718785716,0.43543068690864073,0.43543068690864073,16.863218000507004,38.72588347798228,4
1789193940,2026-09-12T06:19:00.000Z,0.43665693418822304,0.43665693418822304,0.43656256702195284,0.43656256702195284,133.33206100000143,305.4134020640031,2
1789194000,2026-09-12T06:20:00.000Z,0.4370878724126301,0.4370878724126301,0.43696907085106956,0.43696907085106956,120.61208400000078,275.9447112220023,2
1789194060,2026-09-12T06:21:00.000Z,0.4363945640007673,0.43697087054829253,0.4363945640007673,0.43694770757574136,5.37191600000051,12.30940080500659,5
1789194120,2026-09-12T06:22:00.000Z,0.43694808337453267,0.43694808337453267,0.4358462639807791,0.4358462639807791,2.961866000257487,6.795596288991874,2
1789194180,2026-09-12T06:23:00.000Z,0.4369510586293232,0.4388352209819679,0.4369342306740071,0.4379729876256302,319.92282799980126,731.8616637640059,8
1789194240,2026-09-12T06:24:00.000Z,0.438185894367182,0.4914170279882186,0.43729214753283074,0.4914170279882186,473.251113000204,992.6675434729914,6
1789194300,2026-09-12T06:25:00.000Z,0.43705163806770475,0.43934105871602114,0.43705163806770475,0.43863232918541084,0.5827709999030048,1.3331806999995024,4
1789194360,2026-09-12T06:26:00.000Z,0.43589287615942757,0.43589287615942757,0.43589287615942757,0.43589287615942757,134.22209399999883,307.92449553799815,1
1789194420,2026-09-12T06:27:00.000Z,0.43713317641891536,0.4378950472909947,0.43713317641891536,0.4373219354715771,1518.7749720002303,3468.3937770580087,4
1789194480,2026-09-12T06:28:00.000Z,0.4360104399280306,0.4373148905453168,0.4360104399280306,0.4360118881143659,171.4227779999983,392.1044565119955,3
1789194540,2026-09-12T06:29:00.000Z,0.43697621513139284,0.43697621513139284,0.4360348511721316,0.4360350140367866,196.41083499981323,449.95813821000775,5
1789194780,2026-09-12T06:33:00.000Z,0.4371510077223804,0.4371510077223804,0.4371510077223804,0.4371510077223804,3.051123999990523,6.979565290006576,1
1789194840,2026-09-12T06:34:00.000Z,0.43550094755952834,0.43550094755952834,0.43550094755952834,0.43550094755952834,6.67971499999976,15.338003367000056,1
1789194960,2026-09-12T06:36:00.000Z,0.4354531856892057,0.43721953372013905,0.4354531856892057,0.43721953372013905,541.0254929997027,1237.6107869810075,2
1789195020,2026-09-12T06:37:00.000Z,0.4372920557750685,0.4372920557750685,0.43408702491253065,0.43408702491253065,41.272368999813224,95.0701842879957,2
1789195080,2026-09-12T06:38:00.000Z,0.43422284569939584,0.43422284569939584,0.43325711406269307,0.43325711406269307,38.958282999999994,89.75231,2
1789195140,2026-09-12T06:39:00.000Z,0.43674022386330125,0.43674022386330125,0.43674022386330125,0.43674022386330125,1.6480789999477565,3.7735910500050522,1
1789195200,2026-09-12T06:40:00.000Z,0.43685056716520265,0.43685056716520265,0.43310563811871666,0.43310563811871666,21.8269400000936,50.392813042993104,3
1789195260,2026-09-12T06:41:00.000Z,0.4368341384551703,0.4368341384551703,0.4368341384551703,0.4368341384551703,0.011014000046998262,0.02521323101245798,1
1789195320,2026-09-12T06:42:00.000Z,0.4347394213605934,0.4347394213605934,0.4347394213605934,0.4347394213605934,66.73121599999996,153.497043795,1
1789195440,2026-09-12T06:44:00.000Z,0.43612705573224125,0.43632507111983365,0.43612705573224125,0.4362823580847684,36.63002599962056,83.95814939399133,7
1789195500,2026-09-12T06:45:00.000Z,0.43584580239963133,0.43647420525297015,0.4351560672463101,0.43647420525297015,88.05210600018108,201.73853963199426,3
1789195620,2026-09-12T06:47:00.000Z,0.43428576158392357,0.43428576158392357,0.43428576158392357,0.43428576158392357,0.26233900000000077,0.6040700000000001,1
1789195680,2026-09-12T06:48:00.000Z,0.4378043707291171,0.4378043707291171,0.4347669082125603,0.4347669082125603,2.606726999999859,5.982813946001115,2
1789195740,2026-09-12T06:49:00.000Z,0.43492488260412926,0.437109041834844,0.43492488260412926,0.437109041834844,97.96282900000006,225.23488378399634,2
1789195800,2026-09-12T06:50:00.000Z,0.4362070140221308,0.4362070140221308,0.43474332711293884,0.43474332711293884,118.5612660002227,271.80791194498806,2
1789195860,2026-09-12T06:51:00.000Z,0.43544868808771653,0.43544868808771653,0.434947639287724,0.434947639287724,26.67453400000022,61.32153860299909,3
1789195980,2026-09-12T06:53:00.000Z,0.435665955995387,0.435665955995387,0.4353553723520886,0.4353557468555842,3.429893000051379,7.878082907001954,3
1789196040,2026-09-12T06:54:00.000Z,0.43579855665139144,0.43579855665139144,0.43579855665139144,0.43579855665139144,100,229.46381642101915,1
1789196100,2026-09-12T06:55:00.000Z,0.43586664298068056,0.43586664778503736,0.43586663805807235,0.43586663805807235,0.11617100005969405,0.26652876898879185,3
1789196160,2026-09-12T06:56:00.000Z,0.435726381408013,0.435726381408013,0.43477769927295806,0.43477769927295806,2.6684209998820734,6.137253472988959,2
1789196400,2026-09-12T07:00:00.000Z,0.4347189883681751,0.4347189883681751,0.4347189883681751,0.4347189883681751,1.1160580000000664,2.5673090660002345,1
1789196460,2026-09-12T07:01:00.000Z,0.4362795303137241,0.4362795303137241,0.4362795303137241,0.4362795303137241,1.7400000000000002,3.9882687109999964,1
1789196520,2026-09-12T07:02:00.000Z,0.4342934879120694,0.4368253610457549,0.4342934879120694,0.4368253610457549,156.28889099955623,357.79481841701556,2
1789196580,2026-09-12T07:03:00.000Z,0.4346604517162546,0.4346604517162546,0.4346604517162546,0.4346604517162546,98.66995900031179,227.00468517601257,1
1789196760,2026-09-12T07:06:00.000Z,0.43625417506823083,0.43625417506823083,0.43625417506823083,0.43625417506823083,3.981968999840319,9.127635281009134,1
1789196880,2026-09-12T07:08:00.000Z,0.4346272706612512,0.4346272706612512,0.4346272706612512,0.4346272706612512,3.3090480000000753,7.613530542999797,1
1789197240,2026-09-12T07:14:00.000Z,0.43550504660509776,0.43550504660509776,0.43550504660509776,0.43550504660509776,13.44275900023058,30.86705677700229,1
1789197300,2026-09-12T07:15:00.000Z,0.4353790520798697,0.437123036318563,0.434445768772349,0.434445768772349,1.9627310003795557,4.5107769999872005,4
1789197360,2026-09-12T07:16:00.000Z,0.4352556493006374,0.4352556493006374,0.4352556493006374,0.4352556493006374,151.80550700007007,348.7732031600026,1
1789197780,2026-09-12T07:23:00.000Z,0.43754256058074503,0.43754256058074503,0.43754256058074503,0.43754256058074503,205.9471469996497,470.6905465980235,1
1789197960,2026-09-12T07:26:00.000Z,0.4356638447615148,0.43710874946186923,0.4356638447615148,0.43710874946186923,8.797204999917085,20.131496683010482,2
1789198020,2026-09-12T07:27:00.000Z,0.4601144428021943,0.4601144428021943,0.4357172895439536,0.4357190279437927,99.65938299987465,228.48120513800706,3
1789198140,2026-09-12T07:29:00.000Z,0.43710872254906197,0.43710872254906197,0.4355956895042216,0.4355956895042216,41.26888700008931,94.45646408099856,2
1789198320,2026-09-12T07:32:00.000Z,0.4371558803055639,0.4371558803055639,0.4371558803055639,0.4371558803055639,42.433887999970466,97.06809381200583,1
1789198380,2026-09-12T07:33:00.000Z,0.43708633331034247,0.43708633331034247,0.43707318125010447,0.43707318125010447,0.020257999654859304,0.04634852398885414,2
1789198440,2026-09-12T07:34:00.000Z,0.4370509639242682,0.4371390733953063,0.4370509639242682,0.43710321495439713,133.32946700043976,305.0046957200102,4
1789198500,2026-09-12T07:35:00.000Z,0.43533270381017647,0.4371313667522024,0.43533270381017647,0.4371226116084447,89.61060499958694,205.01318922897917,5
1789198560,2026-09-12T07:36:00.000Z,0.43699524218185376,0.43700005650306883,0.43474113547938215,0.43700005650306883,6.004298000200947,13.81072905498384,5
1789198620,2026-09-12T07:37:00.000Z,0.43674805285508017,0.43674805285508017,0.43479709630078034,0.43604936862370486,51.85838200002763,119.270032792032,4
1789198680,2026-09-12T07:38:00.000Z,0.43605640357391134,0.43605640357391134,0.436045157112171,0.4360464865329163,0.030348999998750514,0.06959992400516057,3
1789198740,2026-09-12T07:39:00.000Z,0.4360491363420722,0.4360491363420722,0.4360491363420722,0.4360491363420722,0.020236000000295462,0.046407613990595564,2
1789198800,2026-09-12T07:40:00.000Z,0.43605393474206555,0.4360558441374866,0.43603068665917066,0.4360332468022016,0.0966759999992064,0.22171453600458335,5
1789198920,2026-09-12T07:42:00.000Z,0.43605640357391134,0.43605640357391134,0.43605640357391134,0.43605640357391134,0.01005299999997078,0.023054356999637093,1
1789198980,2026-09-12T07:43:00.000Z,0.43591006633479773,0.4359544036789265,0.43591006633479773,0.4359544036789265,0.020287000108510256,0.046537049987819046,2
1789199040,2026-09-12T07:44:00.000Z,0.4356150865050613,0.4357485404611606,0.43559656875319885,0.4357485404611606,199.4434210001491,457.7030307359819,3
1789199100,2026-09-12T07:45:00.000Z,0.4359758550575862,0.4359758550575862,0.4358391279839123,0.4358391279839123,0.4112599999643862,0.9433167440001853,3
1789199160,2026-09-12T07:46:00.000Z,0.4359771308957267,0.4359771308957267,0.43454831985106324,0.43454831985106324,4.465688999988743,10.256050816022253,3
1789199220,2026-09-12T07:47:00.000Z,0.43604758740004,0.43604758740004,0.43590984607390326,0.43590984607390326,0.02018499994665035,0.04629810400365386,2
1789199280,2026-09-12T07:48:00.000Z,0.4358287275099182,0.4358287275099182,0.4358287275099182,0.4358287275099182,0.010154000017791986,0.023298143001738936,1
1789199340,2026-09-12T07:49:00.000Z,0.4357686417763455,0.4357686417763455,0.4324386526907665,0.43572229826120235,12.827672999692595,29.66303659500899,4
1789199400,2026-09-12T07:50:00.000Z,0.4358065745413582,0.4358065745413582,0.4358065745413582,0.4358065745413582,0.010098000057041645,0.02317083001253195,1
1789199460,2026-09-12T07:51:00.000Z,0.4357653681539843,0.4357653681539843,0.435132642599758,0.435132642599758,12.533189000194103,28.803112166015453,2
1789199520,2026-09-12T07:52:00.000Z,0.4358407264818582,0.4358452781329161,0.4358407264818582,0.4358452781329161,0.0709719997830689,0.162838081974769,5
1789199640,2026-09-12T07:54:00.000Z,0.4359726962978314,0.4359726962978314,0.4359726962978314,0.4359726962978314,294.0783339999616,674.533833190013,1
1789199700,2026-09-12T07:55:00.000Z,0.4371216117826122,0.4371216117826122,0.4360186739723852,0.4360186739723852,6.8099830000010115,15.613482818000193,3
1789199760,2026-09-12T07:56:00.000Z,0.4361848732904311,0.4361848732904311,0.4361848732904311,0.4361848732904311,9.822654999792576,22.519476490997477,1
1789199880,2026-09-12T07:58:00.000Z,0.4340485272303453,0.4340485272303453,0.4340485272303453,0.4340485272303453,0.08193099999999999,0.18876,1
1789200060,2026-09-12T08:01:00.000Z,0.43610325524564564,0.43610325524564564,0.43610325524564564,0.43610325524564564,0.017616999801248312,0.040396396012511104,1
1789200120,2026-09-12T08:02:00.000Z,0.43449002163997774,0.43449002163997774,0.43449002163997774,0.43449002163997774,0.8455530000000007,1.946081516,1
1789200240,2026-09-12T08:04:00.000Z,0.42112364154460163,0.4342594245322126,0.42112364154460163,0.4338357643134395,65.00375100000001,150.01316861199524,3
1789200300,2026-09-12T08:05:00.000Z,0.4360031516824473,0.4360031516824473,0.4360031516824473,0.4360031516824473,45.01828000000023,103.25218940799823,1
1789200420,2026-09-12T08:07:00.000Z,0.5288515923125339,0.5288515923125339,0.43522406076651804,0.436023795744911,20.2803489999651,46.462738390990125,5
1789200480,2026-09-12T08:08:00.000Z,0.4341584016184969,0.4349323197311374,0.31672425935258613,0.31672425935258613,55.29169599982839,164.56314403099316,3
1789200540,2026-09-12T08:09:00.000Z,0.4359447990709864,0.43708952595332595,0.4359447990709864,0.43708753682046714,128.78978300007975,294.6969205929872,4
1789200600,2026-09-12T08:10:00.000Z,0.4371255871702624,0.4371255871702624,0.43269630289154604,0.43269630289154604,4.503452999999013,10.407579737001365,2
1789200720,2026-09-12T08:12:00.000Z,0.4369687402427259,0.4375467743981147,0.4354142478068462,0.4354142478068462,1522.7816599998623,3486.173486566957,3
1789200780,2026-09-12T08:13:00.000Z,0.42587251710830243,0.42587251710830243,0.42587251710830243,0.42587251710830243,4.704036000000087,11.045643499,1
1789200840,2026-09-12T08:14:00.000Z,0.43498209222955697,0.43498209222955697,0.43498209222955697,0.43498209222955697,0.5351019999998243,1.2301701830001548,1
1789200900,2026-09-12T08:15:00.000Z,0.43658242190738306,0.4375680441142844,0.43658242190738306,0.4375680441142844,284.9915910004638,652.7783854200097,2
1789200960,2026-09-12T08:16:00.000Z,0.43708691767434005,0.43708691767434005,0.43708691767434005,0.43708691767434005,4.944408999999723,11.312187119001464,1
1789201020,2026-09-12T08:17:00.000Z,0.43832827398293317,0.43832827398293317,0.43541871479527916,0.43541871479527916,1768.013108999934,4034.4091529019934,3
1789201140,2026-09-12T08:19:00.000Z,0.4376963393877759,0.44756956497038125,0.4376963393877759,0.44756956497038125,547.8601120003441,1251.4765377390063,2
1789201200,2026-09-12T08:20:00.000Z,0.42619844889351033,0.43589236917248325,0.42619844889351033,0.43589236917248325,6.920488999742746,16.108178263010174,2
1789201320,2026-09-12T08:22:00.000Z,0.43361017374033506,0.43496781166413,0.43361017374033506,0.43496781166413,224.6452480002437,516.4802602640007,2
1789201380,2026-09-12T08:23:00.000Z,0.4349538708769284,0.4366776042776153,0.4343635283066729,0.4366776042776153,224.61216800017928,515.175396241988,4
1789201440,2026-09-12T08:24:00.000Z,0.4349258948536268,0.4349258948536268,0.4336362178300879,0.4336362178300879,18.63763899999914,42.88609601799347,2
1789201500,2026-09-12T08:25:00.000Z,0.43442683109375385,0.43567962740438126,0.43442683109375385,0.43567962319222936,153.48002799997812,353.2730190620059,4
1789201560,2026-09-12T08:26:00.000Z,0.4355026539805967,0.4355026539805967,0.4355026539805967,0.4355026539805967,12.017627000343055,27.594842168007744,1
1789201740,2026-09-12T08:29:00.000Z,0.43449251702563535,0.43449251702563535,0.43449251702563535,0.43449251702563535,1044.0813089999992,2402.990311887,1
1789201800,2026-09-12T08:30:00.000Z,0.43466729545839244,0.43601969876926966,0.43466729545839244,0.43601969876926966,149.10232799984624,342.6763206189935,2
1789201980,2026-09-12T08:33:00.000Z,0.5455222278937367,0.5455222278937367,0.5455222278937367,0.5455222278937367,100.17374899983406,183.62908764800522,1
1789202100,2026-09-12T08:35:00.000Z,0.28794260688157164,0.43381654044753853,0.28794260688157164,0.43381654044753853,58.669458999999996,135.879373675,2
1789202220,2026-09-12T08:37:00.000Z,0.4347530598149398,0.4360196524633281,0.4347530598149398,0.4360196524633281,30.865395000129865,70.99254718999873,2
1789202280,2026-09-12T08:38:00.000Z,0.4350224962232927,0.43599689581526596,0.4350223197162514,0.43599689581526596,47.028725000229315,108.00616714599892,3
1789202400,2026-09-12T08:40:00.000Z,0.436684318595879,0.436684318595879,0.436018675010574,0.436018675010574,0.5177310000003672,1.1858570839995082,2
1789202460,2026-09-12T08:41:00.000Z,0.4371130661746314,0.4371130661746314,0.43669518383300726,0.43670203276350456,1.4364359999999579,3.287136258002647,3
1789202580,2026-09-12T08:43:00.000Z,0.43564300695465424,0.43564300695465424,0.43564300695465424,0.43564300695465424,6.795925999991596,15.59975918699638,1
1789202640,2026-09-12T08:44:00.000Z,0.43707755166483014,0.43707755166483014,0.43707755166483014,0.43707755166483014,0.012299999999996203,0.028141459000000008,1
1789202700,2026-09-12T08:45:00.000Z,0.4369109909398049,0.43710897934277326,0.4369109909398049,0.43710897934277326,46.37305800000016,106.10397823799917,2
1789202820,2026-09-12T08:47:00.000Z,0.43741358318244355,0.43741358318244355,0.43741358318244355,0.43741358318244355,19.663992,44.95514715600001,1
1789202880,2026-09-12T08:48:00.000Z,0.43440581402222783,0.43440581402222783,0.43440581402222783,0.43440581402222783,5.878727000000005,13.5328,1
1789202940,2026-09-12T08:49:00.000Z,0.43710915887321355,0.43710915887321355,0.4371091588718234,0.43710915887321355,5,11.438790284999413,5
1789203000,2026-09-12T08:50:00.000Z,0.4373161589399541,0.4373161589399541,0.4373161589399541,0.4373161589399541,305.2992320000194,698.1201717770018,1
1789203060,2026-09-12T08:51:00.000Z,0.5015071400760295,0.5015071400760295,0.43693896835436113,0.43693896835436113,871.3775099995546,1745.0752039809886,2
1789203180,2026-09-12T08:53:00.000Z,0.43519586347354394,0.43519586347354394,0.43519586347354394,0.43519586347354394,400.1001670002006,919.356548582,1
1789203240,2026-09-12T08:54:00.000Z,0.43532319969121497,0.43532319969121497,0.43532319969121497,0.43532319969121497,411.49521599989384,945.2636944040132,1
1789203300,2026-09-12T08:55:00.000Z,0.4367773081211257,0.4367773081211257,0.43443245009347037,0.43443245009347037,53.53167299982413,123.21036676501984,2
1789203360,2026-09-12T08:56:00.000Z,0.43509279690706343,0.43724025191573834,0.43509279690706343,0.43724025191573834,394.05318800034,903.5060601770238,2
1789203480,2026-09-12T08:58:00.000Z,0.4356022837389847,0.4356022837389847,0.4356022837389847,0.4356022837389847,22.460237000137568,51.56133895201492,1
1789203540,2026-09-12T08:59:00.000Z,0.4354660254713711,0.4371087207622782,0.4354660254713711,0.4371087207622782,36.36194900004193,83.49260052499449,2
1789203600,2026-09-12T09:00:00.000Z,0.49567898596986315,0.49567898596986315,0.49567898596986315,0.49567898596986315,123.43060899991542,249.01319703599438,1
1789203780,2026-09-12T09:03:00.000Z,0.43458261531419257,0.43553703762753415,0.43458261531419257,0.43553703762753415,2540.385179000441,5845.452369128005,2
1789204140,2026-09-12T09:09:00.000Z,0.43754631080397516,0.43754631080397516,0.43754631080397516,0.43754631080397516,5,11.42736180499999,1
1789204320,2026-09-12T09:12:00.000Z,0.430685024147796,0.430685024147796,0.430685024147796,0.430685024147796,25.755601999999996,59.80148033,1
1789204500,2026-09-12T09:15:00.000Z,0.4353786839419276,0.4353786839419276,0.4353786839419276,0.4353786839419276,0.6871430000000007,1.578265141,1
1789204560,2026-09-12T09:16:00.000Z,0.43573798325035384,0.43573798325035384,0.43573798325035384,0.43573798325035384,304.30533899972215,698.3677133900055,1
1789204680,2026-09-12T09:18:00.000Z,0.4353228957254942,0.4353228957254942,0.4353228957254942,0.4353228957254942,158.18388399994,363.3713860519929,1
1789204800,2026-09-12T09:20:00.000Z,0.4360298980586512,0.4360298980586512,0.4360298980586512,0.4360298980586512,39.59028599970043,90.79718197300099,1
1789204860,2026-09-12T09:21:00.000Z,0.4357997792665621,0.44316071434548177,0.4309928559973995,0.4309928559973995,39.125387000124455,89.69834129401276,3
1789205340,2026-09-12T09:29:00.000Z,0.435449958404336,0.435449958404336,0.435449958404336,0.435449958404336,339.0099080000073,778.5278226739902,1
1789205400,2026-09-12T09:30:00.000Z,0.4370696782725141,0.4370696782725141,0.4350703522677842,0.4350703522677842,545.0828969995491,1252.5524137899629,2
1789205520,2026-09-12T09:32:00.000Z,0.43509153433930337,0.43509153433930337,0.42488741302343974,0.42488741302343974,133.71691900028205,307.542621368,2
1789205580,2026-09-12T09:33:00.000Z,0.43684194336024756,0.43684194336024756,0.43684194336024756,0.43684194336024756,211.9080280000344,485.0908462910156,1
1789205700,2026-09-12T09:35:00.000Z,0.43691945247825614,0.43691945247825614,0.43691945247825614,0.43691945247825614,172.1843280000612,394.0871183999989,1
1789205880,2026-09-12T09:38:00.000Z,0.43710877521329244,0.4374218208700723,0.43710877521329244,0.4371089137931416,12.176934000000074,27.84824070600007,4
1789205940,2026-09-12T09:39:00.000Z,0.4364291178534041,0.4364291178534041,0.4148569194050208,0.4363607591235482,319.5815860002534,732.4969542810039,3
1789206060,2026-09-12T09:41:00.000Z,0.43814937635802054,0.43814937635802054,0.43814937635802054,0.43814937635802054,0.030989999999292195,0.07072930299909785,1
1789206120,2026-09-12T09:42:00.000Z,0.43824895502443906,0.43824895502443906,0.43824895502443906,0.43824895502443906,100,228.1808064880006,1
1789206240,2026-09-12T09:44:00.000Z,0.4358582874046569,0.4358582874046569,0.4358582874046569,0.4358582874046569,0.033540000000357395,0.07695161700394237,1
1789206360,2026-09-12T09:46:00.000Z,0.4357998799101215,0.4357998799101215,0.4344429774927699,0.4344429774927699,29.495517000024766,67.68628595100427,2
1789206480,2026-09-12T09:48:00.000Z,0.4342780045665246,0.4352418193775305,0.4342780045665246,0.4352418193775305,6.562460000010873,15.085734439000255,2
1789206540,2026-09-12T09:49:00.000Z,0.43511071898398596,0.43511071898398596,0.43511071898398596,0.43511071898398596,308.02963700005785,707.9339201739931,1
1789206840,2026-09-12T09:54:00.000Z,0.43472299542067044,0.43472299542067044,0.43472299542067044,0.43472299542067044,7.746416000000011,17.8192,1
1789206900,2026-09-12T09:55:00.000Z,0.43589034703227164,0.43589034703227164,0.43589034703227164,0.43589034703227164,29.629909999999995,67.975604878,1
1789206960,2026-09-12T09:56:00.000Z,0.4384220071306328,0.4384220071306328,0.4370130112611935,0.4370833229103508,36.59241999994302,83.48794567299505,7
1789207020,2026-09-12T09:57:00.000Z,0.43818059424137196,0.43818059424137196,0.43713820428474187,0.437733590111284,223.57049600005485,510.7828339569826,3
1789207080,2026-09-12T09:58:00.000Z,0.43791389456175284,0.43866888227164136,0.4374595774869528,0.43756282432536897,228.8986159989246,523.0282363279954,6
1789207200,2026-09-12T10:00:00.000Z,0.43861386784738116,0.43861386784738116,0.43861386784738116,0.43861386784738116,13.927380000000085,31.75316838100116,1
1789207260,2026-09-12T10:01:00.000Z,0.43709485629835404,0.43709485629835404,0.43707186915421603,0.43707186915421603,94.11551899976664,215.32691712401868,2
1789207320,2026-09-12T10:02:00.000Z,0.4376668354153678,0.4376668354153678,0.4376668354153678,0.4376668354153678,49.310368000064045,112.66644856301718,1
1789207380,2026-09-12T10:03:00.000Z,0.4407505679821463,0.44202203389903977,0.4375479192089649,0.4375479192089649,107.45676900034641,244.08645335998153,8
1789207440,2026-09-12T10:04:00.000Z,0.43819272576801804,0.43819272576801804,0.43819272576801804,0.43819272576801804,0.6190739999997277,1.4127893130007578,1
1789207500,2026-09-12T10:05:00.000Z,0.43816745867925516,0.43816745867925516,0.43816745867925516,0.43816745867925516,0.013460000000122818,0.030718849000550108,1
1789207560,2026-09-12T10:06:00.000Z,0.43765408565579106,0.4382015441087293,0.43765408565579106,0.4382015441087293,5.385963999908654,12.305002830016747,3
1789207620,2026-09-12T10:07:00.000Z,0.4381524229970574,0.4381533360568901,0.4217111670592393,0.4217111670592393,29.955690999991475,68.68811473098765,4
1789207740,2026-09-12T10:09:00.000Z,0.4381439696737821,0.4381439696737821,0.4370340204303175,0.4380412615965757,35.17580499982387,80.45190582899158,3
1789207800,2026-09-12T10:10:00.000Z,0.4391881106440413,0.4391881106440413,0.4381183573831208,0.43811835805124133,5.0623540000051435,11.551450726990879,3
1789207860,2026-09-12T10:11:00.000Z,0.438229459703897,0.4382314572187332,0.438229459703897,0.4382314572187332,12.314251000061631,28.099881093017757,2
1789207920,2026-09-12T10:12:00.000Z,0.43735108559610925,0.43735108559610925,0.43735108559610925,0.43735108559610925,22.25421899999992,50.88410600300085,1
1789207980,2026-09-12T10:13:00.000Z,0.43467577546313596,0.43467577546313596,0.43467577546313596,0.43467577546313596,1.8838140000000294,4.333837095,1
1789208040,2026-09-12T10:14:00.000Z,0.43680915238158413,0.43680915238158413,0.43680915238158413,0.43680915238158413,12.267406000000392,28.084132242000123,1
1789208160,2026-09-12T10:16:00.000Z,0.43791552758017904,0.43791552758017904,0.43791552758017904,0.43791552758017904,22,50.237999373,1
1789208220,2026-09-12T10:17:00.000Z,0.43669648322962124,0.43669648322962124,0.435169236741156,0.435169236741156,4.679934000000017,10.753433198,2
1789208280,2026-09-12T10:18:00.000Z,0.4386694940768318,0.4386694940768318,0.4386694940768318,0.4386694940768318,749.6314560002647,1708.8752833789913,1
1789208340,2026-09-12T10:19:00.000Z,0.4365876421001271,0.4365876421001271,0.4365876421001271,0.4365876421001271,20.246964000165462,46.37548580800649,1
1789208400,2026-09-12T10:20:00.000Z,0.4338532190196057,0.4338532190196057,0.4338532190196057,0.4338532190196057,0.2618530001491308,0.603552050946746,1
1789208460,2026-09-12T10:21:00.000Z,0.43702392259527423,0.43702392259527423,0.43702392259527423,0.43702392259527423,2.5787639999762177,5.900738761993125,1
1789208580,2026-09-12T10:23:00.000Z,0.43670804581333994,0.43670804581333994,0.43670804581333994,0.43670804581333994,2.262260999996215,5.180259493004996,1
1789208640,2026-09-12T10:24:00.000Z,0.4368888824343062,0.4368888824343062,0.4368888824343062,0.4368888824343062,83.65586700011045,191.48087846499402,1
1789208700,2026-09-12T10:25:00.000Z,0.43856758071409513,0.43856758071409513,0.43856758071409513,0.43856758071409513,0.9178229998797178,2.092774386983365,1
1789208880,2026-09-12T10:28:00.000Z,0.43691422200426383,0.43691422200426383,0.43691422200426383,0.43691422200426383,1.1413469999097288,2.612290794000728,1
1789208940,2026-09-12T10:29:00.000Z,0.4389714605088764,0.4389714605088764,0.4389714605088764,0.4389714605088764,49.75029999995604,113.3337915459997,1
1789209060,2026-09-12T10:31:00.000Z,0.4387104890192988,0.4387104890192988,0.4387104890192988,0.4387104890192988,101.92979900026694,232.3395531940041,1
1789209120,2026-09-12T10:32:00.000Z,0.4371830077561264,0.4371830077561264,0.43223307912816555,0.43223307912816555,719.2230599997026,1663.4651510239821,2
1789209240,2026-09-12T10:34:00.000Z,0.4371182295124094,0.4371189454296348,0.4371182295124094,0.4371189454296348,122.13020700030029,279.39848436700413,2
1789209300,2026-09-12T10:35:00.000Z,0.43674736453786817,0.43674736453786817,0.43674736453786817,0.43674736453786817,2.791968999999881,6.39264075,1
1789209480,2026-09-12T10:38:00.000Z,0.43702085418078596,0.43702085418078596,0.4367346122208112,0.4367348795291879,34.803613000083715,79.65962492901599,5
1789209540,2026-09-12T10:39:00.000Z,0.4365834503369042,0.4365834503369042,0.4365834503369042,0.4365834503369042,47.50074099982157,108.80105730798095,1
1789209600,2026-09-12T10:40:00.000Z,0.4387567647464016,0.4387567647464016,0.4387567647464016,0.4387567647464016,0.044400000013411045,0.10119502097950317,1
1789209660,2026-09-12T10:41:00.000Z,0.4395477045763713,0.4395477045763713,0.4395477045763713,0.4395477045763713,267.82047999976203,609.309244960983,1
1789209720,2026-09-12T10:42:00.000Z,0.43757308034714876,0.43757308034714876,0.43757308034714876,0.43757308034714876,100.15756700001657,228.89334718798636,1
1789209780,2026-09-12T10:43:00.000Z,0.4377151374923536,0.4377151374923536,0.4288037767183442,0.4288037767183442,75.33640200016077,172.34455493600564,2
1789209840,2026-09-12T10:44:00.000Z,0.4376824841030387,0.4376824841030387,0.4376824841030387,0.4376824841030387,32.55802100012079,74.3873062840139,1
1789209900,2026-09-12T10:45:00.000Z,0.4368974252935727,0.4370350572121215,0.4368974252935727,0.4370350572121215,86.00687400018796,196.84564141900046,2
1789209960,2026-09-12T10:46:00.000Z,0.43704318250356233,0.43897276154664355,0.43704318250356233,0.4372159913136064,92.92396499961615,212.51397050797823,6
1789210140,2026-09-12T10:49:00.000Z,0.4373894721859959,0.4373894721859959,0.4373894721859959,0.4373894721859959,15.566641999874264,35.58988725100062,1
1789210200,2026-09-12T10:50:00.000Z,0.438107984864166,0.43927504086837516,0.438107984864166,0.43927504086837516,134.21023199958472,305.6082487829917,5
1789210260,2026-09-12T10:51:00.000Z,0.43964192194408197,0.43964192194408197,0.43879659160630585,0.4388871559576016,30.238395999904697,68.80049726300422,7
1789210440,2026-09-12T10:54:00.000Z,0.43841233407143726,0.43954219916308285,0.43839206028038163,0.43954219916308285,679.6503320001066,1548.8288708189793,5
1789210500,2026-09-12T10:55:00.000Z,0.4828527302902798,0.4828527302902798,0.4828527302902798,0.4828527302902798,326.2756039998494,675.7248815880157,1
1789210560,2026-09-12T10:56:00.000Z,0.44026179381748026,0.44026179381748026,0.44026179381748026,0.44026179381748026,0.4385290000009263,0.9960641739962739,1
1789210620,2026-09-12T10:57:00.000Z,0.4384019810223166,0.4384019810223166,0.4379391304778629,0.4379391304778629,2.423270999919623,5.53236576798372,2
1789210680,2026-09-12T10:58:00.000Z,0.4383976897310502,0.4383976897310502,0.4383976897310502,0.4383976897310502,21.396999000106007,48.807280470005935,1
1789210740,2026-09-12T10:59:00.000Z,0.4385692577496472,0.4401789998357824,0.43856922204717425,0.4401789998357824,17.318649000319965,39.41328568398785,4
1789210800,2026-09-12T11:00:00.000Z,0.43862801345414143,0.43862801345414143,0.43862801345414143,0.43862801345414143,0.6941019999794662,1.5824388290056959,1
1789210920,2026-09-12T11:02:00.000Z,0.43829717730999845,0.43829717730999845,0.43829717730999845,0.43829717730999845,0.25213999999687076,0.5752717860159464,1
1789211040,2026-09-12T11:04:00.000Z,0.43819467003053186,0.43819467003053186,0.43819467003053186,0.43819467003053186,0.3509150000008958,0.8008198729949072,1
1789211160,2026-09-12T11:06:00.000Z,0.43818778630734717,0.43818778630734717,0.43818778630734717,0.43818778630734717,0.03020699999979115,0.06893619800393935,1
1789211400,2026-09-12T11:10:00.000Z,0.43862738996178996,0.43878947523923845,0.43862738996178996,0.43878947523923845,191.96638900019252,437.65242250601904,3
1789211460,2026-09-12T11:11:00.000Z,0.4388115668260902,0.4388115668260902,0.43879427206829896,0.43879427206829896,2.664888999890536,6.073113206017297,2
1789211520,2026-09-12T11:12:00.000Z,0.4384597862835351,0.4384597862835351,0.4384597862835351,0.4384597862835351,1.6572269997559488,3.7796556300017983,1
1789211580,2026-09-12T11:13:00.000Z,0.43846097232423975,0.43846097232423975,0.43846097232423975,0.43846097232423975,1.6572269997559488,3.779645406000782,1
1789211760,2026-09-12T11:16:00.000Z,0.4376680316795386,0.4376680316795386,0.4376680316795386,0.4376680316795386,0.027031000000079075,0.06176142199910828,1
1789211820,2026-09-12T11:17:00.000Z,0.44168832712915107,0.44168832712915107,0.44168832712915107,0.44168832712915107,0.21999999999999975,0.49808878,1
1789211880,2026-09-12T11:18:00.000Z,0.4417719085859985,0.4420626071874728,0.4417719085859985,0.4420626071874728,0.6699999999999999,1.5161550940000001,3
1789211940,2026-09-12T11:19:00.000Z,0.4374868193977926,0.4419834889188878,0.4372870352371343,0.4419834889188878,13.298406999999898,30.3827924960004,5
1789212000,2026-09-12T11:20:00.000Z,0.44201427831847495,0.44271032155230466,0.44201427831847495,0.44271032155230466,1.1100000000000003,2.5098843570000002,5
1789212060,2026-09-12T11:21:00.000Z,0.44219217886999074,0.44289624975238473,0.44219217886999074,0.44233725574805055,0.6399999999999999,1.4464089579999992,3
1789212240,2026-09-12T11:24:00.000Z,0.43709914736644434,0.43709914736644434,0.43709914736644434,0.43709914736644434,55.28657100000055,126.48519525399752,1
1789212300,2026-09-12T11:25:00.000Z,0.4369745924614914,0.43869117710300265,0.4369745924614914,0.43869117710300265,199.26775700001735,456.016023703996,2
1789212360,2026-09-12T11:26:00.000Z,0.44369929444079115,0.44369929444079115,0.44222610785308614,0.44222610785308614,0.42999999999999994,0.9707765840000002,2
1789212420,2026-09-12T11:27:00.000Z,0.442147959757402,0.4424324340256449,0.441766560596381,0.4421735208326807,0.8200000000000001,1.8546417890000004,4
1789212480,2026-09-12T11:28:00.000Z,0.4421895661967006,0.4421895661967006,0.43395500000000053,0.43395500000000053,0.567164,1.297524176999998,2
1789212600,2026-09-12T11:30:00.000Z,0.4332539999999999,0.43388000000000027,0.4332539999999999,0.4337527272727269,0.715519,1.6500000000000004,3
1789212660,2026-09-12T11:31:00.000Z,0.4338516666666662,0.4359525645508145,0.43375090909090935,0.43375090909090935,1.409095,3.23789,3
1789212720,2026-09-12T11:32:00.000Z,0.43540532098379847,0.43540532098379847,0.43540532098379847,0.43540532098379847,0.961806000000001,2.20899,1
1789212780,2026-09-12T11:33:00.000Z,0.4339035714285712,0.43415517241379425,0.4339035714285712,0.43400428571428534,1.0372949999999999,2.3899999999999997,4
1789212840,2026-09-12T11:34:00.000Z,0.4339754716981131,0.45759827373281015,0.4339754716981131,0.4371935205032113,8.409434999999704,18.98899028700017,3
1789212900,2026-09-12T11:35:00.000Z,0.437077298455233,0.437077298455233,0.41882502220797463,0.43413965517241443,22.575967000077515,51.88308202298166,4
1789212960,2026-09-12T11:36:00.000Z,0.43768619097445766,0.43768619097445766,0.4341444444444443,0.4343786666666662,38.91724800004151,88.92590625202051,3
1789213020,2026-09-12T11:37:00.000Z,0.437685610579257,0.437685610579257,0.43296666666666633,0.43296666666666633,9.978890999625296,22.811532254002522,3
1789213080,2026-09-12T11:38:00.000Z,0.4340147058823534,0.4340147058823534,0.43387105263158066,0.43387105263158066,0.3124360000000008,0.72,2
1789213140,2026-09-12T11:39:00.000Z,0.43694871990209316,0.43694871990209316,0.43694871990209316,0.43694871990209316,0.1640959999999999,0.37554979,1
1789213260,2026-09-12T11:41:00.000Z,0.4388952368960719,0.4388952368960719,0.4388952285975698,0.438895229096217,1.2273500002920628,2.7964532710029744,6
1789213320,2026-09-12T11:42:00.000Z,0.43927503617359726,0.43927504089449504,0.4385389691390005,0.4385389691390005,101.93688299981659,232.05746997101232,3
1789213380,2026-09-12T11:43:00.000Z,0.439415289497034,0.439415289497034,0.439415289497034,0.439415289497034,8.078906000126153,18.385582371003693,1
1789213440,2026-09-12T11:44:00.000Z,0.4393891286148175,0.4403768952426369,0.4357977436814619,0.4395555510578994,190.9243490000401,433.9109323389968,5
1789213500,2026-09-12T11:45:00.000Z,0.43964518958053667,0.44309600877463573,0.43964518958053667,0.44038733088655685,3328.6892839999073,7513.918136294022,17
1789213560,2026-09-12T11:46:00.000Z,0.4403711835777757,0.4404116094240996,0.4398842885178771,0.4398842885178771,71.37625599999956,162.06899522599997,3
1789213620,2026-09-12T11:47:00.000Z,0.43929026821381834,0.43929026821381834,0.43929026821381834,0.43929026821381834,33.27208900000005,75.7405556359954,1
1789213680,2026-09-12T11:48:00.000Z,0.43929029469983244,0.4406783167929035,0.43929029469983244,0.4406783167929035,50.03231600000072,113.53501228000005,2
1789213740,2026-09-12T11:49:00.000Z,0.4407975509413501,0.4407975509413501,0.4392913255434355,0.43929149526683503,1036.5570929999994,2351.833452046012,4
1789213860,2026-09-12T11:51:00.000Z,0.43504620076465905,0.4379736677584002,0.43504620076465905,0.4379736677584002,14.002731999999998,32.129077966,2
1789213920,2026-09-12T11:52:00.000Z,0.43880847648572596,0.43880847648572596,0.4381922202920995,0.4381922202920995,1649.9878119998612,3765.237356253987,2
1789214040,2026-09-12T11:54:00.000Z,0.4400332010889262,0.4400332010889262,0.4400332010889262,0.4400332010889262,0.10014699958264828,0.2275896439969074,1
1789214100,2026-09-12T11:55:00.000Z,0.439988052636907,0.4410414671830963,0.43997245235318344,0.4410136527256643,1.6066040001628608,3.6487784029905015,6
1789214160,2026-09-12T11:56:00.000Z,0.44009514592512755,0.44060677099767215,0.44009514592512755,0.44060677099767215,1.1644659996031805,2.645835164013988,4
1789214280,2026-09-12T11:58:00.000Z,0.44148329858476765,0.44148329858476765,0.44148329858476765,0.44148329858476765,89.5542860000005,202.84863841300103,1
1789214340,2026-09-12T11:59:00.000Z,0.4430818749871522,0.4430818749871522,0.4204297559060449,0.4409929085644927,1039.1432499999603,2345.578800452,8
1789214400,2026-09-12T12:00:00.000Z,0.4409945395321199,0.44248046996741985,0.440684953261594,0.44248046996741985,1135.2256340000545,2565.773297144002,6
1789214520,2026-09-12T12:02:00.000Z,0.44038823907602115,0.44038936780034743,0.44038823907602115,0.44038936780034743,6.7258529999999155,15.27252452999528,2
1789214640,2026-09-12T12:04:00.000Z,0.4403121223914211,0.4403896289476945,0.4403121223914211,0.4403896289476945,390.6554719998603,887.212088836015,2
1789214700,2026-09-12T12:05:00.000Z,0.4405235625707712,0.4405235625707712,0.4405235625707712,0.4405235625707712,123.55381300020963,280.4703845560143,1
1789214820,2026-09-12T12:07:00.000Z,0.35429349937040283,0.35429349937040283,0.35429349937040283,0.35429349937040283,1.1490059999996447,3.243090833,1
1789214940,2026-09-12T12:09:00.000Z,0.4407772078178263,0.4407772078178263,0.4407772078178263,0.4407772078178263,0.2525189998559654,0.5728948670148384,1
1789215000,2026-09-12T12:10:00.000Z,0.4407902616421139,0.44222372544537025,0.4407902616421139,0.44222372544537025,0.742567999754101,1.6806201439758297,7
1789215060,2026-09-12T12:11:00.000Z,0.4400520948984324,0.4400520948984324,0.4355357380029213,0.4355357380029213,750.3572879998172,1705.359798736999,2
1789215180,2026-09-12T12:13:00.000Z,0.4405298097622657,0.44052981201083297,0.4405298097622657,0.44052981108541256,224.4909330001101,509.5930563180009,3
1789215240,2026-09-12T12:14:00.000Z,0.44176332183725125,0.44176332183725125,0.4417283272467718,0.4417401153135168,4.91667400021106,11.130206168018049,3
1789215300,2026-09-12T12:15:00.000Z,0.4418172565433758,0.4418172565433758,0.4418172565433758,0.4418172565433758,32.18891800008714,72.85572829798912,1
1789215540,2026-09-12T12:19:00.000Z,0.44035564103463337,0.44035564103463337,0.44035564103463337,0.44035564103463337,0.5249439999997776,1.192091008000716,1
1789215720,2026-09-12T12:22:00.000Z,0.44140454948926594,0.4417157282571483,0.4412865397079844,0.4416598998886039,159.45150900026783,361.2443016140125,5
1789215840,2026-09-12T12:24:00.000Z,0.4402940276122286,0.4402940276122286,0.4402940276122286,0.4402940276122286,2.7548699999997552,6.256887051000376,1
1789215900,2026-09-12T12:25:00.000Z,0.44105657636121404,0.44126989090047425,0.4410513578708497,0.44126988680369633,17.38277400052175,39.41010587499477,10
1789215960,2026-09-12T12:26:00.000Z,0.4412579348815387,0.4412579348815387,0.4412579348815387,0.4412579348815387,0.02000000001862645,0.04532496401225217,1
1789216020,2026-09-12T12:27:00.000Z,0.4413443902634497,0.4413443902634497,0.4396642242120475,0.4396642242120475,178.63518699975657,405.02762352096033,3
1789216080,2026-09-12T12:28:00.000Z,0.44162497384735433,0.44162497384735433,0.43874727720428097,0.43874727720428097,89.83291599979776,204.16406131000505,3
1789216260,2026-09-12T12:31:00.000Z,0.43996633847782957,0.43996633847782957,0.43996633847782957,0.43996633847782957,505.402531999629,1148.7299999999814,1
1789216320,2026-09-12T12:32:00.000Z,0.44042952709088323,0.44042952709088323,0.44042952709088323,0.44042952709088323,3.0072800000198185,6.828061733016511,1
1789216380,2026-09-12T12:33:00.000Z,0.4418504544177283,0.4418504544177283,0.4418504544177283,0.4418504544177283,32.628667,73.84549834399999,1
1789216440,2026-09-12T12:34:00.000Z,0.4387217810018128,0.4387217810018128,0.4387217810018128,0.4387217810018128,0.5612479999999991,1.27928,1
1789216500,2026-09-12T12:35:00.000Z,0.44143809824976665,0.44143809824976665,0.4382522632023427,0.4382522632023427,23.917422000069944,54.19007275098164,3
1789216560,2026-09-12T12:36:00.000Z,0.43888187584814115,0.43888187584814115,0.43883194864269237,0.43883194864269237,1.3068390000000036,2.97785,2
1789216620,2026-09-12T12:37:00.000Z,0.43963472611006305,0.43963472611006305,0.43963472611006305,0.43963472611006305,6.4906799998134375,14.763801888999296,1
1789216680,2026-09-12T12:38:00.000Z,0.4269649307532965,0.4269649307532965,0.4269649307532965,0.4269649307532965,3.3833290000002307,7.924137924,1
1789216800,2026-09-12T12:40:00.000Z,0.44110950058505505,0.44110950058505505,0.4393593256416536,0.44108276682029496,207.7978860004805,471.44180392299313,6
1789216860,2026-09-12T12:41:00.000Z,0.44069776087908186,0.44069776087908186,0.44069776087908186,0.44069776087908186,2.4753189999610186,5.6168177369982,1
1789216920,2026-09-12T12:42:00.000Z,0.44086007285749784,0.44086007285749784,0.43489859190749053,0.43489859190749053,44.75699900003019,102.83666703899873,2
1789216980,2026-09-12T12:43:00.000Z,0.44069269908860753,0.44069269908860753,0.44069269908860753,0.44069269908860753,1.0530130001716316,2.389449615002377,1
1789217040,2026-09-12T12:44:00.000Z,0.4393134666569417,0.4393134666569417,0.4393134666569417,0.4393134666569417,77.69856299999992,176.86360400300327,1
1789217400,2026-09-12T12:50:00.000Z,0.43935156035172745,0.43935156035172745,0.43935156035172745,0.43935156035172745,0.8686499999998887,1.977118277000045,1
1789217520,2026-09-12T12:52:00.000Z,0.43849885301203767,0.43849885301203767,0.43849885301203767,0.43849885301203767,4.405948999803513,10.047800511994865,1
1789217580,2026-09-12T12:53:00.000Z,0.4398272234349555,0.4398272234349555,0.4398272234349555,0.4398272234349555,4.439178000204265,10.093004169990309,1
1789217640,2026-09-12T12:54:00.000Z,0.43819976859464627,0.43819976859464627,0.437988807453797,0.437988807453797,135.6142920000002,309.5706331860056,2
1789217700,2026-09-12T12:55:00.000Z,0.4380790222111851,0.43934105871602114,0.4380790222111851,0.43934105871602114,201.31397500005914,459.4654371999859,9
1789218300,2026-09-12T13:05:00.000Z,0.43978718146743007,0.43978718146743007,0.4394573136334389,0.4394573136334389,215.36171600036323,490.04377732699504,2
1789218360,2026-09-12T13:06:00.000Z,0.4432052348664398,0.4432052348664398,0.43795026429877104,0.43795026429877104,378.8868340011686,864.8659390070275,2
1789218480,2026-09-12T13:08:00.000Z,0.43882940025792805,0.43882940025792805,0.43882940025792805,0.43882940025792805,2.923828000202775,6.662789682013681,1
1789218540,2026-09-12T13:09:00.000Z,0.20785899047820622,0.20785899047820622,0.20785899047820622,0.20785899047820622,0.25190199999999996,1.211888884,1
1789218600,2026-09-12T13:10:00.000Z,0.4382335464088963,0.44015011909907836,0.4382335464088963,0.44015011909907836,74.81052899990027,170.46398927102564,6
1789218660,2026-09-12T13:11:00.000Z,0.4400765119991511,0.4400765119991511,0.4400765119991511,0.4400765119991511,4.996160000097007,11.352934918977553,1
1789218780,2026-09-12T13:13:00.000Z,0.43968825548468576,0.4397305543984629,0.43968825548468576,0.4397259957216462,3,6.822602021013154,3
1789218900,2026-09-12T13:15:00.000Z,0.4377028263795352,0.439632333975969,0.4361112810286393,0.4361112810286393,59.59259799999997,135.77374560999982,4
1789218960,2026-09-12T13:16:00.000Z,0.4358429419500339,0.4358429419500339,0.4358429419500339,0.4358429419500339,13.482383000000027,30.93404,1
1789219020,2026-09-12T13:17:00.000Z,0.43605416898907984,0.43605416898907984,0.435872559334666,0.435872559334666,20.399528999999887,46.79430000000001,3
1789219080,2026-09-12T13:18:00.000Z,0.4374116281840912,0.4374116281840912,0.4374116281840912,0.4374116281840912,31.908965999726206,72.94951469899388,1
1789219140,2026-09-12T13:19:00.000Z,0.4427017975483857,0.4427017975483857,0.4427017975483857,0.4427017975483857,1.5,3.388285316,1
1789219380,2026-09-12T13:23:00.000Z,0.43906905642737315,0.43906905657287354,0.43906905642737315,0.43906905657287354,3.2503480003215373,7.402817283989862,2
1789219440,2026-09-12T13:24:00.000Z,0.437179727074799,0.437179727074799,0.437179727074799,0.437179727074799,1.494353000074625,3.418166276998818,1
1789219500,2026-09-12T13:25:00.000Z,0.4390518631764619,0.4390518631764619,0.433321795998237,0.43893965666797513,9.63189000050345,22.07367449098998,8
1789219560,2026-09-12T13:26:00.000Z,0.43710262075737083,0.43710262075737083,0.43710262075737083,0.43710262075737083,3.8785680000000866,8.873357915996166,1
1789219620,2026-09-12T13:27:00.000Z,0.43728760236494396,0.43731061363425283,0.43728717398945816,0.43731061363425283,14.562479000072926,33.301606675988296,4
1789219680,2026-09-12T13:28:00.000Z,0.4399155553536033,0.4399155553536033,0.4399155553536033,0.4399155553536033,133.0077960001072,302.34847206799896,1
1789219740,2026-09-12T13:29:00.000Z,0.4192766450539771,0.43919757248178265,0.4192766450539771,0.43919757248178265,2.266765000073254,5.389176910996461,3
1789219800,2026-09-12T13:30:00.000Z,0.4390002274454897,0.4390002274454897,0.4389711166786553,0.4389711166786553,5.604317999910563,12.76692679701955,2
1789219860,2026-09-12T13:31:00.000Z,0.4388736190006894,0.4388736190006894,0.4388736190006894,0.4388736190006894,243.70338799990714,555.2928621110041,1
1789220340,2026-09-12T13:39:00.000Z,0.43929705185100615,0.43929705185100615,0.43929705185100615,0.43929705185100615,0.9899499999992258,2.2534865550042014,1
1789220400,2026-09-12T13:40:00.000Z,0.43929700177597564,0.4393041205226122,0.4381706605555565,0.4381706605555565,453.64758199994503,1035.3204270150018,6
1789220640,2026-09-12T13:44:00.000Z,0.4374162227029233,0.43967621620393166,0.4374162227029233,0.4395768592359669,363.1966759988827,827.3364009859943,8
1789220700,2026-09-12T13:45:00.000Z,0.4408674076173203,0.4408674076173203,0.4408674076173203,0.4408674076173203,10,22.68255676700001,1
1789220880,2026-09-12T13:48:00.000Z,0.5245807466771502,0.5245807466771502,0.4369732493014185,0.437103248542197,475.647719000046,1014.4479777559973,3
1789220940,2026-09-12T13:49:00.000Z,0.4370194083389508,0.4370194083389508,0.4370194083389508,0.4370194083389508,117.39976599998772,268.6374192080111,1
1789221000,2026-09-12T13:50:00.000Z,0.43718912376877833,0.43730427660690824,0.43709991225762457,0.43709991225762457,8.569456000000173,19.600091853999402,3
1789221180,2026-09-12T13:53:00.000Z,0.4371654150487777,0.4371654150487777,0.4371654150487777,0.4371654150487777,78.21405200008303,178.9118015919812,1
1789221240,2026-09-12T13:54:00.000Z,0.4391998710971187,0.4392908879494284,0.4391998710971187,0.4392908879494284,26.854944000020623,61.13710898498539,2
1789221300,2026-09-12T13:55:00.000Z,0.4375783501277298,0.4393264717541488,0.4375783501277298,0.43929699655870097,291.94523599996865,667.1803532780032,6
1789221360,2026-09-12T13:56:00.000Z,0.4392970319699064,0.43929782517649857,0.43926493379886417,0.43929782517649857,190.2677210000129,433.1322339230028,5
1789221600,2026-09-12T14:00:00.000Z,0.43869052302646816,0.43869052302646816,0.43869052302646816,0.43869052302646816,133.36191900004633,304,1
1789221660,2026-09-12T14:01:00.000Z,0.439536727265357,0.439536727265357,0.4377822106793028,0.4377822106793028,36.48809099989012,83.21901401301147,2
1789221780,2026-09-12T14:03:00.000Z,0.4384271728695277,0.4388003232058152,0.4384271728695277,0.43865686496089246,675.9177730004303,1540.8824517780158,3
1789221840,2026-09-12T14:04:00.000Z,0.43751279017793226,0.464025720964274,0.43751279017793226,0.464025720964274,6.434073999999995,14.444835905,2
1789221900,2026-09-12T14:05:00.000Z,0.42245556564486314,0.42245556564486314,0.42245556564486314,0.42245556564486314,2.6250289999999996,6.21373989,1
1789221960,2026-09-12T14:06:00.000Z,0.43899039726935724,0.4391975204851071,0.43899039726935724,0.4391975204851071,286.29024099977687,652.1380482620152,2
1789222020,2026-09-12T14:07:00.000Z,0.4391515574768022,0.4401447536314628,0.4391515574768022,0.4401447536314628,93.62274100031209,213.16622359998473,4
1789222080,2026-09-12T14:08:00.000Z,0.4385552749128383,0.43889557713802957,0.4385552749128383,0.43889557713802957,43.96929999999702,100.25440892399638,4
1789222140,2026-09-12T14:09:00.000Z,0.44019535032768387,0.44019535032768387,0.44019535032768387,0.44019535032768387,0.46233399999982794,1.0502927840007033,1
1789222200,2026-09-12T14:10:00.000Z,0.43897110000252726,0.4404267873517584,0.43897110000252726,0.4404267873517584,12.149167999911242,27.630203820017414,10
1789222260,2026-09-12T14:11:00.000Z,0.43821832750015893,0.43821832750015893,0.43821832750015893,0.43821832750015893,876.4366550003178,2000,1
1789222320,2026-09-12T14:12:00.000Z,0.438604467019449,0.438604467019449,0.43839784450103086,0.43839784450103086,204.71375900041312,466.9561726919783,2
1789222380,2026-09-12T14:13:00.000Z,0.4399706783063396,0.4399706783063396,0.437918299344874,0.437918299344874,120.77891499968246,274.6430082889565,4
1789222440,2026-09-12T14:14:00.000Z,0.42336425141353073,0.43985661974124174,0.42336425141353073,0.43985661974124174,5.608923999982595,13.004512726978989,2
1789222500,2026-09-12T14:15:00.000Z,0.4399282377442726,0.4399282377442726,0.4397539752807304,0.4397539752807304,72.27806799998507,164.3144115830073,2
1789222560,2026-09-12T14:16:00.000Z,0.43979060927485397,0.4399971600360545,0.43819591416980996,0.4381959253319725,183.57144899964987,417.41145703598886,7
1789222620,2026-09-12T14:17:00.000Z,0.42204061749450605,0.42204061749450605,0.42204061749450605,0.42204061749450605,2.58279500000026,6.11977827,1
1789222680,2026-09-12T14:18:00.000Z,0.43868109778593,0.43868109778593,0.43868109778593,0.43868109778593,84.48579800035805,192.59046817099443,1
1789222800,2026-09-12T14:20:00.000Z,0.4399141896707888,0.4399141896707888,0.4399141896707888,0.4399141896707888,124.9830559999682,284.1078076919948,1
1789222860,2026-09-12T14:21:00.000Z,0.4368814621303717,0.4368814621303717,0.4368814621303717,0.4368814621303717,2.5770720000000154,5.89879,1
1789223040,2026-09-12T14:24:00.000Z,0.43819591791971246,0.43819591791971246,0.43819333534570054,0.43819333534570054,1.7677999999996246,4.0342692010017345,2
1789223160,2026-09-12T14:26:00.000Z,0.43977172707804096,0.44002728157959814,0.439771717005451,0.44002728157959814,0.7902270001359284,1.7959903549926821,4
1789223220,2026-09-12T14:27:00.000Z,0.438217921096507,0.43914479432845,0.438217921096507,0.43914479432845,128.73037799974736,293.2679125750001,2
1789223400,2026-09-12T14:30:00.000Z,0.4381944947253477,0.4381944947253477,0.4381944947253477,0.4381944947253477,0.1211490000005142,0.27647312200133456,1
1789223520,2026-09-12T14:32:00.000Z,0.4359940400604146,0.4359940400604146,0.4359940400604146,0.4359940400604146,4.278051999999999,9.81218,1
1789223640,2026-09-12T14:34:00.000Z,0.42374777744010017,0.44026437943760677,0.42374777744010017,0.44026437943760677,4.068041000020457,9.495164137011262,2
1789223700,2026-09-12T14:35:00.000Z,0.4386835148160008,0.4386835148160008,0.4385195900284854,0.4385195900284854,422.5188009995036,963.2640902540006,2
1789223820,2026-09-12T14:37:00.000Z,0.4392825487250149,0.4392825487250149,0.4392825487250149,0.4392825487250149,451.4979290002957,1027.8075701179914,1
1789223880,2026-09-12T14:38:00.000Z,0.4391957412923302,0.4391957412923302,0.4391957412923302,0.4391957412923302,22.06958599993959,50.25,1
1789223940,2026-09-12T14:39:00.000Z,0.44056939801511114,0.44056939801511114,0.43929046945089495,0.43929046945089495,162.6258539999999,369.2556304750033,2
1789224000,2026-09-12T14:40:00.000Z,0.4393130980675194,0.44017667458739984,0.4393130980675194,0.44017667458739984,3.057391000096686,6.95923997600039,2
1789224060,2026-09-12T14:41:00.000Z,0.4383937623383851,0.4385375804164756,0.4383937623383851,0.4385375804164756,148.47514300001785,338.6700450530043,2
1789224120,2026-09-12T14:42:00.000Z,0.44038551138884124,0.44038551138884124,0.4209724275046241,0.4381689438299124,48.97361899983872,111.99116924398838,3
1789224180,2026-09-12T14:43:00.000Z,0.44039045876763777,0.44039045876763777,0.440334033551353,0.440334033551353,0.09214100008830428,0.20923741400474682,2
1789224240,2026-09-12T14:44:00.000Z,0.4403467126808926,0.4403467126808926,0.4403467126808926,0.4403467126808926,0.05043999990448356,0.1145461029955186,1
1789224300,2026-09-12T14:45:00.000Z,0.44036381778252576,0.44036381778252576,0.44035745526968045,0.44035745526968045,69.37672899989411,157.54411875200458,2
1789224360,2026-09-12T14:46:00.000Z,0.4409222423282714,0.4409222423282714,0.4409222423282714,0.4409222423282714,0.0437910002656281,0.09931683199829422,1
1789224420,2026-09-12T14:47:00.000Z,0.4347890607818843,0.44120180612616294,0.4347890607818843,0.44120180612616294,12.9498420001485,29.71171423798995,4
1789224480,2026-09-12T14:48:00.000Z,0.440711614680345,0.440711614680345,0.43827803674252974,0.43827803674252974,19.202161000000167,43.59532770799949,3
1789224540,2026-09-12T14:49:00.000Z,0.4383301367594137,0.4383301367594137,0.4383301367594137,0.4383301367594137,0.4416169999999511,1.007498602000851,1
1789224600,2026-09-12T14:50:00.000Z,0.4394183615499287,0.4394183615499287,0.43930385179564996,0.43930385179564996,146.31830599997193,333.0685548420006,2
1789224660,2026-09-12T14:51:00.000Z,0.44096748417069714,0.44096748417069714,0.44096748417069714,0.44096748417069714,0.09918999999990774,0.22493722000035632,1
1789224720,2026-09-12T14:52:00.000Z,0.43920158301275,0.4411040163093879,0.43920158301275,0.4411040163093879,463.67309099981867,1052.148939800025,3
1789224780,2026-09-12T14:53:00.000Z,0.44098989514846704,0.44098989514846704,0.44098989514846704,0.44098989514846704,396.10623600007966,898.2206630079891,1
1789224840,2026-09-12T14:54:00.000Z,0.44079044720915045,0.44079044720915045,0.44079044720915045,0.44079044720915045,82.24036499997601,186.57474435001495,1
1789224900,2026-09-12T14:55:00.000Z,0.44096276359673664,0.44096276359673664,0.44096177217402255,0.44096177217402255,0.17965899966657162,0.4074247109820135,2
1789224960,2026-09-12T14:56:00.000Z,0.4393165955414601,0.43951025006175737,0.4393165955414601,0.43951025006175737,25.4054769994691,57.824117693991866,3
1789225020,2026-09-12T14:57:00.000Z,0.43961393065032645,0.44140907841560606,0.43961393065032645,0.44140907841560606,1599.3552470002323,3624.2139974569873,2
1789225080,2026-09-12T14:58:00.000Z,0.43961170896722584,0.4400776063451438,0.43961170896722584,0.4400776063451438,116.83881400043413,265.53776372299063,2
1789225140,2026-09-12T14:59:00.000Z,0.4417221294548214,0.4417221294548214,0.43985104691764687,0.43986003810392127,50.020633999785346,113.71885974400686,3
1789225200,2026-09-12T15:00:00.000Z,0.4409908501795687,0.4409908501795687,0.4401597869368268,0.4401883242416334,283.7233760000672,643.419241687021,4
1789225260,2026-09-12T15:01:00.000Z,0.44019437771708,0.44019437771708,0.44019437771708,0.44019437771708,0.015130000188946724,0.0343711799941957,1
1789225320,2026-09-12T15:02:00.000Z,0.440297667845097,0.4490631661643557,0.440297667845097,0.4407975099718054,193.46731799927136,438.26771508600376,9
1789225380,2026-09-12T15:03:00.000Z,0.4409383389826435,0.4415956005093454,0.16759445346420623,0.4409321083753385,244.9115550001152,555.2589255369967,18
1789225440,2026-09-12T15:04:00.000Z,0.4406123793659449,0.4408449257940784,0.4406123793659449,0.44083857690362216,491.37722699996084,1114.6996373169823,3
1789225500,2026-09-12T15:05:00.000Z,0.4405549650218203,0.44061423568433455,0.4405549650218203,0.44061423568433455,54.68966400017962,124.1365512710181,2
1789225560,2026-09-12T15:06:00.000Z,0.44092391132401726,0.44097082654344755,0.44090470093849715,0.44097082654344755,99.39280999964103,225.4074731039873,3
1789225620,2026-09-12T15:07:00.000Z,0.4410865353699751,0.44108708275554376,0.44020757141039374,0.44020757141039374,55.63786600046837,126.14790859200336,3
1789225680,2026-09-12T15:08:00.000Z,0.4417231921067127,0.4432638557049113,0.4380464015502726,0.44169142855597393,1339.0528060000663,3024.4324744579785,15
1789225740,2026-09-12T15:09:00.000Z,0.44167436475520533,0.4426018774346767,0.44167436475520533,0.4421187147958376,131.33726700119405,296.80518450101954,19
1789225800,2026-09-12T15:10:00.000Z,0.4423588026880373,0.4438064800987142,0.44152136827088906,0.44363057285409874,232.65421200052165,525.2702625290227,30
1789225860,2026-09-12T15:11:00.000Z,0.44141707407328923,0.4437109087997096,0.44001974116171655,0.44001974116171655,108.438450999872,244.93151351097575,6
1789225920,2026-09-12T15:12:00.000Z,0.44045195516570246,0.44324785696649005,0.44045195516570246,0.44324785696649005,149.81029500000975,339.20893049402235,5
1789225980,2026-09-12T15:13:00.000Z,0.43956017407378545,0.44151250839093764,0.43956017407378545,0.43976220544234096,188.31240799999745,427.9245469479996,4
1789226040,2026-09-12T15:14:00.000Z,0.44300677991668946,0.44300677991668946,0.4387413497826291,0.4387413497826291,0.6061479996749739,1.3806836969806533,2
1789226100,2026-09-12T15:15:00.000Z,0.4397531487721667,0.4426798909351607,0.4397531487721667,0.4426798909351607,13.269029999784038,30.173036779007724,2
1789226160,2026-09-12T15:16:00.000Z,0.4406472331556718,0.4406472331556718,0.4406472331556718,0.4406472331556718,66.633758,151.217919883,1
1789226220,2026-09-12T15:17:00.000Z,0.4395807242426458,0.4395807242426458,0.4395807242426458,0.4395807242426458,4.296250999999984,9.77352,1
1789226280,2026-09-12T15:18:00.000Z,0.4422409334630664,0.4422409334630664,0.4422409334630664,0.4422409334630664,49.83193500014022,112.68051243000082,1
1789226340,2026-09-12T15:19:00.000Z,0.44241508869195123,0.44241508869195123,0.4423549591625311,0.442379408942005,58.26441500009969,131.70536135297152,5
1789226400,2026-09-12T15:20:00.000Z,0.44182551658263375,0.442101419080113,0.44182551658263375,0.442101419080113,149.49665200011805,338.2410971150093,3
1789226460,2026-09-12T15:21:00.000Z,0.44071098317669766,0.4426406721744244,0.44071098317669766,0.4426406721744244,107.45603200000046,242.83546672100348,3
1789226520,2026-09-12T15:22:00.000Z,0.4412024220499183,0.44267178341341273,0.10178622766365318,0.4426621208056822,120.76917199874602,359.6830398120129,9
1789226580,2026-09-12T15:23:00.000Z,0.4408977165523546,0.4422246633707941,0.4408977165523546,0.4409040000000033,407.6701650003474,921.9205305060091,3
1789226640,2026-09-12T15:24:00.000Z,0.44027671468002494,0.4440001216304355,0.44027671468002494,0.44108071374394514,4273.016769000144,9656.347307218944,6
1789226760,2026-09-12T15:26:00.000Z,0.4436713358011094,0.44370646789378704,0.44082662208768447,0.4411177745811132,21.50654600002349,48.70317167402856,9
1789226880,2026-09-12T15:28:00.000Z,0.4436721915562798,0.44370865694570694,0.44208448346847146,0.44370865694570694,1.263540999874749,2.8487126989930402,3
1789226940,2026-09-12T15:29:00.000Z,0.44371262331586925,0.44371262331586925,0.44371262331586925,0.44371262331586925,0.04335999999966589,0.09772090700425906,1
1789227000,2026-09-12T15:30:00.000Z,0.4407699817006862,0.4437100019235261,0.4407699817006862,0.44096816678356027,14.672232999999999,33.273276673995205,5
1789227060,2026-09-12T15:31:00.000Z,0.44240652411024406,0.44240652411024406,0.44240652411024406,0.44240652411024406,128.27963900000032,289.958741585,1
1789227120,2026-09-12T15:32:00.000Z,0.4417974075273682,0.4417974075273682,0.4417974075273682,0.4417974075273682,0.06732100015506148,0.15237979899393395,1
1789227180,2026-09-12T15:33:00.000Z,0.4394602463997484,0.44272905034050974,0.4394602463997484,0.44272905034050974,2.0611709999398897,4.6893799500051605,2
1789227240,2026-09-12T15:34:00.000Z,0.4426177632693855,0.4426177632693855,0.4426177632693855,0.4426177632693855,0.04458600003272295,0.10073251399444416,1
1789227300,2026-09-12T15:35:00.000Z,0.4428889511962868,0.4428889511962868,0.4428889511962868,0.4428889511962868,0.044841999653726816,0.10124885602272116,1
1789227360,2026-09-12T15:36:00.000Z,0.44305656030085117,0.44305656030085117,0.44305656030085117,0.44305656030085117,0.04509099991992116,0.10177255899179727,1
1789227420,2026-09-12T15:37:00.000Z,0.44151278322909265,0.4430386657566891,0.44151270745726945,0.4430386657566891,94.8883610001485,214.91603589800798,3
1789227480,2026-09-12T15:38:00.000Z,0.4422995385894087,0.4422995385894087,0.4422995385894087,0.4422995385894087,0.04876099992543459,0.11024429299868643,1
1789227540,2026-09-12T15:39:00.000Z,0.44308528179057677,0.44308528179057677,0.44308528179057677,0.44308528179057677,0.04874700028449297,0.11001719598425552,1
1789227600,2026-09-12T15:40:00.000Z,0.4427773618138148,0.4427773618138148,0.4426547306686781,0.4426547392444147,0.6796639999374747,1.5351395230100024,5
1789227660,2026-09-12T15:41:00.000Z,0.44259316794892206,0.44259316794892206,0.44259316794892206,0.44259316794892206,0.04278800077736378,0.09667569198063575,1
1789227720,2026-09-12T15:42:00.000Z,0.43915585847659244,0.43915585847659244,0.43915585847659244,0.43915585847659244,18.78715600000001,42.780155695,1
1789227900,2026-09-12T15:45:00.000Z,0.4437098481503947,0.4437098481503947,0.4437098481503947,0.4437098481503947,0.039480000001276494,0.08897706500283675,1
1789227960,2026-09-12T15:46:00.000Z,0.44368428482428535,0.44368428482428535,0.44368428482428535,0.44368428482428535,119.62104499999987,269.6084785769999,1
1789228020,2026-09-12T15:47:00.000Z,0.44147992922886103,0.44147992922886103,0.44147992922886103,0.44147992922886103,7.4558190000000195,16.88824,1
1789228140,2026-09-12T15:49:00.000Z,0.44149068514104084,0.44149068514104084,0.44149042746052736,0.44149042746052736,2.8811960000002728,6.526064174002386,2
1789228200,2026-09-12T15:50:00.000Z,0.44393829987285,0.44393829987285,0.4416355195714481,0.4416355195714481,530.4495730007875,1197.0805967440313,4
1789228260,2026-09-12T15:51:00.000Z,0.44077468625156296,0.44077468625156296,0.44077468625156296,0.44077468625156296,0.8738269999999986,1.98248,1
1789228320,2026-09-12T15:52:00.000Z,0.4421248150189205,0.4421248150189205,0.4421248150189205,0.4421248150189205,256.96239699982107,581.19876621,1
1789228380,2026-09-12T15:53:00.000Z,0.44371566277433117,0.44371566277433117,0.44117077574625146,0.44117077574625146,12.806521000000487,29.027937121000587,2
1789228440,2026-09-12T15:54:00.000Z,0.44016623573891955,0.44016623573891955,0.44016623573891955,0.44016623573891955,16.969499999999982,38.55248,1
1789228500,2026-09-12T15:55:00.000Z,0.4401659999999993,0.4430541947837337,0.42884199035862974,0.44300315792234307,5.763062000414834,13.277799455001988,8
1789228560,2026-09-12T15:56:00.000Z,0.4401662316475754,0.4430081512783385,0.4401662316475754,0.4430081512783385,68.70601199949787,155.80622256899218,4
1789228620,2026-09-12T15:57:00.000Z,0.44340488808350187,0.44340488808350187,0.44340488808350187,0.44340488808350187,0.045024000108242035,0.1015415060101077,1
1789228680,2026-09-12T15:58:00.000Z,0.4402636811055692,0.4434159373843897,0.4402636811055692,0.4434159373843897,1.3883699996675816,3.152889464017376,2
1789228740,2026-09-12T15:59:00.000Z,0.4433443085122664,0.44342469982563903,0.4416066268246954,0.44342469982563903,79.52842199988663,179.41008280802635,7
1789228800,2026-09-12T16:00:00.000Z,0.44230873063107284,0.44230873063107284,0.44230873063107284,0.44230873063107284,361.9726770007983,818.3710877340054,1
1789228860,2026-09-12T16:01:00.000Z,0.44368428753054634,0.44368428753054634,0.44368428753054634,0.44368428753054634,73.4249290000007,165.48913509799604,1
1789228920,2026-09-12T16:02:00.000Z,0.44388387861370665,0.44422689234283824,0.4437078595379813,0.4437078595379813,343.67495899994753,773.790436441997,4
1789228980,2026-09-12T16:03:00.000Z,0.44346870714985076,0.4444202032876318,0.42127001780094575,0.4435113817120568,168.8616970007946,380.1978208969723,6
1789229040,2026-09-12T16:04:00.000Z,0.4445063113448703,0.4449187062740982,0.44343874116035353,0.4449187062740982,1052.8429090000245,2367.466226766992,10
1789229100,2026-09-12T16:05:00.000Z,0.4441329771641146,0.44510326053225163,0.4432761514667874,0.44479707194401247,494.54127200029325,1111.6823220960214,18
1789229160,2026-09-12T16:06:00.000Z,0.4438874838384126,0.4441159375331681,0.4438874838384126,0.4441159375331681,3.420109000056982,7.701793201995315,4
1789229280,2026-09-12T16:08:00.000Z,0.4440206427253524,0.44437801323202414,0.4435082820851948,0.44437801323202414,2.412454000674188,5.434149335977509,7
1789229340,2026-09-12T16:09:00.000Z,0.44439110595340736,0.44439110595340736,0.44362324619856514,0.44362324619856514,4.462458999250889,10.058804432999754,2
1789229400,2026-09-12T16:10:00.000Z,0.4520435483588142,0.4520435483588142,0.44255855183353204,0.44531430959526186,154.03716200010535,346.996131492998,4
1789229460,2026-09-12T16:11:00.000Z,0.44387561677223775,0.44387561677223775,0.4423465133247615,0.4423465133247615,413.14462799978725,930.7745979250045,2
1789229520,2026-09-12T16:12:00.000Z,0.443732782264571,0.4453162490843808,0.443732782264571,0.4453162490843808,427.8563440002654,964.22030841999,2
1789229580,2026-09-12T16:13:00.000Z,0.4446723917805016,0.4446723917805016,0.42680115444680294,0.4425932656905087,39.37246300019607,88.79928178899793,3
1789229640,2026-09-12T16:14:00.000Z,0.44555307676465017,0.44560055380589303,0.444820976151094,0.44522830385249745,1400.0402109999995,3142.7186526820005,15
1789229700,2026-09-12T16:15:00.000Z,0.44468135712920864,0.4456907850762463,0.4413788974201859,0.44545693863809627,1703.7476559999732,3827.1546732599872,21
1789229760,2026-09-12T16:16:00.000Z,0.4454550360833031,0.447142760603333,0.44398788520564914,0.4462087932087702,2000.191750000231,4485.950836894997,14
1789229880,2026-09-12T16:18:00.000Z,0.44588851144619834,0.44588851144619834,0.44446796795617305,0.44446796795617305,40.9780719996852,91.90236030198881,2
1789229940,2026-09-12T16:19:00.000Z,0.4440912410647748,0.445779470956939,0.4440912410647748,0.445779470956939,1.7797510003019852,4.007069219027471,3
1789230000,2026-09-12T16:20:00.000Z,0.42969459815328276,0.44593054400327964,0.42969459815328276,0.44593054400327964,8.307268000000022,19.328855457000923,2
1789230060,2026-09-12T16:21:00.000Z,0.44308476399236996,0.4444121291595629,0.44308476399236996,0.4444121291595629,4227.710303999484,9541.525922024011,2
1789230180,2026-09-12T16:23:00.000Z,0.4441384077892811,0.4441384077892811,0.4441384077892811,0.4441384077892811,0.30657800007611513,0.6902758119977079,1
1789230240,2026-09-12T16:24:00.000Z,0.4445317823075778,0.4445391236426317,0.4445317823075778,0.4445391236426317,11.018092999234796,24.785837463015923,2
1789230300,2026-09-12T16:25:00.000Z,0.4445625411074373,0.4459344734104188,0.44323722854516495,0.4459344734104188,9.975101999707764,22.463358556001204,9
1789230360,2026-09-12T16:26:00.000Z,0.44566139225548707,0.4594910835073195,0.4422363669399709,0.4594910835073195,4.617733000653983,10.153787121021843,3
1789230420,2026-09-12T16:27:00.000Z,0.4321182069031878,0.44423972021852176,0.4321182069031878,0.4430197369392251,24.217617000381054,54.74375310399618,3
1789230540,2026-09-12T16:29:00.000Z,0.4448171874222105,0.44592777569390607,0.44331734877979273,0.44331734877979273,166.2753760004212,373.152521744992,4
1789230600,2026-09-12T16:30:00.000Z,0.44377609357419806,0.4451865460300291,0.44377609357419806,0.4451865460300291,0.7926089997867933,1.7859447509956918,2
1789230660,2026-09-12T16:31:00.000Z,0.4452842485479685,0.44885095583920603,0.44472202303869757,0.44717841480898884,874.3035020026862,1958.5993568650306,30
1789230720,2026-09-12T16:32:00.000Z,0.44592993080253124,0.4459355191767836,0.4452623366337264,0.44592777462805144,0.21845900014523068,0.4899962410054286,4
1789230780,2026-09-12T16:33:00.000Z,0.4452752720564417,0.44593360147005096,0.4452752720564417,0.44593360147005096,0.8507080001618306,1.910308032980538,4
1789230840,2026-09-12T16:34:00.000Z,0.44483755882715365,0.44593940775073077,0.44483755882715365,0.44593940775073077,50.82754899925006,114.2588150020118,3
1789230900,2026-09-12T16:35:00.000Z,0.44594695070488805,0.4459572941131398,0.444670174290851,0.444670174290851,2.670325000097364,6.003648386998975,4
1789230960,2026-09-12T16:36:00.000Z,0.44596343866341476,0.4459684494527433,0.44596343866341476,0.4459684494527433,0.14789399999972375,0.3316255630015803,2
1789231020,2026-09-12T16:37:00.000Z,0.4445028112720837,0.4445028112720837,0.4445028112720837,0.4445028112720837,108.16059899982065,243.32939242900466,1
1789231080,2026-09-12T16:38:00.000Z,0.4440201794189383,0.4440201794189383,0.4440201794189383,0.4440201794189383,0.6389849999999999,1.43909,1
1789231140,2026-09-12T16:39:00.000Z,0.44333440108533806,0.44333440108533806,0.44333440108533806,0.44333440108533806,0.9411279999999991,2.12284,1
1789231200,2026-09-12T16:40:00.000Z,0.44313768107564505,1.6592234524462803,0.44313768107564505,0.44628688201333083,338.24305399922855,605.0643539050207,8
1789231260,2026-09-12T16:41:00.000Z,0.4461647879195948,0.4461647879195948,0.4431856287425149,0.4431856287425149,7.800124000331461,17.48678943299339,2
1789231320,2026-09-12T16:42:00.000Z,0.44643497317816555,0.44643497317816555,0.4431202165703013,0.4431202165703013,8.949620000000255,20.053526185999154,2
1789231380,2026-09-12T16:43:00.000Z,0.44498386275799395,0.4454229811893716,0.4449803082396431,0.4454229811893716,493.1902319993824,1108.3369096370006,3
1789231440,2026-09-12T16:44:00.000Z,0.44545130713136893,6.064908323196379,0.44545130713136893,0.4465216787007603,985.8946190020579,2167.794244274017,24
1789231500,2026-09-12T16:45:00.000Z,0.446585075272496,17.8774806805611,0.4375764393540137,0.44685536721654084,252.71203100172943,441.4189996149864,28
1789231560,2026-09-12T16:46:00.000Z,0.446687698473648,0.4469256600020968,0.446687698473648,0.4469256600020968,0.5771299999814801,1.2919059860250854,3
1789231620,2026-09-12T16:47:00.000Z,0.4473855941739769,0.4708799803424559,0.4338947330753333,0.4472578434803819,161.53138399826491,360.76701724000986,11
1789231680,2026-09-12T16:48:00.000Z,0.44722250012075593,0.44722250012075593,0.4470286804836174,0.44705039160815957,0.4620539998086315,1.0332875890017021,7
1789231740,2026-09-12T16:49:00.000Z,0.4454411570250868,0.447050220404672,0.4454411570250868,0.447050220404672,739.5524199991269,1660.2691951069792,2
1789231800,2026-09-12T16:50:00.000Z,0.44457144891653727,0.44731917793311904,0.4437421637601873,0.44577001591825005,137.53389900004095,309.0378195920053,11
1789231860,2026-09-12T16:51:00.000Z,0.4464280752918054,0.44662438074961325,0.4464280752918054,0.44662438074961325,0.38045800011605024,0.8518703140143771,2
1789231920,2026-09-12T16:52:00.000Z,0.4473280596044871,0.44843087347349847,0.4459216944622774,0.4459216944622774,262.8274650001131,586.3330847130128,17
1789231980,2026-09-12T16:53:00.000Z,0.46162261574604674,0.46162261574604674,0.44660937400744644,0.448242776587591,969.9817039974221,2161.0388100959813,34
1789232040,2026-09-12T16:54:00.000Z,0.4482238675681139,0.4492850860785821,0.4481383392722724,0.4492850860785821,120.27433200056475,267.7083081739838,9
1789232100,2026-09-12T16:55:00.000Z,0.44703504911378994,0.4483667282900767,0.4430884258516916,0.4430884258516916,0.8007200007540014,1.7895638350072645,3
1789232160,2026-09-12T16:56:00.000Z,0.44928786424391326,0.4494977191093268,0.4344276427205693,0.448732117187175,428.1434360005676,959.3685298239643,11
1789232220,2026-09-12T16:57:00.000Z,0.4490497758693286,0.4491418815359868,0.44701680514075043,0.44701680514075043,13.60369700087108,30.398086554996553,5
1789232280,2026-09-12T16:58:00.000Z,0.44827425481877925,0.44832987196539487,0.44827425481877925,0.44832987196539487,1.0026840001085997,2.236650319981731,2
1789232340,2026-09-12T16:59:00.000Z,0.4488381573368594,0.4489305353849411,0.4488381573368594,0.4489305353849411,0.28519899956882,0.6353322000068147,2
1789232400,2026-09-12T17:00:00.000Z,0.44872898141765044,0.449062892835482,0.44872898141765044,0.44876936345018903,7.035284000448883,15.673903576011071,5
1789232460,2026-09-12T17:01:00.000Z,0.44765156884163537,0.4500824989064468,0.44765156884163537,0.4500824989064468,185.35022099961952,411.814070405998,2
1789232520,2026-09-12T17:02:00.000Z,0.4322444403898396,0.44974490491897584,0.4322444403898396,0.4480632840869951,17.741557000238686,39.79461716100102,6
1789232580,2026-09-12T17:03:00.000Z,0.45021695516835275,0.45040493377484947,0.4494424474380214,0.44996831050128155,256.4632840008144,569.5572625329951,13
1789232640,2026-09-12T17:04:00.000Z,0.44999633377593784,13.351029240849853,0.44991538797037106,0.45050971469837886,935.334206000116,2057.3580387839465,21
1789232700,2026-09-12T17:05:00.000Z,0.45182612510566883,0.4521197562206124,0.4508585053049127,0.45150966471465004,1483.4365990012884,3284.403323200997,27
1789232760,2026-09-12T17:06:00.000Z,0.45134997363369844,0.4528437348864495,0.4503913347735291,0.4514600712413414,291.98048700017716,644.9286380700287,15
1789232820,2026-09-12T17:07:00.000Z,0.45164996054525763,0.45179513107029784,0.4515416525522437,0.4515416525522437,23.064124999792362,51.05795038899373,8
1789232880,2026-09-12T17:08:00.000Z,0.4492864273328883,0.4492864273328883,0.44909906360329205,0.449129232756183,164.73129600000576,366.67906500000004,3
1789232940,2026-09-12T17:09:00.000Z,0.4515395008423699,0.4515395008423699,0.44943381305839875,0.44943381305839875,42.21795600000041,93.93537976400114,2
1789233000,2026-09-12T17:10:00.000Z,0.4515356055477883,0.4515356055477883,0.4515074240153948,0.4515074240153948,13.76320400000077,30.482779652003956,2
1789233060,2026-09-12T17:11:00.000Z,0.45153129845283757,0.452637153594398,0.45153129845283757,0.452637153594398,117.73972200000026,260.12008586799493,3
1789233120,2026-09-12T17:12:00.000Z,0.45039764553658296,0.45263606810780693,0.45039764553658296,0.4518397572049271,566.2935029984128,1252.723702630974,16
1789233180,2026-09-12T17:13:00.000Z,0.4516902396590779,0.4520005939698534,0.4516169972971348,0.45165327485085954,12.205618000589311,27.010147421009606,8
1789233240,2026-09-12T17:14:00.000Z,0.45179902885183043,0.4524139909654779,0.45164880898041443,0.4520657617650356,303.80720899850894,672.1022738369975,5
1789233300,2026-09-12T17:15:00.000Z,0.4522593494844303,0.4524164659978704,0.45039752859003845,0.45039752859003845,0.8455830007533223,1.8756915950179973,3
1789233360,2026-09-12T17:16:00.000Z,0.4525153971200354,1.4276909837669263,0.45236604495843424,0.45263687319889956,1005.2486279999248,2212.3362280669826,24
1789233420,2026-09-12T17:17:00.000Z,0.4522373517775051,0.45286587016495367,0.45212188381933816,0.45269507927701963,20.55710700163945,45.419610724005906,11
1789233480,2026-09-12T17:18:00.000Z,0.4530585921573809,0.45306298324076716,0.4507948874357307,0.45100699166735186,24.378729000371095,54.02532660699865,5
1789233540,2026-09-12T17:19:00.000Z,0.4525468928774964,0.4525468928774964,0.44678281328455777,0.44678281328455777,466.92770499953616,1036.6643839190078,4
1789233600,2026-09-12T17:20:00.000Z,0.4522342269953499,0.4522342269953499,0.4522342269953499,0.4522342269953499,0.042047000490128994,0.0929761570005212,1
1789233660,2026-09-12T17:21:00.000Z,0.45203717483655276,0.45203717483655276,0.45203717483655276,0.45203717483655276,0.044255999848246574,0.09790345199871808,1
1789233780,2026-09-12T17:23:00.000Z,0.4519335831036106,0.4519335833807574,0.4519335831036106,0.4519335833807574,5.050641999579966,11.175628871977096,2
1789233840,2026-09-12T17:24:00.000Z,0.4504117566951593,0.45177717843570164,0.4497200361470802,0.45177717843570164,132.2796670008156,293.64281580801617,5
1789233900,2026-09-12T17:25:00.000Z,0.4500483186490159,0.45268133338203886,0.4500483186490159,0.45206205917950915,400.461422000546,889.7793488050083,8
1789233960,2026-09-12T17:26:00.000Z,0.4523378675885861,0.4524930274383432,0.45052450444444536,0.4506275444196748,543.0300429994122,1204.0680835480161,10
1789234020,2026-09-12T17:27:00.000Z,0.4523891680694728,0.4524180297521825,0.4493032945823803,0.4493032945823803,8.703581000776765,19.245558922995542,3
1789234080,2026-09-12T17:28:00.000Z,0.45180444656783647,0.45180444656783647,0.45180444656783647,0.45180444656783647,0.052170999348163605,0.1154725230007898,1
1789234140,2026-09-12T17:29:00.000Z,0.45193494358067615,0.4603892806745642,0.44990779899478156,0.44990779899478156,133.5451190022759,295.06170991100123,11
1789234200,2026-09-12T17:30:00.000Z,0.4515348104177778,0.4517656569306849,0.4515348104177778,0.4517656569306849,11.58344300040153,25.64043968700571,2
1789234260,2026-09-12T17:31:00.000Z,0.4515373120153877,0.4515373120153877,0.4495188788869773,0.4495188788869773,176.71662499954436,393.123448525992,2
1789234320,2026-09-12T17:32:00.000Z,0.45153267682459547,0.45153267682459547,0.45153267682459547,0.45153267682459547,0.03950000000077125,0.08747982599743409,1
1789234380,2026-09-12T17:33:00.000Z,0.44927489347518795,0.45090960522209517,0.44806610791829826,0.44806610791829826,342.14219899972034,759.7982400379956,13
1789234440,2026-09-12T17:34:00.000Z,0.4535003401521191,0.4721438920512266,0.44594393939393945,0.4510554843289425,140.56870300037258,311.8016763509418,10
1789234500,2026-09-12T17:35:00.000Z,0.4493003533576756,0.45130585152465574,0.4493003533576756,0.4511199455392606,200.81726000038987,445.07948637500664,4
1789234560,2026-09-12T17:36:00.000Z,0.45100386353365235,0.451529810633073,0.4492304797978352,0.451529810633073,149.9524799992014,332.3684416220058,5
1789234620,2026-09-12T17:37:00.000Z,0.45153833761552814,0.4523275182166755,0.45034597250463937,0.4523275182166755,325.54682999989564,719.7971636379953,4
1789234680,2026-09-12T17:38:00.000Z,0.4515367977946011,0.4515367977946011,0.44959985893235815,0.44959985893235815,8.995287000394455,20.006824129995948,2
1789234740,2026-09-12T17:39:00.000Z,0.4498753360221125,0.45208395897430304,0.040490760242021806,0.4515092667622715,1674.1230779998004,4329.702398024965,9
1789234800,2026-09-12T17:40:00.000Z,0.45153102684892454,0.4527040191431436,0.4498170905514326,0.4521023817207282,540.0588919972961,1199.3619240319822,14
1789234860,2026-09-12T17:41:00.000Z,0.45210238189992363,0.45224205215253915,0.45210238189992363,0.4521494729083725,372.840773999691,824.5963846980012,4
1789234920,2026-09-12T17:42:00.000Z,0.45204809507838273,0.45204809507838273,0.4513637708418054,0.4513637708418054,528.5700409999117,1169.8738145320094,3
1789234980,2026-09-12T17:43:00.000Z,0.4513286166543152,0.4513286166543152,0.4513286166543152,0.4513286166543152,0.052794999442994595,0.11697684900718741,1
1789235040,2026-09-12T17:44:00.000Z,0.4515504671427076,0.4515504671427076,0.4515504671427076,0.4515504671427076,0.053189000114798546,0.11779192800167948,1
1789235100,2026-09-12T17:45:00.000Z,0.4526650869244126,0.4526650869244126,0.4526650869244126,0.4526650869244126,0.05170600000019476,0.11422573000163538,1
1789235160,2026-09-12T17:46:00.000Z,0.4530152555353626,0.4530152555353626,0.45049492201231467,0.45049492201231467,50.76212900058084,112.60222057198831,3
1789235220,2026-09-12T17:47:00.000Z,0.4526644743118666,0.4526644743118666,0.4365248476088636,0.45058439415049006,19.837409000438416,44.23658746901171,4
1789235280,2026-09-12T17:48:00.000Z,0.452475619498498,0.452475619498498,0.42819623164978404,0.42819623164978404,5.034969999712706,11.392467476989838,3
1789235340,2026-09-12T17:49:00.000Z,0.45232907924102556,0.45232907924102556,0.45232907924102556,0.45232907924102556,0.049538999795913696,0.10951982100959867,1
1789235400,2026-09-12T17:50:00.000Z,0.45265925199376117,0.45265925199376117,0.45265925199376117,0.45265925199376117,0.05157200000030571,0.11393117399711628,1
1789235460,2026-09-12T17:51:00.000Z,0.45235594754072705,0.45235594754072705,0.4513080339490405,0.4513080339490405,11.472813999280334,25.42106323101325,2
1789235520,2026-09-12T17:52:00.000Z,0.45266054838644115,0.45266054838644115,0.44966078715906155,0.4524062115324724,36.669752999736374,81.52753705001669,4
1789235580,2026-09-12T17:53:00.000Z,0.4526418724241948,0.4532879919677038,0.4526418724241948,0.4532879919677038,905.2890640001838,1999.0580474760075,7
1789235640,2026-09-12T17:54:00.000Z,0.453329771326853,0.4543535659468012,0.4525030510797769,0.4543535659468012,1613.0168260004853,3553.3563687140154,23
1789235700,2026-09-12T17:55:00.000Z,0.45362440810107124,0.4551343497306362,0.4536134719899131,0.4549356094692033,312.64298000140843,687.8071782970073,23
1789235760,2026-09-12T17:56:00.000Z,0.4541453262804102,0.4544572418463051,0.4371093236813749,0.4371093236813749,23.55610099996913,52.07531553398777,9
1789235820,2026-09-12T17:57:00.000Z,0.4542200141605272,0.45538336674596336,0.4538824206086786,0.453905607649183,87.41843899966443,192.35475293398486,22
1789235880,2026-09-12T17:58:00.000Z,0.45165650843578564,0.45165650843578564,0.45165650843578564,0.45165650843578564,10.227547999999842,22.644526999999925,1
1789235940,2026-09-12T17:59:00.000Z,0.45265238350638015,0.45493349411533107,0.45265238350638015,0.45493349411533107,0.1460690000003524,0.3222692180061131,2
1789236000,2026-09-12T18:00:00.000Z,0.4526754303525195,0.45357050374784497,0.4526754303525195,0.45310055494391077,214.86110199964574,473.9393684219862,5
1789236060,2026-09-12T18:01:00.000Z,0.4549285546618931,0.4549285546618931,0.4536622097975535,0.4536622097975535,11.998782000193387,26.37597446800646,3
1789236120,2026-09-12T18:02:00.000Z,0.4530108849983662,0.45316201567913866,0.4530108849983662,0.45316201567913866,90.70974799897522,200.2373786760145,2
1789236180,2026-09-12T18:03:00.000Z,0.4527376986603194,0.4532253918646823,0.4527376986603194,0.4532253918646823,5.9150810002083745,13.0648798570043,2
1789236240,2026-09-12T18:04:00.000Z,0.45265230824058494,0.4545885136499729,0.45265230824058494,0.45267560037238574,118.22850599966114,261.1767668860193,4
1789236300,2026-09-12T18:05:00.000Z,0.45399592647934794,0.45440554371767133,0.45399592647934794,0.45440554371767133,1.6167849991470575,3.5611427319818176,2
1789236420,2026-09-12T18:07:00.000Z,0.4546521199486309,0.4546521199486309,0.4546521199486309,0.4546521199486309,0.05173199996352196,0.11378369899466634,1
1789236480,2026-09-12T18:08:00.000Z,0.4538885641168692,0.4538885641168692,0.4535260714477935,0.4535260714477935,1.3694989997893572,3.019602410000516,2
1789236540,2026-09-12T18:09:00.000Z,0.45292000095777957,0.45292000095777957,0.4515425779399765,0.45159756898756825,133.51260700022112,295.6551498930121,6
1789236600,2026-09-12T18:10:00.000Z,0.4514491993860907,0.4521748530346585,0.4514491993860907,0.4521748530346585,1.1443869997742695,2.534788547996868,2
1789236660,2026-09-12T18:11:00.000Z,0.45307590585659685,0.45322439145750926,0.45307590585659685,0.45322439145750926,6.344367999583483,14.001223330007633,7
1789236720,2026-09-12T18:12:00.000Z,0.4529440246537803,0.4529440246537803,0.45291676936273506,0.45291676936273506,2.987333999015391,6.5956217639904935,3
1789236780,2026-09-12T18:13:00.000Z,0.4528441075674583,0.4528441075674583,0.4528441075674583,0.4528441075674583,0.03756800014525652,0.08296011699712835,1
1789236840,2026-09-12T18:14:00.000Z,0.45278801285784404,0.45278801285784404,0.45276174196304086,0.45276174196304086,1.3150590006262064,2.9043648859951645,3
1789236900,2026-09-12T18:15:00.000Z,0.4535658368128395,0.4535658368128395,0.4535658368128395,0.4535658368128395,13.162485000677407,29.020009736996144,1
1789236960,2026-09-12T18:16:00.000Z,0.4582094621062856,0.4582094621062856,0.45298282539738477,0.45309388510340637,30.802090001209738,67.31569082301824,5
1789237020,2026-09-12T18:17:00.000Z,0.45130640464621086,0.45130640464621086,0.45108796750495633,0.45108796750495633,11.507912000000033,25.504572220000227,2
1789237080,2026-09-12T18:18:00.000Z,0.4521966802671533,0.45239275048606864,0.4521966802671533,0.45239275048606864,5.129222999326885,11.338030957005685,2
1789237140,2026-09-12T18:19:00.000Z,0.45232388899843695,0.45232388899843695,0.4504165420367649,0.4504165420367649,120.1152179992514,266.67509670100117,3
1789237200,2026-09-12T18:20:00.000Z,0.4518079171457028,0.4518079171457028,0.4496621928252178,0.4510102596655632,64.21445299990455,142.29774762498255,18
1789237260,2026-09-12T18:21:00.000Z,0.45128704932926933,0.45137684678343587,0.4511664987693205,0.45137684678343587,1.0675740002101577,2.366174308010153,3
1789237320,2026-09-12T18:22:00.000Z,0.4515327532578966,0.4515327532578966,0.4515327532578966,0.4515327532578966,0.04028899967670441,0.08922719201655127,1
1789237380,2026-09-12T18:23:00.000Z,0.451816328025891,0.451816328025891,0.451816328025891,0.451816328025891,0.044142999686300755,0.09770120499888435,1
1789237440,2026-09-12T18:24:00.000Z,0.45266033392719673,0.45266033392719673,0.44680591357708616,0.44680591357708616,0.4700569999894003,1.038885882003728,3
1789237500,2026-09-12T18:25:00.000Z,0.45263626709128,0.4538044073636789,0.45263607467885536,0.4538044073636789,253.73031699997227,560.4492143360112,7
1789237560,2026-09-12T18:26:00.000Z,0.4497722195027672,0.45363407144550993,0.4497722195027672,0.45363407144550993,0.029860999590216153,0.0661429570244918,2
1789237620,2026-09-12T18:27:00.000Z,0.45092167959726087,0.4532228463054232,0.45092167959726087,0.4532228463054232,261.2781760000298,579.2765786889904,3
1789237680,2026-09-12T18:28:00.000Z,0.4506879507936299,0.4526684721197424,0.4506879507936299,0.4526684721197424,1.286869999999908,2.853592847000982,3
1789237740,2026-09-12T18:29:00.000Z,0.4768926323505477,0.4768926323505477,0.43450500649033763,0.45266761733730443,4.627367000000277,10.236479873005266,3
1789237800,2026-09-12T18:30:00.000Z,0.4512843859149422,0.4567407858244644,0.4512843859149422,0.4526678778943509,119.88487899972824,264.06164104800064,4
1789237860,2026-09-12T18:31:00.000Z,0.45137987612821096,0.4526603363915662,0.45137987612821096,0.4514961553812988,166.04609500034348,367.77380612800334,4
1789237920,2026-09-12T18:32:00.000Z,0.4526681016960649,0.4526681016960649,0.4526681016960649,0.4526681016960649,0.0436360000003333,0.09639733799849637,1
1789237980,2026-09-12T18:33:00.000Z,0.45059520965247213,0.45266508356265106,0.45059520965247213,0.45266508356265106,9.368680000139648,20.79141650300153,2
1789238040,2026-09-12T18:34:00.000Z,0.45101018899327805,0.4518822218256221,0.45042069024575837,0.4518822218256221,51.01251199991384,113.19162151799537,4
1789238100,2026-09-12T18:35:00.000Z,0.45056573405562544,0.4523674741491162,0.45056573405562544,0.4523674741491162,0.07849699919961495,0.17381369301801897,2
1789238160,2026-09-12T18:36:00.000Z,0.45203668463236535,0.45203668463236535,0.45162364809811684,0.45162364809811684,2.284141001291573,5.055645840999205,3
1789238220,2026-09-12T18:37:00.000Z,0.4505402001492825,0.45266137123465333,0.4505402001492825,0.45266137123465333,1.3751230007464983,3.0516379039836465,3
1789238280,2026-09-12T18:38:00.000Z,0.4515472258596054,0.4515472258596054,0.4476254690080544,0.4476254690080544,16.195817999814608,36.18062359101538,2
1789238340,2026-09-12T18:39:00.000Z,0.4504206897727202,0.4516181487992261,0.4504206897727202,0.4516181487992261,74.2122320001381,164.7617671299813,2
1789238400,2026-09-12T18:40:00.000Z,0.45118839662319404,0.451218565865734,0.4510345459856937,0.45104361627459494,3.905406999401748,8.657015041011618,7
1789238460,2026-09-12T18:41:00.000Z,0.44927766558645127,0.4546879509936125,0.4483053213736836,0.4515309277997433,2576.10442200044,5744.130678592946,8
1789238520,2026-09-12T18:42:00.000Z,0.4468362478932074,0.45156510332651634,0.4468362478932074,0.4499019004050995,1016.431851999768,2262.381944874976,8
1789238580,2026-09-12T18:43:00.000Z,0.4510123633750523,0.4665296055558899,0.4509064269690925,0.4509064269690925,3.544629999436438,7.638296908002549,3
1789238640,2026-09-12T18:44:00.000Z,0.4512966814963014,0.45131911952981596,0.4512966814963014,0.45131911952981596,57.79323599860072,128.05614834598964,4
1789238700,2026-09-12T18:45:00.000Z,0.44894570230022407,0.4515300550080493,0.4487908606229891,0.4512342178452762,264.62038500013847,587.5030071109884,7
1789238760,2026-09-12T18:46:00.000Z,0.4512487309356619,0.45153013696144895,0.4512487309356619,0.4512870208003536,305.3251399991732,676.5580715830074,4
1789238820,2026-09-12T18:47:00.000Z,0.5518834529306557,0.5518834529306557,0.44936876043108254,0.45119303024846974,76.65722100064158,169.98193511203863,7
1789238880,2026-09-12T18:48:00.000Z,0.4492683366292824,0.45105356600480817,0.4492683366292824,0.45104813674334415,189.90740300063044,421.0329191010096,3
1789238940,2026-09-12T18:49:00.000Z,0.4512170460525606,0.4512170460525606,0.44931039472419143,0.44931039472419143,80.82175399995465,179.16070088998904,5
1789239000,2026-09-12T18:50:00.000Z,0.45104891364937516,0.45104891364937516,0.45104891364937516,0.45104891364937516,0.049463999923318624,0.10966438101604581,1
1789239060,2026-09-12T18:51:00.000Z,0.4509431620844281,0.4509431620844281,0.4505616408078771,0.4505616408078771,192.78942100005224,427.5299706509977,3
1789239120,2026-09-12T18:52:00.000Z,0.44929744678792943,0.450408256368962,0.44817287409373435,0.44888283480303987,204.39807100027065,455.580005933989,23
1789239180,2026-09-12T18:53:00.000Z,0.44854452796002536,0.44896162755734254,0.44854452796002536,0.44896162755734254,2.959570999722928,6.593474982975749,4
1789239240,2026-09-12T18:54:00.000Z,0.44911351805416266,0.4649499552975416,0.43590394158464096,0.43590394158464096,522.2449709998428,1161.898797907997,8
1789239300,2026-09-12T18:55:00.000Z,0.44936528228728123,0.44936528228728123,0.44904504872755724,0.44917407118249886,189.79074800014496,422.6066562930064,5
1789239360,2026-09-12T18:56:00.000Z,0.44900794253576076,0.44904144940445867,0.4486122098836106,0.4486122098836106,32.48834399972111,72.4061388639966,11
1789239420,2026-09-12T18:57:00.000Z,0.44858793781844386,0.44864434010194953,0.44858793781844386,0.44864434010194953,0.07005400024354458,0.15616003097966313,2
1789239480,2026-09-12T18:58:00.000Z,0.4487857449183806,0.4489156580867111,0.4484191390719372,0.4484191390719372,339.2395749995485,756.2739397460246,5
1789239540,2026-09-12T18:59:00.000Z,0.44840743797940863,0.4484916129276628,0.44840743797940863,0.4484726454131363,8.408528000116348,18.749326917983126,6
1789239600,2026-09-12T19:00:00.000Z,0.44843281126902435,0.44861225725119847,0.44842082559105656,0.44843908802379917,11.034191000275314,24.598243738990277,5
1789239660,2026-09-12T19:01:00.000Z,0.4483811235478193,0.4483811235478193,0.44754986015535064,0.44821538534170213,228.71094300080404,510.3376391630045,14
1789239720,2026-09-12T19:02:00.000Z,0.44705578767854276,0.44789474135742463,0.4470552327294022,0.44789474135742463,124.15036099977624,277.68993026402313,5
1789239780,2026-09-12T19:03:00.000Z,0.44760561714661806,0.44855738378277216,0.44654735649495547,0.44855738378277216,237.25961200007936,529.3992790920107,8
1789239840,2026-09-12T19:04:00.000Z,0.44784068268426225,0.4714112400111685,0.44784068268426225,0.4714112400111685,2.041592000052333,4.335452527990949,2
1789239900,2026-09-12T19:05:00.000Z,0.44826519633793677,0.44826519633793677,0.44808557298539337,0.4481411878014342,206.30540100019425,460.41051183402305,5
1789239960,2026-09-12T19:06:00.000Z,0.44793373606937237,0.4479763926297491,0.44793373606937237,0.4479763926297491,2.072236000560224,4.62577893800335,2
1789240020,2026-09-12T19:07:00.000Z,0.4481996241172274,0.4481996241172274,0.448108288090362,0.448108288090362,216.32588800009398,482.742840672021,4
1789240080,2026-09-12T19:08:00.000Z,0.44841398406236566,0.44841398406236566,0.44781841836548286,0.44781841836548286,6.649076999630779,14.847155582974665,3
1789240140,2026-09-12T19:09:00.000Z,0.44591562786435396,0.44817946377693896,0.44591562786435396,0.4470154370060464,331.6549239998312,742.3918156010259,8
1789240200,2026-09-12T19:10:00.000Z,0.4468993200448444,0.44690123119041153,0.4466419408317295,0.44664194777485483,7.407594999298453,16.58346018899465,7
1789240260,2026-09-12T19:11:00.000Z,0.4461973168296246,0.4468000520673878,0.4461973168296246,0.4465841649418063,191.44778900034726,428.49057151799207,5
1789240320,2026-09-12T19:12:00.000Z,0.4464071178490265,0.4464071178490265,0.4462785254441332,0.4462785254441332,17.65751300007105,39.56365294801071,7
1789240380,2026-09-12T19:13:00.000Z,0.4463381688645538,0.4463381688645538,0.44597476543906317,0.44597476543906317,192.01913700066507,430.47864728298737,4
1789240440,2026-09-12T19:14:00.000Z,0.44596891626321805,0.44715756593851197,0.44596891626321805,0.446745330461277,6.323131000157446,14.176609479007311,5
1789240500,2026-09-12T19:15:00.000Z,0.4466268000822804,0.4466268000822804,0.4462652700949062,0.4462652700949062,189.6669179997407,424.66541634799796,2
1789240560,2026-09-12T19:16:00.000Z,0.4462561917360728,0.4462561917360728,0.4448198660681849,0.4448198660681849,121.66830300038782,273.5109445949929,6
1789240620,2026-09-12T19:17:00.000Z,1.3275630811712134,1.3275630811712134,0.44550445536051064,0.44550483172512567,440.4879609988384,985.2226105310147,9
1789240680,2026-09-12T19:18:00.000Z,0.4456889376582659,0.4458845566091775,0.4449833233328536,0.44569753471178125,140.74020399991423,316.25533261100645,8
1789240740,2026-09-12T19:19:00.000Z,0.44569183784969646,5.614763267928255,0.44498497421998534,0.4450758881092672,223.9300370006822,475.7219754210091,17
1789240800,2026-09-12T19:20:00.000Z,0.44355459259259317,0.44507444133613827,0.44355459259259317,0.4449895722624946,274.0409180014917,616.4459577380039,5
1789240860,2026-09-12T19:21:00.000Z,0.4451402185845242,0.448953279906642,0.440627441330772,0.4448548823270725,6.3802220002043555,14.34157207102037,6
1789240920,2026-09-12T19:22:00.000Z,0.4391707809849015,0.4448493466246891,0.4391707809849015,0.44422354648731943,338.1361170004053,761.570311602003,7
1789240980,2026-09-12T19:23:00.000Z,0.4443102524850206,0.4443102524850206,0.4442697642180267,0.4442697642180267,190.15933499997482,428.0266206889937,3
1789241040,2026-09-12T19:24:00.000Z,0.44425308554004556,0.44425308554004556,0.44425308554004556,0.44425308554004556,0.047596000134944916,0.10713712900178507,1
1789241100,2026-09-12T19:25:00.000Z,0.4440238102076136,0.4442533007886757,0.4435089719627157,0.4442533007886757,218.598065000313,492.23153189300865,12
1789241160,2026-09-12T19:26:00.000Z,0.44403537651034053,0.44404362008038817,0.4429999732978893,0.4429999732978893,53.962557999780984,121.54026908599917,3
1789241220,2026-09-12T19:27:00.000Z,0.4447416485826983,0.44481798945320017,0.4441595607125537,0.4441595607125537,190.853058000077,429.38567383697955,7
1789241280,2026-09-12T19:28:00.000Z,0.44412569391311096,0.4442784110892605,0.44357095540694097,0.44357095540694097,5.300560000536279,11.93627083999294,6
1789241340,2026-09-12T19:29:00.000Z,0.4442409130055271,0.4448163855510445,0.4442409130055271,0.4448163855510445,199.8358030000345,449.83588107502874,4
1789241400,2026-09-12T19:30:00.000Z,0.44259429095914826,0.44418883457410835,0.44259429095914826,0.44310364822405324,354.17018399955487,799.1008489939923,13
1789241460,2026-09-12T19:31:00.000Z,0.4431094319140892,0.44355834365891333,0.4431094319140892,0.44335753768765107,2.8534190002828836,6.435907202976523,5
1789241520,2026-09-12T19:32:00.000Z,0.44252387177270885,0.44325240640108365,0.44252387177270885,0.44311435676054467,339.2561620000856,765.485938122998,4
1789241580,2026-09-12T19:33:00.000Z,0.4432283665393049,0.4432283665393049,0.4419734068038727,0.4431442446769525,198.18110300044054,447.266625269991,3
1789241640,2026-09-12T19:34:00.000Z,0.44314345290921975,0.44314345290921975,0.44296653922138396,0.44296653922138396,0.0848900000564754,0.19159664498874918,2
1789241700,2026-09-12T19:35:00.000Z,0.44315457867603547,0.44317339238232845,0.44278871395475294,0.44278871395475294,452.0404280005023,1020.080782915029,6
1789241760,2026-09-12T19:36:00.000Z,0.4429125829492031,0.44387266137544795,0.4429125829492031,0.44387266137544795,182.7170849996619,411.6432064549881,2
1789241820,2026-09-12T19:37:00.000Z,0.44022198564147974,0.4432379134605904,0.44022198564147974,0.4432379134605904,35.590744999988374,80.84670877699286,2
1789241880,2026-09-12T19:38:00.000Z,0.44159874816040373,0.44321485041669545,0.43553668771953247,0.44315925558397473,210.87169500024257,476.1868254640234,5
1789241940,2026-09-12T19:39:00.000Z,0.4415127153013625,0.4424150723375883,0.4415127153013625,0.44222100476574977,135.52648500064424,306.7669219209929,4
1789242000,2026-09-12T19:40:00.000Z,0.44303509216677794,0.44303509216677794,0.4427432757019658,0.4427432818457053,190.918514999561,430.9350401549891,6
1789242060,2026-09-12T19:41:00.000Z,0.44265041074813716,0.44265041074813716,0.4425344831365876,0.4425344831365876,190.76191199943423,431.06655395700363,4
1789242120,2026-09-12T19:42:00.000Z,0.4423809322553105,0.4423809322553105,0.44231668530269075,0.44231668530269075,0.556055000051856,1.2569760170008522,2
1789242180,2026-09-12T19:43:00.000Z,0.44237308124011243,0.4424050109333474,0.44237308124011243,0.4423866461878978,190.15963499899954,429.8316426659876,3
1789242240,2026-09-12T19:44:00.000Z,0.44080947681827626,0.4437066591633788,0.44080947681827626,0.44227772955980565,291.6060510004954,660.0895159290292,5
1789242300,2026-09-12T19:45:00.000Z,0.44240078102205993,0.44240078102205993,0.44059762922216733,0.44149027001837093,246.99167099968872,560.5802795160198,3
1789242360,2026-09-12T19:46:00.000Z,0.44241759586618157,0.4426546146854376,0.442368399182016,0.4426546146854376,289.708504000213,654.762877435016,4
1789242420,2026-09-12T19:47:00.000Z,0.44278893390934604,0.4428621914959287,0.44278893390934604,0.4428621914959287,20.232265999540687,45.68526119098533,2
1789242480,2026-09-12T19:48:00.000Z,0.44287019042721204,0.44298109069646463,0.44287019042721204,0.44298109069646463,189.65658700000495,428.2441716330068,2
1789242540,2026-09-12T19:49:00.000Z,0.44337101130459744,0.44337101130459744,0.44337101130459744,0.44337101130459744,181.73180799931288,409.88653602899285,1
1789242660,2026-09-12T19:51:00.000Z,0.4419654961344653,0.4424204428847542,0.4391772262311852,0.4424204428847542,64.26965900087271,145.3913208439907,3
1789242720,2026-09-12T19:52:00.000Z,0.44217048,0.44217048,0.44217048,0.44217048,11.054262,25,1
1789242780,2026-09-12T19:53:00.000Z,0.447290688062399,0.447290688062399,0.4415704791438386,0.4415704791438386,154.09031499957538,348.88957826202153,3
1789242840,2026-09-12T19:54:00.000Z,0.4432423389549112,0.4432423389549112,0.4430321863402038,0.4431084274788069,196.14633500017226,442.6554979229986,3
1789242900,2026-09-12T19:55:00.000Z,0.44326478735193703,0.44326478735193703,0.44326478735193703,0.44326478735193703,0.04591299965977669,0.10357917202054523,1
1789242960,2026-09-12T19:56:00.000Z,0.44332644313063085,0.443694502223772,0.4417894160750953,0.4418165521394416,468.51873999927193,1058.6806357709575,6
1789243020,2026-09-12T19:57:00.000Z,0.44349579571720255,0.44349579571720255,0.44349579571720255,0.44349579571720255,0.03624999988824129,0.081736963998992,1
1789243080,2026-09-12T19:58:00.000Z,0.4432355555727514,0.5548791650830854,0.2171387367535039,0.5548791650830854,2961.252824000347,5423.833120045995,5
1789243200,2026-09-12T20:00:00.000Z,0.44230056424527703,0.44233177868774204,0.44230056424527703,0.44233177868774204,257.3596290005371,581.851709383016,2
1789243260,2026-09-12T20:01:00.000Z,0.44233594290930023,0.44244848478422005,0.4421800774202154,0.44244848478422005,45.225391999818385,102.26513468998019,4
1789243320,2026-09-12T20:02:00.000Z,0.4426259009461509,0.4426259009461509,0.44260969665758165,0.44260969665758165,317.8313000006601,718.0691261799948,2
1789243380,2026-09-12T20:03:00.000Z,0.4430804397642243,0.4430804397642243,0.44276129107299966,0.44276129107299966,189.67001099977642,428.37975857700803,2
1789243440,2026-09-12T20:04:00.000Z,0.4425555153319512,0.4425588156637123,0.4425555153319512,0.4425588156637123,0.5586459999904037,1.262309940007981,2
1789243500,2026-09-12T20:05:00.000Z,0.44249035062832637,0.4424943351407222,0.44249035062832637,0.4424943351407222,189.67047500051558,428.6393302520155,2
1789243560,2026-09-12T20:06:00.000Z,0.4422750705922047,0.4422750705922047,0.4422750705922047,0.4422750705922047,0.04391899984329939,0.09930245397845283,1
1789243620,2026-09-12T20:07:00.000Z,0.44280600092290573,0.44280600092290573,0.44240657569248204,0.44278818044300755,190.18371500074863,429.8834677890118,4
1789243680,2026-09-12T20:08:00.000Z,0.4426990305963226,0.4426990305963226,0.44090423263020995,0.44090423263020995,491.443679000251,1114.6264318350295,2
1789243740,2026-09-12T20:09:00.000Z,0.44273257577727004,0.44273257577727004,0.4414173500406055,0.4426801306572216,200.29555800051958,452.4617540050076,4
1789243800,2026-09-12T20:10:00.000Z,0.44295277978964454,0.44295277978964454,0.4411111223635262,0.4411111223635262,6.758409000108259,15.32098183801602,2
1789243860,2026-09-12T20:11:00.000Z,0.4429167839232997,0.4439164541009511,0.4429167839232997,0.4439164541009511,154.8095320002849,348.76480504498613,7
1789243920,2026-09-12T20:12:00.000Z,0.4426124828474486,0.44306551055351023,0.4426124828474486,0.44306551055351023,28.03648699967016,63.34309798000322,2
1789243980,2026-09-12T20:13:00.000Z,0.4435193893200518,0.4435193893200518,0.4435193893200518,0.4435193893200518,168.04124400019646,378.88139289201354,1
1789244040,2026-09-12T20:14:00.000Z,0.4431900439327141,0.4431900439327141,0.44318925644915447,0.44318925644915447,279.52935399953276,630.7211949149787,2
1789244100,2026-09-12T20:15:00.000Z,0.4435788584917165,0.44361581099485603,0.4435788584917165,0.44361581099485603,189.6694789994508,427.5534785290074,2
1789244160,2026-09-12T20:16:00.000Z,0.44370654000595133,0.44370654000595133,0.44370654000595133,0.44370654000595133,0.03817499987781048,0.08603659499203786,1
1789244220,2026-09-12T20:17:00.000Z,0.4432974260695337,0.4432974260695337,0.4403669294319582,0.4403669294319582,1714.5331190004945,3893.418777090992,2
1789244280,2026-09-12T20:18:00.000Z,0.44266397651505723,0.4426639765626671,0.4214142330131492,0.4394581498135214,2263.376587999931,5140.787241440027,11
1789244340,2026-09-12T20:19:00.000Z,0.44262597153631483,0.44262597153631483,0.4418842333629431,0.4418970704387772,653.8585680015385,1478.429241625985,10
1789244400,2026-09-12T20:20:00.000Z,0.4419053836213646,0.44234287248695525,0.44003473407801247,0.44226492012402996,220.52635999940378,498.79283631499965,7
1789244460,2026-09-12T20:21:00.000Z,0.44205178949550133,0.44205178949550133,0.44195187125864827,0.4419528970710233,676.6548459995538,1530.9096084290068,4
1789244520,2026-09-12T20:22:00.000Z,0.4419668894035839,0.44206857045854125,0.4419668894035839,0.4420582398104303,452.36954699922353,1023.4882904950064,4
1789244580,2026-09-12T20:23:00.000Z,0.4420341462118593,0.44235471033503915,0.4420341462118593,0.4423400578905788,556.5998270008713,1258.7447230909893,7
1789244640,2026-09-12T20:24:00.000Z,0.442336059653769,0.442336059653769,0.442336059653769,0.442336059653769,0.04101699963212013,0.0927281390177086,1
1789244700,2026-09-12T20:25:00.000Z,0.44237519431089534,0.44237519431089534,0.4418875069709885,0.4418875160410221,22.263708000071347,50.333315319003304,7
1789244760,2026-09-12T20:26:00.000Z,0.44177702003457225,0.44177864777367576,0.44172392606062166,0.44172392606062166,235.56213699933141,533.2665095769917,5
1789244820,2026-09-12T20:27:00.000Z,0.44040541317702264,0.4420021406894144,0.44040541317702264,0.4420021406894144,88.59403200059387,201.16434874900006,2
1789244880,2026-09-12T20:28:00.000Z,0.4415214631342815,0.4420637802565209,0.4415214631342815,0.4420637802565209,0.09634299948811531,0.21808755400707014,3
1789244940,2026-09-12T20:29:00.000Z,0.4406966794716393,0.44674094766367006,0.4406966794716393,0.44197375019965734,222.80821000009018,503.46784176398893,4
1789245000,2026-09-12T20:30:00.000Z,0.44176004213517,0.4417929224504243,0.44176004213517,0.4417929224504243,0.058915999718010426,0.13336027099285275,2
1789245060,2026-09-12T20:31:00.000Z,0.4418260230271047,0.4418260230271047,0.4418260230271047,0.4418260230271047,0.03823699988424778,0.08654311401187442,1
1789245120,2026-09-12T20:32:00.000Z,0.4418391234727764,0.44184918714719684,0.44147518219701354,0.44147518219701354,191.0237329993397,432.3292721170001,6
1789245180,2026-09-12T20:33:00.000Z,0.4413990928669096,0.44259996746750624,0.4404117345702336,0.4404117345702336,32.578235001336,73.85716762002994,6
1789245240,2026-09-12T20:34:00.000Z,0.441341205929071,0.441341205929071,0.4412537594597504,0.4412537594597504,190.80853700079024,432.33843753297697,5
1789245300,2026-09-12T20:35:00.000Z,0.4412629000140236,0.4416983901028762,0.4412629000140236,0.4416983901028762,189.85550900083035,429.8311802360113,4
1789245360,2026-09-12T20:36:00.000Z,0.4417669522403171,0.4417821702662053,0.4417669522403171,0.4417821702662053,99.37721599917859,224.9527132039948,3
1789245420,2026-09-12T20:37:00.000Z,0.4418833254564516,0.4420608484116642,0.44184557638050065,0.4420608484116642,237.4239129992202,537.3366238250164,3
1789245480,2026-09-12T20:38:00.000Z,0.4418130875165119,0.4418381112123217,0.4415786840919443,0.4415786840919443,230.6256550019607,522.2712564409885,7
1789245540,2026-09-12T20:39:00.000Z,0.44166948820776347,0.44166948820776347,0.4407155064497187,0.4415878403932593,59.20645199998489,134.1057744160098,4
1789245600,2026-09-12T20:40:00.000Z,0.44155513743796526,0.44155513757600623,0.025424416240611585,0.44143081436724996,206.8569020004943,791.6917455639923,7
1789245660,2026-09-12T20:41:00.000Z,0.44164751735532426,0.44164751735532426,0.015184654443758296,0.015184654443758296,0.39798299968242645,23.055658144003246,2
1789245720,2026-09-12T20:42:00.000Z,0.4425270926300848,0.4425270926300848,0.44225318372031386,0.44225318401835645,193.72879500035197,437.7840730540047,4
1789245780,2026-09-12T20:43:00.000Z,0.44193944611206737,0.4420646667955532,0.44193944611206737,0.4420646667955532,114.83732499927282,259.77810491999844,3
1789245840,2026-09-12T20:44:00.000Z,0.44204113796503147,0.44204113796503147,0.4420341584908766,0.4420341584908766,189.6650979993865,429.0666239449929,2
1789245900,2026-09-12T20:45:00.000Z,0.4420790607720156,0.4420790607720156,0.4420790607720156,0.4420790607720156,0.03878200054168701,0.08772639100789092,1
1789245960,2026-09-12T20:46:00.000Z,0.4422436850556128,0.44243219406499107,0.4422002519997374,0.4422002519997374,260.89807799924165,589.9711188880028,4
1789246020,2026-09-12T20:47:00.000Z,0.44217307120668586,0.44217307120668586,0.44217307120668586,0.44217307120668586,14.322674999944866,32.391558718984015,1
1789246080,2026-09-12T20:48:00.000Z,0.4406469486732973,0.4425282855913497,0.4406469486732973,0.4423938897260539,546.2595460005105,1236.2034064659965,3
1789246140,2026-09-12T20:49:00.000Z,0.4425058347915745,0.4425999700756428,0.4425058347915745,0.4425999700756428,120.35638900048434,271.93042756500654,2
1789246200,2026-09-12T20:50:00.000Z,0.44268135071911197,0.44268135071911197,0.4426071554900912,0.4426071554900912,189.6601400001109,428.43491468700086,2
1789246260,2026-09-12T20:51:00.000Z,0.44260248149400383,0.44260248149400383,0.44260248149400383,0.44260248149400383,0.04948800000056508,0.1118113929987885,1
1789246320,2026-09-12T20:52:00.000Z,0.44224878707235216,0.44224878707235216,0.3544462182782647,0.3544462182782647,204.8413059990853,471.6801532449899,3
1789246380,2026-09-12T20:53:00.000Z,0.4418759147562246,0.4418759147562246,0.4418759147562246,0.4418759147562246,0.04177999962121248,0.09455142999649979,1
1789246440,2026-09-12T20:54:00.000Z,0.44154879705700767,0.44154879705700767,0.440574185421259,0.4415223734374684,189.70852200016634,429.6693256260078,3
1789246500,2026-09-12T20:55:00.000Z,0.44150779018125147,0.4415612908013655,0.44150779018125147,0.44156128712494463,1.3922090008854866,3.1529381559812464,4
1789246560,2026-09-12T20:56:00.000Z,0.44156971298716835,0.44604249440920796,0.44156971298716835,0.44158256452251554,202.5102800000459,458.3678083110138,5
1789246620,2026-09-12T20:57:00.000Z,0.4405112412405423,0.44144404993059316,0.4404117531267452,0.44140243874456075,124.6028279997604,282.9066395859991,5
1789246680,2026-09-12T20:58:00.000Z,0.44127004521094254,0.44127004521094254,0.44126050434318886,0.44126050434318886,189.67145399935544,429.84008543699747,2
1789246740,2026-09-12T20:59:00.000Z,0.4413346004346173,0.4413346004346173,0.4413346004346173,0.4413346004346173,0.0451259994879365,0.10224894998827949,1
1789246800,2026-09-12T21:00:00.000Z,0.4410300094318288,0.4410300094318288,0.4409523315951868,0.4409523315951868,189.67175700049847,430.06544239999494,2
1789246860,2026-09-12T21:01:00.000Z,0.44094722423252886,0.4419504971432036,0.4407740648409933,0.4407740648409933,10.237523000505007,23.217035020015366,3
1789246920,2026-09-12T21:02:00.000Z,0.4413120016477207,0.4413120016477207,0.4409533191338963,0.4409533191338963,189.6700089997612,429.78674717698595,2
1789246980,2026-09-12T21:03:00.000Z,0.44016257255558516,0.4414481364029943,0.44016257255558516,0.4414481364029943,0.14401699983149818,0.32693511101020367,2
1789247040,2026-09-12T21:04:00.000Z,0.4414600455172089,0.44171391833140045,0.43986545913660813,0.43986545913660813,200.9265519999899,455.1889314299915,4
1789247100,2026-09-12T21:05:00.000Z,0.4407078582649174,0.4419538603276155,0.4407078582649174,0.4419538603276155,189.8482810001198,429.5670879810165,3
1789247160,2026-09-12T21:06:00.000Z,0.44190607126661935,0.4419060734329074,0.44190607126661935,0.4419060734329074,349.1828830000013,790.1744413669803,2
1789247220,2026-09-12T21:07:00.000Z,0.44198495629974016,0.44214810424629347,0.44198495629974016,0.44214810424629347,189.65880799945444,428.94862717500655,2
1789247280,2026-09-12T21:08:00.000Z,0.4421397370010264,0.4421397370010264,0.4421397370010264,0.4421397370010264,0.04816300002858043,0.10893162499996834,1
1789247340,2026-09-12T21:09:00.000Z,0.44222938152273555,0.44222938152273555,0.44221802276893424,0.44221802276893424,189.66017799964175,428.88386995199835,2
1789247400,2026-09-12T21:10:00.000Z,0.44209306144756777,0.44209306144756777,0.4316776389214406,0.4316776389214406,14.43289800002256,33.43239399699652,2
1789247460,2026-09-12T21:11:00.000Z,0.4424771268952539,0.4425999691655784,0.4424771268952539,0.4425999691655784,199.7246849994499,451.26865184801136,3
1789247520,2026-09-12T21:12:00.000Z,0.44243381493384704,0.44243381493384704,0.44243381493384704,0.44243381493384704,0.04234299995005131,0.09570470999460667,1
1789247580,2026-09-12T21:13:00.000Z,0.4423118458910421,0.4423118458910421,0.4423118458910421,0.4423118458910421,160.8546460000798,363.66795846499735,1
1789247640,2026-09-12T21:14:00.000Z,0.44175788400617766,0.44175788400617766,0.44175788400617766,0.44175788400617766,0.05033600004389882,0.11394476899295114,1
1789247700,2026-09-12T21:15:00.000Z,0.44043325580577136,0.4416851228922399,0.44043325580577136,0.4416791283655192,190.79981600015935,431.9947059340084,3
1789247760,2026-09-12T21:16:00.000Z,0.4413271178558825,0.4413271178558825,0.44041174633642316,0.44041174633642316,120.15334900017479,272.8202958799884,3
1789247820,2026-09-12T21:17:00.000Z,0.4403154760208978,0.4408365647694861,0.4403154760208978,0.44080490565688896,196.8709609991838,446.62180627400267,7
1789247880,2026-09-12T21:18:00.000Z,0.44080609022925055,0.44080609022925055,0.44021563975277545,0.44021563975277545,0.19992000012825883,0.45398675500291574,2
1789247940,2026-09-12T21:19:00.000Z,0.44261177360578813,0.44261177360578813,0.4409649061248487,0.4409649061248487,189.69204400018862,430.1630121039925,3
1789248000,2026-09-12T21:20:00.000Z,0.4407450936132875,0.4408186085425616,0.4407450936132875,0.4408186085425616,189.67055199993774,430.26895134701044,2
1789248060,2026-09-12T21:21:00.000Z,0.44118823534963353,0.44118823534963353,0.44118823534963353,0.44118823534963353,0.039771000389009714,0.09014519699849188,1
1789248120,2026-09-12T21:22:00.000Z,0.4408502249903364,0.44087667987115253,0.44084696789156064,0.44087667987115253,236.26885700039566,535.9327209180046,3
1789248180,2026-09-12T21:23:00.000Z,0.44096828904224467,0.44096828904224467,0.44096828904224467,0.44096828904224467,0.05137200001627207,0.11649817298166454,1
1789248240,2026-09-12T21:24:00.000Z,0.4410300453677503,0.4410300453677503,0.44094288522927294,0.44094288522927294,189.66347199957818,430.04662059800467,2
1789248300,2026-09-12T21:25:00.000Z,0.44094047682605575,0.44094047682605575,0.4409008268812286,0.4409323351279446,1.4037469998002052,3.183705850999104,4
1789248360,2026-09-12T21:26:00.000Z,0.4410080682355594,0.4410080682355594,0.4409440407509845,0.4409440407509845,189.66462699975818,430.070665687992,2
1789248420,2026-09-12T21:27:00.000Z,0.4414674544616616,0.44164580823791927,0.4414674544616616,0.44164580823791927,189.6625069999136,429.4448642670177,2
1789248480,2026-09-12T21:28:00.000Z,0.44135133458993575,0.44135133458993575,0.44135133458993575,0.44135133458993575,0.047515000216662884,0.10765799600630999,1
1789248540,2026-09-12T21:29:00.000Z,0.44109886197061876,0.44109886197061876,0.43929984975011743,0.43929984975011743,354.8881739997305,806.0950151309953,3
1789248600,2026-09-12T21:30:00.000Z,0.4410683446780336,0.4410683446780336,0.4410683446780336,0.4410683446780336,0.04450900014489889,0.1009117990033701,1
1789248660,2026-09-12T21:31:00.000Z,0.4410130030067091,0.4410130030067091,0.4408825676813322,0.4408825676813322,189.6588079999201,430.1798492950038,2
1789248720,2026-09-12T21:32:00.000Z,0.44081140532921476,0.44081140532921476,0.44081140532921476,0.44081140532921476,0.03988600010052323,0.0904831399966497,1
1789248780,2026-09-12T21:33:00.000Z,0.44087266269730724,0.4409036631008816,0.44087266269730724,0.4409036631008816,189.6582889999263,430.15812197700143,2
1789248840,2026-09-12T21:34:00.000Z,0.4408949769462039,0.4408949769462039,0.4408752331310749,0.4408752331310749,2.022856999654323,4.588082483998733,3
1789248900,2026-09-12T21:35:00.000Z,0.44019374594473826,0.440935814317362,0.44019374594473826,0.440935814317362,190.83683699983067,432.8404920440207,4
1789248960,2026-09-12T21:36:00.000Z,0.4409207007362994,0.44132577786434035,0.4409207007362994,0.44132577786434035,2.077400999609381,4.707283675001236,2
1789249020,2026-09-12T21:37:00.000Z,0.44210023328069076,0.44210023328069076,0.44210023328069076,0.44210023328069076,0.046875,0.1060279920056928,1
1789249080,2026-09-12T21:38:00.000Z,0.4419555429392283,0.4419555429392283,0.44176355646852417,0.44176355646852417,71.68514399975538,162.2703470759734,2
1789249140,2026-09-12T21:39:00.000Z,0.4412111849826015,0.4412111849826015,0.4412111849826015,0.4412111849826015,0.04702700022608042,0.10658614701242186,1
1789249200,2026-09-12T21:40:00.000Z,0.44145985254014053,0.4418861727281499,0.4413071214338682,0.4418861727281499,1.6641910001635551,3.768047889987971,3
1789249260,2026-09-12T21:41:00.000Z,0.44156663569063015,0.44156663569063015,0.44156663569063015,0.44156663569063015,0.04611300025135279,0.10443044497515075,1
1789249320,2026-09-12T21:42:00.000Z,0.4417094199764739,0.4417094199764739,0.4417094199764739,0.4417094199764739,0.045320000033825636,0.1026013890223112,1
1789249380,2026-09-12T21:43:00.000Z,0.4418221727149386,0.4418221727149386,0.4418221727149386,0.4418221727149386,0.0362249999307096,0.08198999997694045,1
1789249440,2026-09-12T21:44:00.000Z,0.43993082641382764,0.4418072794256498,0.43993082641382764,0.4418072794256498,1.0332039999112483,2.3481968510046465,2
1789249500,2026-09-12T21:45:00.000Z,0.4401213931739667,0.4401213931739667,0.4401213931739667,0.4401213931739667,40.96841199975461,93.08434589899844,1
1789249560,2026-09-12T21:46:00.000Z,0.44147413428960885,0.44147413428960885,0.44147413428960885,0.44147413428960885,0.04661699943244457,0.10559395400923677,1
1789249620,2026-09-12T21:47:00.000Z,0.4412734414909973,0.4412734414909973,0.4393896843343821,0.4393896843343821,423.5786720000833,964.0153002769657,3
1789249680,2026-09-12T21:48:00.000Z,0.4413129751094034,0.4413129751094034,0.44102557047146757,0.44102557047146757,0.09956600051373243,0.22568335197865963,2
1789249740,2026-09-12T21:49:00.000Z,0.4400294745571477,0.4401590691062756,0.43987342667999785,0.43987342667999785,19.506231999998818,44.3413151879995,3
1789249800,2026-09-12T21:50:00.000Z,0.4405803332560229,0.4405803332560229,0.43930943787425425,0.43930943787425425,120.42214600070292,274.11656627699995,2
1789249860,2026-09-12T21:51:00.000Z,0.4400053144011193,0.4400053144011193,0.4399515521287813,0.4399515521287813,1.14090200031751,2.5929629650236166,4
1789249920,2026-09-12T21:52:00.000Z,0.4400027026948618,0.4400027026948618,0.4400027026948618,0.4400027026948618,0.04783499985933304,0.10871524098911323,1
1789249980,2026-09-12T21:53:00.000Z,0.4402626961684401,0.44065691580132693,0.4402126267381055,0.44065691580132693,6.041070000268519,13.720772008999925,3
1789250040,2026-09-12T21:54:00.000Z,0.44024354978346764,0.4402634095979566,0.4402096707340594,0.4402096707340594,0.09932399936020375,0.2256178070201944,3
1789250100,2026-09-12T21:55:00.000Z,0.44029760111225347,0.44029760111225347,0.4399816573520759,0.4399816585670506,120.48795499932021,273.66674426200916,10
1789250160,2026-09-12T21:56:00.000Z,0.43994394783556606,0.44011004660892794,0.43984276496384417,0.44011004572402873,4.841044999659061,11.00311791797867,6
1789250220,2026-09-12T21:57:00.000Z,0.4401124800145625,0.4401124800145625,0.4401124800145625,0.4401124800145625,0.05162499938160181,0.11729955801274627,1
1789250280,2026-09-12T21:58:00.000Z,0.43966663546492013,0.44028116416537044,0.43966518413496813,0.44028116416537044,1.5011970000341535,3.414122574002249,4
1789250340,2026-09-12T21:59:00.000Z,0.4399054281443269,0.4399054281443269,0.43920406994993,0.43987928931076115,171.44668799937355,389.7389560179964,3
1789250400,2026-09-12T22:00:00.000Z,0.44059719944046083,0.44059719944046083,0.4393146193931832,0.4393146193931832,0.3391200007226871,0.771684107989131,2
1789250460,2026-09-12T22:01:00.000Z,0.43837536119511894,0.44035637449788456,0.43837536119511894,0.44035637449788456,611.4470310006291,1394.8019973300106,2
1789250580,2026-09-12T22:03:00.000Z,0.44017856887865137,0.44017856887865137,0.44007689308042697,0.44007689308042697,1.3369579995051026,3.0379848910088185,2
1789250640,2026-09-12T22:04:00.000Z,0.4399565920618441,0.4399565920618441,0.43821454817106553,0.43944755086129084,117.98630399883405,269.2413160520082,3
1789250700,2026-09-12T22:05:00.000Z,0.4393539446337788,0.4399317072431753,0.4393539446337788,0.4399317072431753,2.8271120013669133,6.434103983978275,3
1789250760,2026-09-12T22:06:00.000Z,0.4399934586419898,0.4399934586419898,0.43821934925829253,0.43821934925829253,77.64086300041527,177.1730782460072,2
1789250820,2026-09-12T22:07:00.000Z,0.4408890941120268,0.4408890941120268,0.43552865611625985,0.43552865611625985,46.90475500052592,106.56857622899872,3
1789250880,2026-09-12T22:08:00.000Z,0.4401914389327194,0.4401914389327194,0.4401914389327194,0.4401914389327194,0.04232499934732914,0.09615134599152952,1
1789250940,2026-09-12T22:09:00.000Z,0.43975670567395864,0.43975670567395864,0.4380023295987741,0.4380023295987741,6.608237999226731,15.086848852000912,2
1789251000,2026-09-12T22:10:00.000Z,0.43973264213883145,0.4399703782964156,0.43973264213883145,0.4399703782964156,91.17063300032169,207.27073879601085,4
1789251120,2026-09-12T22:12:00.000Z,0.43987857439628825,0.43987857439628825,0.43987857439628825,0.43987857439628825,0.04168100003153086,0.09475569499772973,1
1789251180,2026-09-12T22:13:00.000Z,0.4397969920673829,0.4397969920673829,0.4380982927261635,0.4395168448916919,22.201490000184002,50.676214629989175,3
1789251240,2026-09-12T22:14:00.000Z,0.4381948029955477,0.43947634631310145,0.4381948029955477,0.43935833428974785,7.057444000442047,16.07546743900457,3
1789251300,2026-09-12T22:15:00.000Z,0.4399724388924312,0.4399724388924312,0.4397793498323756,0.4397793498323756,0.06132899969816208,0.13943301999825053,2
1789251360,2026-09-12T22:16:00.000Z,0.4397769195614852,0.4398040646315679,0.4397769195614852,0.4398040646315679,0.34302600007504225,0.779990787996212,3
1789251420,2026-09-12T22:17:00.000Z,0.4395603107656629,0.4395603107656629,0.43934101055558283,0.43934101055558283,1.1594269974157214,2.6386999129899777,6
1789251480,2026-09-12T22:18:00.000Z,0.43988810198020406,0.43988810198020406,0.43988810198020406,0.43988810198020406,0.05296099931001663,0.12039652600651607,1
1789251540,2026-09-12T22:19:00.000Z,0.43968591909633103,0.43968591909633103,0.43968591909633103,0.43968591909633103,0.03766799997538328,0.0856702440069057,1
1789251600,2026-09-12T22:20:00.000Z,0.4397178652137929,0.4397178652137929,0.4393196114035047,0.4393196114035047,6.314998000561417,14.372787434008238,4
1789251660,2026-09-12T22:21:00.000Z,0.43954035934728636,0.43954035934728636,0.43954035934728636,0.43954035934728636,0.05234200041741133,0.11908349097939208,1
1789251720,2026-09-12T22:22:00.000Z,0.4393520016546216,0.43943607896006676,0.4393520016546216,0.43943607896006676,2.1464250003919005,4.884743128000991,4
1789251780,2026-09-12T22:23:00.000Z,0.43957690356108875,0.43957690356108875,0.43957690330760474,0.43957690330760474,0.5598210003226995,1.2735450750042219,2
1789251840,2026-09-12T22:24:00.000Z,0.4395492827343987,0.43961011929161425,0.43954465623899586,0.43961011929161425,13.092137000523508,29.785666848998517,3
1789251900,2026-09-12T22:25:00.000Z,0.4389319515817186,0.43895095730289246,0.4389190972467352,0.43895095730289246,0.1579140005633235,0.35977028601337224,5
1789251960,2026-09-12T22:26:00.000Z,0.4389322736278981,0.4390050811256096,0.4388412100129677,0.4388412100129677,74.10824100021273,168.83312702400144,4
1789252020,2026-09-12T22:27:00.000Z,0.4383771079728251,0.43839549366636416,0.4383085145848388,0.43839549366636416,274.85745000001043,626.9886028309993,4
1789252080,2026-09-12T22:28:00.000Z,0.43828661250980633,0.4392798982566325,0.43709914691944113,0.43821555221913466,1009.6163110008142,2304.703122879,6
1789252140,2026-09-12T22:29:00.000Z,0.43819769127117963,1.0646127359411468,0.4372972423032598,0.4372972423032598,9.84097599890083,20.06381454298389,15
1789252200,2026-09-12T22:30:00.000Z,0.43729946460927677,0.43821077445654794,0.4360039849624476,0.4373826044501483,274.6517390005538,629.3238450199891,17
1789252260,2026-09-12T22:31:00.000Z,0.4373421294173893,0.43772669410088255,0.4372760154047278,0.437376022238644,101.31404000055045,231.4669945689966,10
1789252320,2026-09-12T22:32:00.000Z,0.43724641113959944,0.43724641113959944,0.43700532143035686,0.43700563781458984,8.106318998150527,18.547593786992365,12
1789252380,2026-09-12T22:33:00.000Z,0.43725571480294534,0.4372681491801109,0.4369156416969407,0.4369156416969407,7.679694999940693,17.57241163699655,8
1789252440,2026-09-12T22:34:00.000Z,0.4367793074256903,0.4367793074256903,0.43670531536633256,0.4367060673374791,201.40554600022733,461.16865177900763,11
1789252500,2026-09-12T22:35:00.000Z,0.4366964233597025,0.4368979924812988,0.4366964233597025,0.4368979924812988,2.2753169992938638,5.210091574001126,4
1789252560,2026-09-12T22:36:00.000Z,0.4375051918085868,0.4376961701972765,0.4375051918085868,0.4376961701972765,5.117494999431074,11.69694049199461,2
1789252620,2026-09-12T22:37:00.000Z,0.4377497079434118,0.4377497079434118,0.4377497079434118,0.4377497079434118,103.24953799974173,235.8643218400248,1
1789252680,2026-09-12T22:38:00.000Z,0.4377321288950374,0.4377713156868838,0.4377321288950374,0.4377713156868838,60.37220400106162,137.9080952059885,2
1789252740,2026-09-12T22:39:00.000Z,0.43774905056167646,0.43774905056167646,0.43774905056167646,0.43774905056167646,0.051903000101447105,0.11856793300830759,1
1789252800,2026-09-12T22:40:00.000Z,0.43820411202029386,0.43820411202029386,0.43767695068954515,0.43793586245557403,2.239938000229813,5.112847583979601,7
1789252860,2026-09-12T22:41:00.000Z,0.43780597405801,0.43780597405801,0.43780597405801,0.43780597405801,0.042805000208318233,0.09777162200771272,1
1789252920,2026-09-12T22:42:00.000Z,0.43797705411977594,0.43797705411977594,0.43796525188447144,0.43796525188447144,48.7441819999367,111.29392012700555,2
1789252980,2026-09-12T22:43:00.000Z,0.4378585792314432,0.4378585792314432,0.4378585792314432,0.4378585792314432,0.03627599962055683,0.08284866699250415,1
1789253040,2026-09-12T22:44:00.000Z,0.4379559760786362,0.4379559760786362,0.4379559760786362,0.4379559760786362,0.04509000014513731,0.10295555400080048,1
1789253100,2026-09-12T22:45:00.000Z,0.4378598791204347,0.4378598791204347,0.4378598791204347,0.4378598791204347,0.037284000776708126,0.08515053000883199,1
1789253160,2026-09-12T22:46:00.000Z,0.43820623943022413,0.43820623943022413,0.43820623943022413,0.43820623943022413,0.04420899999968242,0.10088628600351512,1
1789253220,2026-09-12T22:47:00.000Z,0.4382022889925638,0.4382022889925638,0.4380581636946117,0.4380581636946117,0.39175899979818496,0.8940503879857715,2
1789253280,2026-09-12T22:48:00.000Z,0.4374197147542336,0.4379074759998892,0.4374197147542336,0.4379074759998892,143.79080800060183,328.6986020320037,2
1789253340,2026-09-12T22:49:00.000Z,0.4377780181917244,0.4377780181917244,0.4377780181917244,0.4377780181917244,0.04745099972933531,0.1083905489940662,1
1789253400,2026-09-12T22:50:00.000Z,0.4373151374529572,0.4373151374529572,0.43533612584676024,0.43533612584676024,8.544761000218749,19.5579606949981,6
1789253460,2026-09-12T22:51:00.000Z,0.4372390015350371,0.4372390015350371,0.43513310953236384,0.43572366508436866,20.81181600058413,47.76489945699949,4
1789253520,2026-09-12T22:52:00.000Z,0.43744488371804663,0.43744488371804663,0.43523282424163723,0.43523282424163723,1.402106999770405,3.218207505006157,3
1789253580,2026-09-12T22:53:00.000Z,0.43741333491608353,0.43741333491608353,0.43741333491608353,0.43741333491608353,0.043033999390900135,0.09838291601045057,1
1789253640,2026-09-12T22:54:00.000Z,0.4371750949920124,0.44096451513611984,0.4371750949920124,0.4374618310547427,724.4077600013646,1655.1957091079844,4
1789253700,2026-09-12T22:55:00.000Z,0.4371090311215935,0.43734818728773567,0.4371090311215935,0.43734818728773567,0.4812040003016591,1.1003391380072571,3
1789253760,2026-09-12T22:56:00.000Z,0.437231464216037,0.4372998368855203,0.001320166461111778,0.001333740525538016,220.4690940009874,4266.1030210530125,7
1789253820,2026-09-12T22:57:00.000Z,0.43724758165291144,0.43907970290651765,0.4372421884033675,0.43907970290651765,190.75801200005657,436.19301116098194,4
1789253880,2026-09-12T22:58:00.000Z,0.43713756800773595,0.43713756800773595,0.43713756800773595,0.43713756800773595,0.04038800019770861,0.09239196800626814,1
1789253940,2026-09-12T22:59:00.000Z,0.4370629300477716,0.4370629300477716,0.4370629300477716,0.4370629300477716,0.047772000543773174,0.10930233899853192,1
1789254000,2026-09-12T23:00:00.000Z,0.43706268695294537,0.43706268695294537,0.4365904983606373,0.4365904983606373,133.20887700049207,305.11159726500046,2
1789254060,2026-09-12T23:01:00.000Z,0.43700213584834485,0.4370693340332141,0.4358119149637441,0.43632197269919876,80.94034999920392,185.295098313006,7
1789254120,2026-09-12T23:02:00.000Z,0.43692096489466925,0.43695039214005926,0.43692096489466925,0.43695039214005926,0.5401820000261068,1.2362615730089601,2
1789254180,2026-09-12T23:03:00.000Z,0.43713539328073775,0.43810058308544086,0.43713539328073775,0.4376678823405797,175.99068299867213,402.0190770000045,4
1789254240,2026-09-12T23:04:00.000Z,0.4370986197291498,0.4370986197291498,0.4370986197291498,0.4370986197291498,0.044682000763714314,0.10222407197579741,1
1789254300,2026-09-12T23:05:00.000Z,0.43701396899520645,0.43701396899520645,0.43701396899520645,0.43701396899520645,0.045509000308811665,0.10413626002264209,1
1789254360,2026-09-12T23:06:00.000Z,0.43693045196726293,0.4375014006048182,0.43693045196726293,0.4375014006048182,452.77557099983096,1034.9124205979751,2
1789254420,2026-09-12T23:07:00.000Z,0.43734476126314537,0.43734476126314537,0.43613025138887435,0.43613025138887435,10.329366999907961,23.683842281003205,2
1789254480,2026-09-12T23:08:00.000Z,0.4372264167726888,0.4372264167726888,0.4372264167726888,0.4372264167726888,0.04215999972075224,0.09642601202358492,1
1789254540,2026-09-12T23:09:00.000Z,0.43704966579769516,0.4372388336219611,0.43704966579769516,0.4372388336219611,0.5408719992265105,1.237061953986995,2
1789254600,2026-09-12T23:10:00.000Z,0.43708456212106306,0.43712485480289875,0.4369807315604521,0.43712484958855985,10.91069099958986,24.96761662600329,5
1789254660,2026-09-12T23:11:00.000Z,0.4370852509751577,0.4370852509751577,0.4370825350851299,0.4370825350851299,0.06843699980527163,0.15657616799580865,2
1789254720,2026-09-12T23:12:00.000Z,0.43722167004087903,0.43722167004087903,0.4371950035278679,0.4371950035278679,7.71620300039649,17.649332272005267,2
1789254900,2026-09-12T23:15:00.000Z,0.43711220591221106,0.43711327826149216,0.4360132227935545,0.43699760483618744,69.13054300048861,158.21064254198427,5
1789254960,2026-09-12T23:16:00.000Z,0.43723518480675405,0.43723518480675405,0.43723518480675405,0.43723518480675405,1539.599425,3521.215763275,1
1789255020,2026-09-12T23:17:00.000Z,0.4370806190275078,0.4370806190275078,0.4370806190275078,0.4370806190275078,0.045402000192552805,0.10387557401554659,1
1789255080,2026-09-12T23:18:00.000Z,0.43701625610828015,0.43701625610828015,0.4369921309352178,0.4369921309352178,1.0809350004419684,2.473574406991247,2
1789255140,2026-09-12T23:19:00.000Z,0.4372036901777732,0.4372036901777732,0.4371162988134405,0.4371162988134405,138.50758800003678,316.8666569449997,2
1789255200,2026-09-12T23:20:00.000Z,0.4352469467702495,0.43716917256941124,0.4352469467702495,0.43716917256941124,424.42951800022274,975.1460010409937,2
1789255260,2026-09-12T23:21:00.000Z,0.4371793855180554,0.4371793855180554,0.4371769973377877,0.4371769973377877,45.3227229998447,103.6713345629978,2
1789255320,2026-09-12T23:22:00.000Z,0.43688976495158954,0.4599347541387094,0.43688976495158954,0.4599347541387094,2.0454049999825656,4.452370683010561,2
1789255380,2026-09-12T23:23:00.000Z,0.43676849242037835,0.43676849242037835,0.4362914597782974,0.4362914597782974,0.2597500002011657,0.5949950630019885,4
1789255440,2026-09-12T23:24:00.000Z,0.43635376129645487,0.4366492402947119,0.43624868175918113,0.43625330064579787,653.0102530000731,1495.5064761230024,5
1789255500,2026-09-12T23:25:00.000Z,0.436243285120396,0.43657590180845307,0.436243285120396,0.43627685595418303,175.0056559992954,400.86632678000024,4
1789255560,2026-09-12T23:26:00.000Z,0.43657700912885544,0.43657700912885544,0.43641797306774005,0.43641797306774005,15.668832999654114,35.903227562026586,2
1789255620,2026-09-12T23:27:00.000Z,0.4349445857370776,0.436383864964434,0.4349445857370776,0.4360132124686456,9.904594999818734,22.739701167976158,4
1789255680,2026-09-12T23:28:00.000Z,0.4362875939127386,0.4363737207194734,0.4362875939127386,0.4363737207194734,0.5415630000643432,1.2410738290054724,2
1789255740,2026-09-12T23:29:00.000Z,0.4363575346112187,0.43636345189399434,0.4363575346112187,0.43636345189399434,10.351680999621749,23.72293259698199,2
1789255800,2026-09-12T23:30:00.000Z,0.4363621976087603,0.4363621976087603,0.43550540053173525,0.43617526676778196,56.523814000331186,129.61328767200575,4
1789255860,2026-09-12T23:31:00.000Z,0.4362725405376822,0.43658978724859443,0.4355632826116692,0.43658978724859443,7.051754000112851,16.17106007901748,4
1789255980,2026-09-12T23:33:00.000Z,0.43641721785825116,0.43641721785825116,0.4363737166776396,0.4363737166776396,0.09393800003454089,0.21525884699076414,2
1789256100,2026-09-12T23:35:00.000Z,0.43600423991829235,0.4363643582945291,0.43600423991829235,0.4363643582945291,3.0794029999524355,7.057720159005839,3
1789256160,2026-09-12T23:36:00.000Z,0.43616234583627317,0.43616234583627317,0.43492485000006126,0.4360704366419886,8.80121200004578,20.235524430987425,4
1789256220,2026-09-12T23:37:00.000Z,0.43536385833916447,0.4364812851587421,0.43536385833916447,0.4364812851587421,0.7692829996749424,1.7667663110150897,2
1789256280,2026-09-12T23:38:00.000Z,0.4367572964081995,0.4367572964081995,0.4367572964081995,0.4367572964081995,0.03668599994853139,0.08399630698841065,1
1789256340,2026-09-12T23:39:00.000Z,0.43666823668927557,0.43666823668927557,0.43666007573000926,0.43666007573000926,32.777516999747604,75.06414695401327,2
1789256400,2026-09-12T23:40:00.000Z,0.4370244845588589,0.4370244845588589,0.43700582851156894,0.4370058363498751,0.7519120001234114,1.720594688988058,4
1789256460,2026-09-12T23:41:00.000Z,0.43703132361341485,0.4407778175178171,0.4319740152425959,0.4370161068519052,143.6406040003348,329.43870211203614,5
1789256520,2026-09-12T23:42:00.000Z,0.4372991108420565,0.4372991108420565,0.4371088023085802,0.4371088023085802,51.34039699999994,117.40496936898853,3
1789256580,2026-09-12T23:43:00.000Z,0.4370869419967673,0.43711504105843646,0.43511165776223387,0.43511165776223387,8.175075999999766,18.705890369998965,3
1789256640,2026-09-12T23:44:00.000Z,0.4379418318523788,0.4379418318523788,0.4346928247209943,0.4346928247209943,2.388445000177562,5.4937733960021005,2
1789256700,2026-09-12T23:45:00.000Z,0.43506933708668927,0.4608650868450679,0.4162929980911392,0.4162929980911392,14.232287000000298,32.67202799100031,5
1789256760,2026-09-12T23:46:00.000Z,0.43529932029498103,0.4382025374693362,0.43529932029498103,0.4382025374693362,30.460478999608085,69.60088848001574,3
1789256820,2026-09-12T23:47:00.000Z,0.4246266928252216,0.4246266928252216,0.4246266928252216,0.4246266928252216,3.465537000000001,8.16137341,1
1789256880,2026-09-12T23:48:00.000Z,0.4382022999781109,0.4382022999781109,0.4382022999781109,0.4382022999781109,0.046366000000489294,0.10580957699858118,1
1789256940,2026-09-12T23:49:00.000Z,0.43678759879724344,0.4367876114814239,0.43678752302541585,0.43678752302541585,57.37381900008768,131.3540465910046,3
1789257000,2026-09-12T23:50:00.000Z,0.43801151329910254,0.43801151329910254,0.4369826403392182,0.4369826403392182,4.867312999986098,11.127756037003564,2
1789257120,2026-09-12T23:52:00.000Z,0.43820478280297886,0.43820478280297886,0.4369740287606255,0.4369740287606255,0.27684000011504395,0.6332209459869773,2
1789257180,2026-09-12T23:53:00.000Z,0.4382022465844394,0.4382022465844394,0.4370462152759926,0.4370462152759926,12.112090999957218,27.713225319013873,2
1789257240,2026-09-12T23:54:00.000Z,0.3473751718938024,0.43820739909549394,0.3473751718938024,0.43575446746058616,46.93861000000004,108.34778766999989,3
1789257300,2026-09-12T23:55:00.000Z,0.4352027122798745,0.4382325511849772,0.4352027122798745,0.4382060345839673,33.27418400000079,76.35504523500393,6
1789257360,2026-09-12T23:56:00.000Z,0.43817958777293065,0.439027986861382,0.43817958777293065,0.439027986861382,127.6979339999998,291.22602255499805,2
1789257420,2026-09-12T23:57:00.000Z,0.4373138261429838,0.43735272537063413,0.4373138261429838,0.43735272537063413,72.8791109999614,166.64712766298422,5
1789257480,2026-09-12T23:58:00.000Z,0.43742042792121644,0.4379853580107078,0.4373690909375303,0.4373690909375303,177.19245699979365,404.6918716849759,5
1789257600,2026-09-13T00:00:00.000Z,0.43726451084485235,0.43726451084485235,0.43726451084485235,0.43726451084485235,3.4529789998196065,7.896773953019874,1
1789257660,2026-09-13T00:01:00.000Z,0.4371005582654211,0.4371005582654211,0.4371005582654211,0.4371005582654211,0.2608670000008715,0.5968123240018031,1
1789257720,2026-09-13T00:02:00.000Z,0.4371886364278517,0.43719305797778685,0.43588025682997494,0.437156803893153,45.832792000187965,104.86888113100512,6
1789257780,2026-09-13T00:03:00.000Z,0.4334389477648726,0.43850524496685944,0.4334389477648726,0.43785310606607003,705.9207940002739,1610.8364749450252,8
1789257840,2026-09-13T00:04:00.000Z,0.43791440869872256,0.4379517018977566,0.43791440869872256,0.4379517018977566,12.851609000004828,29.346277409000322,3
1789257960,2026-09-13T00:06:00.000Z,0.4383357680906392,0.43927528864844634,0.43833331037682877,0.4391257329227937,356.56539300061195,812.1333110839842,8
1789258020,2026-09-13T00:07:00.000Z,0.4386358079900151,10.188334634537355,0.4386358079900151,0.4390456431256082,10.426339000929147,14.793551178998314,8
1789258080,2026-09-13T00:08:00.000Z,0.43912327452226363,0.4402277586732377,0.43627776067752144,0.4394660401619179,18.3085569991773,41.8964689990057,8
1789258140,2026-09-13T00:09:00.000Z,0.4395304312461643,0.4411689259955978,0.004395411400107922,0.4411689259955978,25.755494999491304,643.1753529160018,6
1789258200,2026-09-13T00:10:00.000Z,0.4390084824200669,0.44040478904809943,0.4390084824200669,0.44039613152387147,11.126254999786397,25.33917860701331,3
1789258260,2026-09-13T00:11:00.000Z,0.439029169802234,0.4404000831094756,0.43778661450148887,0.4401221239579766,266.83395500017457,606.3567978280056,5
1789258320,2026-09-13T00:12:00.000Z,0.4392158404411143,0.4392703760130966,0.4392158404411143,0.4392703760130966,22.17212999984622,50.4797656989831,5
1789258380,2026-09-13T00:13:00.000Z,0.43929135448592155,0.43932757216897605,0.43929135448592155,0.43932757216897605,6.465210000518709,14.716986624000128,4
1789258440,2026-09-13T00:14:00.000Z,0.43918408892591215,0.43918408892591215,0.4382088574235077,0.4382088574235077,13.754426999948919,31.386539060011273,2
1789258560,2026-09-13T00:16:00.000Z,0.4393433908218599,0.4400260054955097,0.43906704540124336,0.439134925576941,193.1426510004695,439.2131619099768,7
1789258620,2026-09-13T00:17:00.000Z,0.4390786755792689,0.44009722693175063,0.438979901202542,0.438979901202542,15.109233999706703,34.365255519980565,3
1789258680,2026-09-13T00:18:00.000Z,0.43999417572187977,0.44037380329936376,0.43951267228773255,0.4399325575700216,664.5224330010442,1509.6584234939946,12
1789258740,2026-09-13T00:19:00.000Z,0.4393853285426343,0.4393853285426343,0.4393853285426343,0.4393853285426343,2.6540169999934733,6.0402949929994065,1
1789258800,2026-09-13T00:20:00.000Z,0.4411975103019947,0.4411975103019947,0.4411975103019947,0.4411975103019947,0.04863400012254715,0.11023180998745374,1
1789258920,2026-09-13T00:22:00.000Z,0.44034378544835845,0.44034378544835845,0.44034378544835845,0.44034378544835845,0.04256499977782369,0.0966631100163795,1
1789258980,2026-09-13T00:23:00.000Z,0.4401846899534094,0.440541862308393,0.4401846899534094,0.440541862308393,73.78272299980745,167.48184282297734,2
1789259040,2026-09-13T00:24:00.000Z,0.43859966100566095,0.4404782254179255,0.43845699314343634,0.43845699314343634,14.093526000242477,32.12954869002504,5
1789259100,2026-09-13T00:25:00.000Z,0.4389451881926106,0.44037950240867213,0.4389451881926106,0.4403795018436406,1.0034420001925355,2.278853057006984,3
1789259160,2026-09-13T00:26:00.000Z,0.4372071495784153,0.4372071495784153,0.4372071495784153,0.4372071495784153,31.12929299999996,71.200329249,1
1789259280,2026-09-13T00:28:00.000Z,0.4406691915201933,0.441517291234924,0.4406691915201933,0.44121645681206717,38.18353900022775,86.61100940398785,6
1789259340,2026-09-13T00:29:00.000Z,0.440966931069639,0.440966931069639,0.4395205274053637,0.4395205274053637,4.55583299977634,10.334102219999721,3
1789259400,2026-09-13T00:30:00.000Z,0.44114448162172304,0.44114448162172304,0.4397337464608675,0.4397337464608675,17.58122200006619,39.87970349299292,2
1789259460,2026-09-13T00:31:00.000Z,0.44107353703288177,0.44107353703288177,0.44107353703288177,0.44107353703288177,0.04726599995046854,0.10716126899933442,1
1789259520,2026-09-13T00:32:00.000Z,0.4407939861252153,0.4407939861252153,0.42117319196949216,0.4381618781059013,5.924600999756393,13.735055464991651,5
1789259580,2026-09-13T00:33:00.000Z,0.4405614149570243,0.4405614149570243,0.4405614149570243,0.4405614149570243,0.05188099993392825,0.11776110701612197,1
1789259640,2026-09-13T00:34:00.000Z,0.44088807588726986,0.44088807588726986,0.4405833201074427,0.4405833201074427,81.94344099983573,185.98844603297766,2
1789259700,2026-09-13T00:35:00.000Z,0.44044050210912483,0.44044050210912483,0.44044050210912483,0.44044050210912483,0.039871000219136477,0.09052528100437485,1
1789259760,2026-09-13T00:36:00.000Z,0.44023767546609344,0.44023767546609344,0.44023767546609344,0.44023767546609344,0.04457100015133619,0.10124303901102394,1
1789259820,2026-09-13T00:37:00.000Z,0.43994568856403526,0.43994568856403526,0.4397889467237549,0.4397889467237549,489.2677299999632,1112.505713438004,2
1789259880,2026-09-13T00:38:00.000Z,0.4398511872000187,0.4398511872000187,0.4398511872000187,0.4398511872000187,0.044633000157773495,0.1014729559828993,1
1789259940,2026-09-13T00:39:00.000Z,0.43980707465653124,0.43980707465653124,0.43964825462580026,0.43964825462580026,2.525064999703318,5.741718962002778,5
1789260000,2026-09-13T00:40:00.000Z,0.4395324567082338,0.4395324567082338,0.43821699152361276,0.4394190122059538,803.4803549999178,1828.611839368008,7
1789260060,2026-09-13T00:41:00.000Z,0.4397769714543344,0.44320801555287426,0.4397769714543344,0.44320801555287426,0.6450840000994447,1.4562817300105197,2
1789260120,2026-09-13T00:42:00.000Z,0.43945800701803067,0.43945800701803067,0.4347279688552967,0.4347279688552967,0.6345869999010816,1.4585929829993947,2
1789260180,2026-09-13T00:43:00.000Z,0.439273756302215,0.439273756302215,0.439273756302215,0.439273756302215,0.046070999931544065,0.10487992799608037,1
1789260240,2026-09-13T00:44:00.000Z,0.43923420067232055,0.43923420067232055,0.43923420067232055,0.43923420067232055,0.04401800036430359,0.10021532999235205,1
1789260300,2026-09-13T00:45:00.000Z,0.4393404915327466,0.4393436432078757,0.4382169132685884,0.4393436432078757,117.33849100011321,267.7628950910075,4
1789260360,2026-09-13T00:46:00.000Z,0.4390664522027219,0.4390664522027219,0.4390664522027219,0.4390664522027219,0.05131600005552173,0.116875247011194,1
1789260420,2026-09-13T00:47:00.000Z,0.4383289758646703,0.43913956342647664,0.4383289758646703,0.43913956342647664,5.280092999656063,12.045795950980391,2
1789260480,2026-09-13T00:48:00.000Z,0.43896033073317486,0.43896033073317486,0.43896033073317486,0.43896033073317486,0.053127000108361244,0.12102916001458652,1
1789260540,2026-09-13T00:49:00.000Z,0.445341510377975,0.445341510377975,0.4426945179403229,0.4426945179403229,7.510016000000001,16.871554504000002,2
1789260600,2026-09-13T00:50:00.000Z,0.438894797930719,0.4389429143350866,0.4345017180616384,0.4389429143350866,9.532706999859123,21.731392374998645,4
1789260660,2026-09-13T00:51:00.000Z,0.4389850469878503,0.43909058503105436,0.4389850469878503,0.43909058503105436,0.07467800052836537,0.1700943809992168,2
1789260720,2026-09-13T00:52:00.000Z,0.4381516898954068,0.44132045684669097,0.4381516898954068,0.43946652808182424,3.564099000271478,8.133777821992831,3
1789260780,2026-09-13T00:53:00.000Z,0.436906512511017,0.4424002623739676,0.436906512511017,0.4424002623739676,0.035436,0.080603003,2
1789260840,2026-09-13T00:54:00.000Z,0.4394989917442511,0.4416338299358741,0.4385550405427456,0.4416338299358741,0.08510600011187791,0.19353605602283142,3
1789260900,2026-09-13T00:55:00.000Z,0.4363535347703917,0.4420611968804995,0.4363535347703917,0.4420611968804995,0.07284200003889203,0.16580531901754997,3
1789260960,2026-09-13T00:56:00.000Z,0.4394898216046065,0.4394898216046065,0.4377050357172098,0.4377050357172098,0.10751700030636788,0.24480891199381716,3
1789261020,2026-09-13T00:57:00.000Z,0.4418185429157175,0.4418185429157175,0.43816736249937394,0.43816736249937394,0.07480400026270748,0.17012227101080934,3
1789261080,2026-09-13T00:58:00.000Z,0.4411721380106365,0.4411721380106365,0.43449281099891507,0.43449281099891507,0.07937899972775578,0.18091309597909877,3
1789261140,2026-09-13T00:59:00.000Z,0.4393982747478894,0.44181766995843597,0.4393982747478894,0.44181766995843597,1.0701359999665916,2.4352458769996694,3
1789261200,2026-09-13T01:00:00.000Z,0.43789519883743216,0.44127349823160317,0.43789519883743216,0.43859849647350846,0.20351300005436493,0.46373007398223376,4
1789261260,2026-09-13T01:01:00.000Z,0.43911744503537786,0.4417830719474714,0.43747993623526316,0.4417830719474714,0.0725019996419251,0.16502241900524275,3
1789261320,2026-09-13T01:02:00.000Z,0.4312280704104328,0.44222354956747145,0.4312280704104328,0.44222354956747145,0.09862300006690622,0.22478405201734564,4
1789261380,2026-09-13T01:03:00.000Z,0.4356195692735354,0.4423193830177891,0.4352180823909972,0.4423193830177891,0.09930400001102685,0.22624938498921124,5
1789261440,2026-09-13T01:04:00.000Z,0.4366385482770181,0.4422630902764829,0.4366385482770181,0.4421851284942203,0.09659899985393883,0.21990223301292425,5
1789261500,2026-09-13T01:05:00.000Z,0.4386274777249594,0.4419637471671654,0.43607822390632056,0.4419637471671654,214.36821199910412,489.3123867369795,9
1789261560,2026-09-13T01:06:00.000Z,0.43838186022233994,0.44150957271049474,0.43594634656387804,0.44150957271049474,135.83433900045927,310.6667270039779,17
1789261620,2026-09-13T01:07:00.000Z,0.4381408709891981,0.43855535163331827,0.43495106321709576,0.43855535163331827,0.7127350000274479,1.6269171639884035,4
1789261680,2026-09-13T01:08:00.000Z,0.4421609883731839,0.4421609883731839,0.4344317263666604,0.4384007165154275,1.0220080001842082,2.331487684984148,5
1789261740,2026-09-13T01:09:00.000Z,0.44191008568110735,0.44191008568110735,0.4325090769089947,0.43864747866315856,1.0657029998087288,2.4309829650026833,4
1789261800,2026-09-13T01:10:00.000Z,0.44216542266394765,0.44216542266394765,0.4331952503450152,0.43883643059347116,2.0990049993609787,4.781041625978867,6
1789261860,2026-09-13T01:11:00.000Z,0.4480881049508367,0.4480881049508367,0.43069080757624795,0.4388016698767603,0.16201299990609286,0.36884285101161124,5
1789261920,2026-09-13T01:12:00.000Z,0.4459063025872755,1.181034600454456,0.4312909232764977,1.181034600454456,9.122516999911547,8.87120383201126,5
1789261980,2026-09-13T01:13:00.000Z,0.44209801499398105,0.44209801499398105,0.43650584439859175,0.43650584439859175,0.07310799975445867,0.16669560301581177,3
1789262040,2026-09-13T01:14:00.000Z,0.4379994794873052,0.4452147982052807,0.419388609459889,0.419388609459889,102.78265399991133,234.66510023698362,5
1789262100,2026-09-13T01:15:00.000Z,0.4378848224460025,0.44153463556151906,0.43145083197799966,0.43756666491112733,3.514635998999476,8.027815800010034,15
1789262160,2026-09-13T01:16:00.000Z,0.4373933118626639,0.4491947030017018,0.4342092856907203,0.4342092856907203,38.03950900017111,87.00391154697654,25
1789262220,2026-09-13T01:17:00.000Z,0.4370280531823108,0.4425171290507764,0.43385113032948586,0.43385113032948586,205.5195559990688,471.0533604410118,14
1789262280,2026-09-13T01:18:00.000Z,0.440072240859904,0.44040307823349745,0.43546066650007526,0.43546066650007526,0.09126900027322768,0.20852283600114374,5
1789262340,2026-09-13T01:19:00.000Z,0.43689750191669163,0.44189596460466324,0.43389476229077234,0.43389476229077234,0.1649690000385083,0.37722888097330937,5
1789262400,2026-09-13T01:20:00.000Z,0.4256813354065766,0.4399662669733169,0.4256813354065766,0.4399662669733169,0.06951099960333108,0.15946875998541826,3
1789262460,2026-09-13T01:21:00.000Z,0.43497807852084447,0.4423722312154014,0.43497807852084447,0.4356891189067918,253.34861999982974,581.5865527729958,7
1789262520,2026-09-13T01:22:00.000Z,0.4348036690425679,0.45704916295533743,0.43187950935185243,0.4355580671676843,2.461279999999872,5.6486391839983945,6
1789262580,2026-09-13T01:23:00.000Z,0.4398028362078932,0.44626437257286744,0.4221791817863741,0.43820158692516215,0.9611169999989305,2.193798857999913,5
1789262640,2026-09-13T01:24:00.000Z,0.4382033984441492,0.4382033984441492,0.43817959606577483,0.43817959606577483,54.99671400000079,125.51180358700367,2
1789262700,2026-09-13T01:25:00.000Z,0.4382122069390049,0.4382122069390049,0.4365378689853498,0.4382112194437379,72.25641399974484,165.5209983909881,3
1789262760,2026-09-13T01:26:00.000Z,0.4381656844743549,0.43818164521487,0.4381656844743549,0.43818164521487,0.9984450000338256,2.278614203998586,2
1789262820,2026-09-13T01:27:00.000Z,0.4419763613569158,0.4419763613569158,0.43314641028427525,0.43813002721152583,1.2328530001041642,2.8174213790162312,3
1789262880,2026-09-13T01:28:00.000Z,0.43789180640334496,0.43789180640334496,0.43789180640334496,0.43789180640334496,0.05362299969419837,0.1224571889906656,1
1789262940,2026-09-13T01:29:00.000Z,0.4378941220097836,0.4378941220097836,0.4378941220097836,0.4378941220097836,0.03883400000631809,0.08868353799334727,1
1789263000,2026-09-13T01:30:00.000Z,0.43742912911709464,0.43742912911709464,0.4371547744952292,0.4371547744952292,2.0864630001597106,4.772756796010071,2
1789263060,2026-09-13T01:31:00.000Z,0.43730165310356217,0.43730165310356217,0.4372951005737968,0.4372951005737968,0.5983139998279512,1.3681965949945152,2
1789263120,2026-09-13T01:32:00.000Z,0.43757579085442116,0.43757579085442116,0.43757579085442116,0.43757579085442116,0.04839600017294288,0.11060026899212971,1
1789263180,2026-09-13T01:33:00.000Z,0.4370591158363856,0.4370591158363856,0.43603502361277696,0.43603502361277696,55.42785899998853,127.11511999799404,3
1789263240,2026-09-13T01:34:00.000Z,0.4360132169575986,0.4364929903677953,0.43601318777288683,0.4364694194400039,63.15446499952668,144.84350789602468,5
1789263300,2026-09-13T01:35:00.000Z,0.4366235375131434,0.4366235375131434,0.4366235375131434,0.4366235375131434,0.04385400004684925,0.1004389279987663,1
1789263360,2026-09-13T01:36:00.000Z,0.4368738703258986,0.4368738703258986,0.4368738703258986,0.4368738703258986,0.049122000113129616,0.11243977598496713,1
1789263420,2026-09-13T01:37:00.000Z,0.43689006939059644,0.43689006939059644,0.43689006939059644,0.43689006939059644,0.04114900017157197,0.09418616502080113,1
1789263480,2026-09-13T01:38:00.000Z,0.4375028255091581,0.4375028255091581,0.4366510673296688,0.4368938285893399,1.089147999774307,2.494209662996585,3
1789263540,2026-09-13T01:39:00.000Z,0.43665839933921646,0.43665839933921646,0.43665839933921646,0.43665839933921646,0.03665299993008375,0.08393975699436851,1
1789263600,2026-09-13T01:40:00.000Z,0.4376065539089113,0.4376065539089113,0.4376065539089113,0.4376065539089113,0.042470999993383884,0.09705293399747461,1
1789263660,2026-09-13T01:41:00.000Z,0.43737808799799305,0.43737808799799305,0.43737808799799305,0.43737808799799305,0.03812999976798892,0.08717857801821083,1
1789263720,2026-09-13T01:42:00.000Z,0.4371934003839105,0.4371934003839105,0.4371934003839105,0.4371934003839105,0.04850000003352761,0.11093488600454293,1
1789263780,2026-09-13T01:43:00.000Z,0.4372102775291558,0.4372102775291558,0.4372102775291558,0.4372102775291558,0.0461039999499917,0.1054504029743839,1
1789263840,2026-09-13T01:44:00.000Z,0.4367767906674197,0.4367767906674197,0.4367767906674197,0.4367767906674197,0.04394199978560209,0.10060516200610436,1
1789263900,2026-09-13T01:45:00.000Z,0.4367216723928727,0.43674802315875616,0.436325498276763,0.4363612805215662,150.1086450007133,344.0140647470167,11
1789263960,2026-09-13T01:46:00.000Z,0.4363269927248704,0.43670717908731166,0.4362621463107312,0.4366868998698184,2.8155480003915727,6.453391897986876,10
1789264020,2026-09-13T01:47:00.000Z,0.4370474226203098,0.4370474226203098,0.4369226046417411,0.4369226046417411,5.093943000305444,11.657758269004965,3
1789264080,2026-09-13T01:48:00.000Z,0.43684932995399156,0.43684932995399156,0.43684932995399156,0.43684932995399156,0.03676000004634261,0.08414800601894967,1
1789264140,2026-09-13T01:49:00.000Z,0.436764573158665,0.436764573158665,0.436764573158665,0.436764573158665,0.042249999940395355,0.0967340359929949,1
1789264200,2026-09-13T01:50:00.000Z,0.4367886969057756,0.4369335417442503,0.4367886969057756,0.4369335417442503,141.35916600003839,323.63281141998596,2
1789264260,2026-09-13T01:51:00.000Z,0.4374610267688394,0.4374610267688394,0.4374610267688394,0.4374610267688394,0.04935400001704693,0.11281919301836751,1
1789264320,2026-09-13T01:52:00.000Z,0.43754004790715356,0.43754004790715356,0.43578927286639935,0.43578927286639935,0.11014500027522445,0.25237806999939494,2
1789264380,2026-09-13T01:53:00.000Z,0.43728695685218244,0.4373217461275786,0.43728695685218244,0.4373217461275786,20.858834999613464,47.70055815699743,2
1789264440,2026-09-13T01:54:00.000Z,0.4371093308200223,0.4371093308200223,0.4371093308200223,0.4371093308200223,0.03965499997138977,0.09072100999765098,1
1789264500,2026-09-13T01:55:00.000Z,0.43691864597991487,0.43691864597991487,0.4363284894809159,0.4363284894809159,0.7501199999824166,1.719037508009933,4
1789264560,2026-09-13T01:56:00.000Z,0.4361832308004674,0.4361832308004674,0.43600513656168793,0.43604144026960445,11.654447999317199,26.727016857999843,8
1789264620,2026-09-13T01:57:00.000Z,0.43610108489645916,0.43624436556611207,0.4360421071073674,0.43624436556611207,0.13045000052079558,0.29910569300409406,6
1789264680,2026-09-13T01:58:00.000Z,0.4365493496382164,0.4365493496382164,0.4365493496382164,0.4365493496382164,0.044797000009566545,0.1026161189947743,1
1789264740,2026-09-13T01:59:00.000Z,0.4365303576387608,0.4365303576387608,0.4365303576387608,0.4365303576387608,0.04992899997159839,0.11437692499021068,1
1789264800,2026-09-13T02:00:00.000Z,0.4364809445718449,0.4364809445718449,0.4364809445718449,0.4364809445718449,0.039419000037014484,0.09031093001249246,1
1789264860,2026-09-13T02:01:00.000Z,0.4372715299430189,0.4372715299430189,0.4347047053116663,0.4347047053116663,0.5187640004012302,1.1885773380101472,3
1789264920,2026-09-13T02:02:00.000Z,0.4359828317333836,0.43601272163103066,0.43470476238510125,0.43581630593624776,4.255115000230993,9.765478372996647,5
1789264980,2026-09-13T02:03:00.000Z,0.43588428862650735,0.43591009305599465,0.4340932535589024,0.43533781208901057,135.0753979995067,310.49505564798494,20
1789265040,2026-09-13T02:04:00.000Z,0.4351386924878948,4.889413968370561,0.43352943489541457,0.43413752252599214,328.10362999978497,752.6943474780055,31
1789265100,2026-09-13T02:05:00.000Z,0.43410336063795457,0.4341548453231474,0.4340649540363503,0.43411435238377,5.464480000082403,12.586649259988917,4
1789265160,2026-09-13T02:06:00.000Z,0.4340355995595818,0.4340355995595818,0.4339514211516284,0.4340173446517409,49.501407999545336,114.05469771000207,3
1789265220,2026-09-13T02:07:00.000Z,0.4338674033818204,0.4339865714294209,0.4338196673278559,0.4339766254375659,95.98540800040428,221.1764682670182,4
1789265280,2026-09-13T02:08:00.000Z,0.43405108537138004,0.43405108537138004,0.43405108537138004,0.43405108537138004,0.053851999808102846,0.12406834500143304,1
1789265340,2026-09-13T02:09:00.000Z,0.4340617548846342,0.4340617548846342,0.4339313146090033,0.43394751707470847,0.669929999858141,1.543727267999202,4
1789265400,2026-09-13T02:10:00.000Z,0.4340581554540777,0.43406817310508194,0.4340581554540777,0.43406817310508194,4.185744000598788,9.643063153984258,8
1789265460,2026-09-13T02:11:00.000Z,0.43410721147258846,0.43410721147258846,0.43410721147258846,0.43410721147258846,0.042717999778687954,0.09840426201117225,1
1789265520,2026-09-13T02:12:00.000Z,0.4336916756907072,0.43409832354807854,0.4336916756907072,0.43399221218789635,4.901172999889241,11.300907388984342,3
1789265580,2026-09-13T02:13:00.000Z,0.4341873154565749,0.4341873154565749,0.4341873154565749,0.4341873154565749,0.05382599961012602,0.12396953502320684,1
1789265640,2026-09-13T02:14:00.000Z,0.4353539141237166,0.4353539141237166,0.43314151664558964,0.4342727380935231,3.7010300003657903,8.531396095993841,3
1789265700,2026-09-13T02:15:00.000Z,0.4347777666967218,0.4359999314735298,0.4347777666967218,0.4359999314735298,1.1571730001542164,2.654385245987214,2
1789265760,2026-09-13T02:16:00.000Z,0.4328920144887154,0.43532002733357394,0.4328920144887154,0.43532002733357394,11.613783999811858,26.827884246013127,2
1789265820,2026-09-13T02:17:00.000Z,0.43536801158739713,0.43536801158739713,0.43536801158739713,0.43536801158739713,0.04686199966818094,0.10763767300522886,1
1789265880,2026-09-13T02:18:00.000Z,0.43441206472770394,0.43602217977969143,0.4341982908977278,0.4341982908977278,2.85709199988014,6.576707580017683,4
1789265940,2026-09-13T02:19:00.000Z,0.4357371459752868,0.4357371459752868,0.4357371459752868,0.4357371459752868,0.04038400016725063,0.09267972799716517,1
1789266000,2026-09-13T02:20:00.000Z,0.4351804068278863,0.4351804068278863,0.43317999661671336,0.43317999661671336,83.62341500027105,193.04501490597613,2
1789266060,2026-09-13T02:21:00.000Z,0.43289641254997957,0.43494123533492823,0.4327534685165311,0.43494123533492823,9.696678999999676,22.400812018999204,3
1789266180,2026-09-13T02:23:00.000Z,0.43445779439689336,0.43445779439689336,0.43445779439689336,0.43445779439689336,0.04758299980312586,0.10952272100257687,1
1789266240,2026-09-13T02:24:00.000Z,0.43456490358665306,0.43456490358665306,0.43456490358665306,0.43456490358665306,0.043012999929487705,0.0989794610068202,1
1789266300,2026-09-13T02:25:00.000Z,0.43458941997917816,0.43458941997917816,0.4320693582371961,0.4338426767738807,4.320011000269005,9.98730375697778,6
1789266360,2026-09-13T02:26:00.000Z,0.4339694401520643,0.4339694401520643,0.4338231887145353,0.4338231887145353,0.08823700016364455,0.20335454199812375,2
1789266420,2026-09-13T02:27:00.000Z,0.43275893303704976,0.43275893303704976,0.43275893303704976,0.43275893303704976,1.9812689999998838,4.578227851001429,1
1789266480,2026-09-13T02:28:00.000Z,0.4338355284685568,0.4338355284685568,0.4337204371261706,0.4337204371261706,0.3377169999293983,0.7786278860003222,3
1789266540,2026-09-13T02:29:00.000Z,0.43398489873643886,0.43398489873643886,0.43398489873643886,0.43398489873643886,0.03837399976328015,0.08842243099934421,1
1789266600,2026-09-13T02:30:00.000Z,0.4337946715733356,0.4337946715733356,0.4337946715733356,0.4337946715733356,0.04304900020360947,0.09923819499090314,1
1789266660,2026-09-13T02:31:00.000Z,0.4336327764272378,0.43439492979069894,0.4336327764272378,0.43439492979069894,0.0728629999794066,0.16788253301638179,2
1789266720,2026-09-13T02:32:00.000Z,0.43387999535946675,0.43387999535946675,0.43387999535946675,0.43387999535946675,0.03681700024753809,0.08485526099684648,1
1789266780,2026-09-13T02:33:00.000Z,0.43376999158066026,0.43376999158066026,0.43376999158066026,0.43376999158066026,0.053094999864697456,0.12240357999689877,1
1789266840,2026-09-13T02:34:00.000Z,0.4337730820154631,0.43383327691710577,0.4337730820154631,0.43383327691710577,2.0786190000362694,4.791937448986573,2
1789266900,2026-09-13T02:35:00.000Z,0.4337849635235922,0.43393112617534324,0.4337849635235922,0.43392586074737965,4.12651599990204,9.50970336102182,3
1789266960,2026-09-13T02:36:00.000Z,0.4340949250665619,0.4340949250665619,0.4340949250665619,0.4340949250665619,0.0421979995444417,0.09720915197976865,1
1789267020,2026-09-13T02:37:00.000Z,0.4112808192721874,0.4342236971661936,0.4112808192721874,0.4342236971661936,1.9679329997428567,4.778069866007899,2
1789267080,2026-09-13T02:38:00.000Z,0.4342059638019402,0.4342059638019402,0.4342059638019402,0.4342059638019402,30.411000000312924,70.0381904800015,1
1789267140,2026-09-13T02:39:00.000Z,0.4341828971967691,0.4341828971967691,0.4341828971967691,0.4341828971967691,0.03787899995222688,0.08724203601013869,1
1789267200,2026-09-13T02:40:00.000Z,0.43373576368093564,0.43373576368093564,0.433725456382833,0.43372545854365024,2.7949240002781153,6.443968261999544,6
1789267260,2026-09-13T02:41:00.000Z,0.4336640161780547,0.4336640161780547,0.43366401420954903,0.43366401420954903,0.25,0.5764831559790764,2
1789267320,2026-09-13T02:42:00.000Z,0.4338736181577404,0.43392386433185864,0.4338736181577404,0.43392386433185864,9.84921900043264,22.69804799099802,2
1789267440,2026-09-13T02:44:00.000Z,0.42486204276944833,0.42486204276944833,0.42486204276944833,0.42486204276944833,5.379838,12.662552684,1
1789267620,2026-09-13T02:47:00.000Z,0.4327594056362336,0.4327594056362336,0.4327594056362336,0.4327594056362336,53.94217800000115,124.64703781699791,1
1789267860,2026-09-13T02:51:00.000Z,0.4334346876027707,0.4334346876027707,0.4334346876027707,0.4334346876027707,49.61659500002861,114.47305999998935,1
1789267920,2026-09-13T02:52:00.000Z,0.4336451287425476,0.45782246911717106,0.4335995786037588,0.45782246911717106,1081.3794109999671,2493.11963544199,4
1789267980,2026-09-13T02:53:00.000Z,0.416979088745711,0.43490965991236435,0.416979088745711,0.43353162300000014,663.6296499999216,1530.2911165310006,4
1789268040,2026-09-13T02:54:00.000Z,0.43373236899962647,0.43373236899962647,0.43373236899962647,0.43373236899962647,433.7323689996265,1000,1
1789268100,2026-09-13T02:55:00.000Z,0.4336515004168978,0.4336515004168978,0.4334648813180257,0.4334648813180257,474.48259199991764,1094.1967556130198,2
1789268460,2026-09-13T03:01:00.000Z,0.42114519447306625,0.42114519447306625,0.42114519447306625,0.42114519447306625,3.6261320000000055,8.610170667,1
1789268520,2026-09-13T03:02:00.000Z,0.4314611177024811,0.4344478649219012,0.4314611177024811,0.4344478649219012,732.6949999999665,1686.6230393590097,2
1789268580,2026-09-13T03:03:00.000Z,0.43275939224554016,0.4340869845561379,0.43275918105504524,0.4340605908917819,449.7274859994959,1036.2345059090148,4
1789268640,2026-09-13T03:04:00.000Z,0.43423710177432995,0.5283343252604242,0.43423710177432995,0.5283343252604242,220.326109000016,420.92953354198835,2
1789268760,2026-09-13T03:06:00.000Z,0.4344385796432931,0.4344385796432931,0.4344385796432931,0.4344385796432931,22.54006000002846,51.88319144799607,1
1789268940,2026-09-13T03:09:00.000Z,0.4316568940440346,0.4327592249541704,0.4316568940440346,0.4327592249541704,3.5754699999999886,8.275923999998032,3
1789269000,2026-09-13T03:10:00.000Z,0.4314612370384099,0.43455102092267195,0.4314612370384099,0.43455102092267195,22.095412999610694,51.1992157190104,4
1789269060,2026-09-13T03:11:00.000Z,0.43147433536028545,0.4319358133800128,0.43147433536028545,0.4318370139116961,63.09858700000001,146.20734,5
1789269120,2026-09-13T03:12:00.000Z,0.4317077701083319,0.4317077701083319,0.43169706888420895,0.43169706888420895,13.56961700000005,31.43282,2
1789269240,2026-09-13T03:14:00.000Z,0.47746522717426004,0.47746522717426004,0.43275936701183365,0.43275936701183365,660.9196160001593,1385.05587277202,2
1789269420,2026-09-13T03:17:00.000Z,0.4341377572127391,0.4341377572127391,0.4341377572127391,0.4341377572127391,101.7775470004417,234.43606392099173,1
1789269540,2026-09-13T03:19:00.000Z,0.43189199411295526,0.43189199411295526,0.43189199411295526,0.43189199411295526,0.5252799999999995,1.21623,1
1789269600,2026-09-13T03:20:00.000Z,0.4327593621728412,0.4327593621728412,0.4327593621728412,0.4327593621728412,4.5536749999992026,10.52241822599899,1
1789269660,2026-09-13T03:21:00.000Z,0.4314611869351633,0.43429309360897483,0.4314611869351633,0.43429309360897483,7.610075000115103,17.59748553701022,2
1789269720,2026-09-13T03:22:00.000Z,0.4316094254196137,0.43257529653572885,0.4316094254196137,0.43257529653572885,1.0985399999999998,2.5413200000000002,2
1789269780,2026-09-13T03:23:00.000Z,0.4326776948423142,0.43480158950587433,0.4316573411844407,0.43480158950587433,23.248189999776475,53.51726905101617,4
1789269900,2026-09-13T03:25:00.000Z,0.4358544817410487,0.4358544818408831,0.4358544808853634,0.43585448090736956,12.467943999916315,28.605749270995148,4
1789269960,2026-09-13T03:26:00.000Z,0.43493137719322944,0.43493137719322944,0.4339714358531306,0.4349313771921646,17.67574300000024,40.70949425500024,3
1789270080,2026-09-13T03:28:00.000Z,0.4349096061770199,0.4349096061770199,0.4349096061770199,0.4349096061770199,50.73875500000031,116.66505931199936,1
1789270260,2026-09-13T03:31:00.000Z,0.4315571675988764,0.4315571675988764,0.4315571675988764,0.4315571675988764,3.0399750000000054,7.0442,1
1789270380,2026-09-13T03:33:00.000Z,0.4334379994243019,0.43358077797347616,0.4334379994243019,0.43358077797347616,1.1932349996641278,2.752736753987847,2
1789270440,2026-09-13T03:34:00.000Z,0.43461647878762755,2.5843060988543107,0.43413034088990604,0.43413034088990604,338.2560489999596,777.1063518550072,4
1789270500,2026-09-13T03:35:00.000Z,0.4352450363421498,0.4352450363421498,0.4337418868440194,0.4337418868440194,326.4556009998778,750.05092362102,2
1789270740,2026-09-13T03:39:00.000Z,0.4337512343338796,0.4337512343338796,0.4337512343338796,0.4337512343338796,215.24921600008383,496.25038261999725,1
1789270800,2026-09-13T03:40:00.000Z,0.4353066828335962,0.4353066828335962,0.43493134573836173,0.43493134573836173,4.2190519999912794,9.692585576020065,3
1789270860,2026-09-13T03:41:00.000Z,0.43260025551791875,0.43260025551791875,0.4325976997359285,0.4325976997359285,10.744434999999967,24.83694,2
1789270920,2026-09-13T03:42:00.000Z,0.4341812415394647,0.4341812415394647,0.4341812415394647,0.4341812415394647,74.83232099981979,172.3527270189952,1
1789271040,2026-09-13T03:44:00.000Z,0.4324698838519895,0.4324698838519895,0.4324698838519895,0.4324698838519895,1.0820310000000006,2.50198,1
1789271100,2026-09-13T03:45:00.000Z,0.43396250220595267,0.43396250220595267,0.43396250220595267,0.43396250220595267,18.70852699968964,43.110929872025736,1
1789271160,2026-09-13T03:46:00.000Z,0.4252832280077503,0.43373462663924656,0.4252832280077503,0.43373462663924656,19.558739000111473,45.31436940500031,2
1789271280,2026-09-13T03:48:00.000Z,0.43417272766693527,0.43417272766693527,0.43417272766693527,0.43417272766693527,0.1755139995366335,0.40424925001570955,1
1789271460,2026-09-13T03:51:00.000Z,0.4334744121985683,0.43469586926840764,0.4334744121985683,0.43397570703101673,309.342408000608,711.7291730190045,5
1789271520,2026-09-13T03:52:00.000Z,0.4340792073551987,0.4347098811079552,0.43406021210981044,0.43406021210981044,395.20158699993044,910.0050009419792,3
1789271640,2026-09-13T03:54:00.000Z,0.43389728271370004,0.4339515445279621,0.4338715644486113,0.4339515445279621,867.7931670003787,2000.1153146530012,3
1789271700,2026-09-13T03:55:00.000Z,0.435789403842294,0.435789403842294,0.43494138277014033,0.43494138277014033,1.4413610005067312,3.307607967988588,2
1789271760,2026-09-13T03:56:00.000Z,0.432763683942717,0.432763683942717,0.432763683942717,0.432763683942717,0.5953529999999958,1.3757,1
1789271820,2026-09-13T03:57:00.000Z,0.43389552364663336,0.43389552364663336,0.43389552364663336,0.43389552364663336,274.15443200059235,631.8443428419996,1
1789271880,2026-09-13T03:58:00.000Z,0.43430945816383343,0.43430945816383343,0.4273855167254715,0.4273855167254715,11.522999999943181,26.874091655991425,2
1789272240,2026-09-13T04:04:00.000Z,0.4342619709228667,0.4342619709228667,0.4342619709228667,0.4342619709228667,0.31098399963229895,0.7161207300086971,1
1789272300,2026-09-13T04:05:00.000Z,0.4325295185000152,0.43468514943904996,0.4325295185000152,0.43468514943904996,13.868241999765814,32.053084946986914,2
1789272360,2026-09-13T04:06:00.000Z,0.433503841436946,0.43542604056865253,0.433503841436946,0.43375377658915976,149.90073700006127,345.56481561500067,3
1789272420,2026-09-13T04:07:00.000Z,0.43336260477209426,0.43336260477209426,0.43253876541471464,0.43253876541471464,24.644296000000047,56.880031428,2
1789272480,2026-09-13T04:08:00.000Z,0.4342212410225146,0.4342212410225146,0.4342212410225146,0.4342212410225146,0.1118580000475049,0.2576060069841333,1
1789272540,2026-09-13T04:09:00.000Z,0.43404027982293364,0.43404027982293364,0.43404027982293364,0.43404027982293364,0.877917000092566,2.0226625060022343,1
1789272600,2026-09-13T04:10:00.000Z,0.4341584939121313,0.4360298061652065,0.4341584939121313,0.4360257712004828,30.836232999543427,70.79434657299134,7
1789272660,2026-09-13T04:11:00.000Z,0.43462179431036524,0.4360499158967367,0.43462179431036524,0.4360499158967367,0.519576999500714,1.1953901470260462,2
1789272720,2026-09-13T04:12:00.000Z,0.4334792539017875,0.4334792539017875,0.4334792539017875,0.4334792539017875,0.1366499999999995,0.31524,1
1789272900,2026-09-13T04:15:00.000Z,0.4345916327647605,0.4345916327647605,0.4345916327647605,0.4345916327647605,23.049933000467718,53.03814262099331,1
1789272960,2026-09-13T04:16:00.000Z,0.43339746587050565,0.43723428206920084,0.43339746587050565,0.43723428206920084,0.6654060000000029,1.533300337,2
1789273020,2026-09-13T04:17:00.000Z,0.4342838041891274,0.4342838041891274,0.4342838041891274,0.4342838041891274,1.9752970000000012,4.548401255,1
1789273080,2026-09-13T04:18:00.000Z,0.4342989671864542,0.4342989671864542,0.4342989671864542,0.4342989671864542,4.245489,9.775498725,1
1789273140,2026-09-13T04:19:00.000Z,0.43294106463877946,0.43294106463877946,0.43294106463877946,0.43294106463877946,0.22772699999999801,0.526,1
1789273200,2026-09-13T04:20:00.000Z,0.43322454531455906,0.43328534248850925,0.43322454531455906,0.43328534248850925,1.2475680000000011,2.8796500000000003,2
1789273500,2026-09-13T04:25:00.000Z,0.4360186931425024,0.436019253375782,0.43601867424034674,0.43601867424034674,5.225196999999753,11.983881198997551,5
1789273560,2026-09-13T04:26:00.000Z,0.436019833107273,0.436019833107273,0.4346474399976432,0.4346474399976432,43.54585799976485,100.1860328219991,2
1789273620,2026-09-13T04:27:00.000Z,0.4129448235255409,0.4129448235255409,0.4129448235255409,0.4129448235255409,1.9245570000002772,4.660566958,1
1789273740,2026-09-13T04:29:00.000Z,0.4338699649815994,0.4338699649815994,0.4338343709694767,0.4338343709694767,957.2190639997528,2206.4158465880064,2
1789273980,2026-09-13T04:33:00.000Z,0.4346306168894434,0.4346306168894434,0.4346306168894434,0.4346306168894434,1.7076099999248981,3.928876460995525,1
1789274040,2026-09-13T04:34:00.000Z,0.43477055620760685,0.4356138058522307,0.43477055620760685,0.4356138058522307,6.77453299977924,15.552185285019732,2
1789274100,2026-09-13T04:35:00.000Z,0.43500642041783427,0.43574148519005823,0.43500642041783427,0.4350704722641157,0.23190000002205124,0.5329744759910682,3
1789274160,2026-09-13T04:36:00.000Z,0.4350781848400834,0.43574654594655576,0.43506355446528033,0.43574654594655576,0.4387119999996685,1.0075554130089586,4
1789274400,2026-09-13T04:40:00.000Z,0.43275156839793255,0.43597050171961876,0.43275156839793255,0.43597050171961876,5.47520200006479,12.56426647099845,4
1789274520,2026-09-13T04:42:00.000Z,0.43416377003033696,0.43416377003033696,0.43413949456838613,0.43413949456838613,70.45077700074762,162.2754619519983,2
1789274700,2026-09-13T04:45:00.000Z,0.434507551770423,0.434507551770423,0.434507551770423,0.434507551770423,54.187570999376476,124.71030889701797,1
1789275000,2026-09-13T04:50:00.000Z,0.43259868171200205,0.43390189520070577,0.43058951438855103,0.4328294797036215,289.41554399944516,669.4252424460225,13
1789275060,2026-09-13T04:51:00.000Z,0.4328041747407331,0.4328041747407331,0.43260053446523733,0.4327691558496566,1.4388810003347317,3.324712240981171,6
1789275120,2026-09-13T04:52:00.000Z,0.43298118002985236,0.43298118002985236,0.43276694048164055,0.43277367548725665,0.2258550001824915,0.5218705160077661,6
1789275180,2026-09-13T04:53:00.000Z,0.43088635267814,0.4335616205388661,0.43088635267814,0.4327951706417331,120.46260000049733,279.55919448703935,7
1789275240,2026-09-13T04:54:00.000Z,0.43274364334023535,0.43274364334023535,0.43274364334023535,0.43274364334023535,7.815042000000176,18.05928780300019,1
1789275300,2026-09-13T04:55:00.000Z,0.4308458846503353,0.43385195023315576,0.4308458846503353,0.4338478174841108,5.470992000001594,12.64620111100362,4
1789275360,2026-09-13T04:56:00.000Z,0.4322979529662454,0.43426282996496607,0.4322979529662454,0.43426282996496607,335.6856589997187,773.1957409300376,2
1789275420,2026-09-13T04:57:00.000Z,0.43280427962093615,0.43345172050965086,0.4316845980038597,0.4316845980038597,3.900816000162621,9.018812751989152,3
1789275480,2026-09-13T04:58:00.000Z,0.43382510155631804,0.43382510155631804,0.4277974412728823,0.43361739246830056,136.34118000011358,314.5943459450007,5
1789275600,2026-09-13T05:00:00.000Z,0.43232627750015995,0.4324036326547463,0.4310234303830599,0.4324036326547463,15.556135000123959,36.03018029799898,3
1789275720,2026-09-13T05:02:00.000Z,0.4338761557092466,0.4338761557092466,0.43292011846277473,0.43292011846277473,100.49813100000028,232.14007481199468,2
1789275780,2026-09-13T05:03:00.000Z,0.4327099173362542,0.4327099173362542,0.4325929193665207,0.4325929193665207,417.32182200016905,964.455388709015,2
1789275900,2026-09-13T05:05:00.000Z,0.4337944631484271,0.4337944631484271,0.4328851600212406,0.4328851600212406,8.574051000750387,19.80074302698813,2
1789275960,2026-09-13T05:06:00.000Z,0.43285196507499496,0.43285196507499496,0.43285196507499496,0.43285196507499496,125.51352700032294,289.96871246403316,1
1789276020,2026-09-13T05:07:00.000Z,0.4327229615364181,0.4327229615364181,0.4327229615364181,0.4327229615364181,0.36102799978107214,0.8343167150160298,1
1789276080,2026-09-13T05:08:00.000Z,0.43267972913337144,0.43267972913337144,0.43265387775171904,0.43265387775171904,35.29054999910295,81.56314352000481,2
1789276140,2026-09-13T05:09:00.000Z,0.43384694562512177,0.4338492856751107,0.43384694562512177,0.4338492856751107,0.020205000000260043,0.0465715980008099,2
1789276200,2026-09-13T05:10:00.000Z,0.4339800748541516,0.4349749622340336,0.4338746197308634,0.4341047150879467,9.646109000001161,22.222643316003087,5
1789276260,2026-09-13T05:11:00.000Z,0.434176582405571,0.4342056600350941,0.43359673553577727,0.4342056600350941,3.2243119999470764,7.433987466005419,4
1789276320,2026-09-13T05:12:00.000Z,0.43491060754591515,0.43491060754591515,0.4349098614837632,0.4349098614837632,114.95896999999968,264.32795071699366,2
1789276380,2026-09-13T05:13:00.000Z,0.43397944059129384,0.43500331541734133,0.43397944059129384,0.43500331541734133,146.25485200015828,336.2860217859852,2
1789276440,2026-09-13T05:14:00.000Z,0.43427763816454573,0.4344484407434214,0.43274496696063575,0.43274496696063575,2.822434999288321,6.505837035999791,4
1789276500,2026-09-13T05:15:00.000Z,0.43495710905666607,0.43495710905666607,0.43495710905666607,0.43495710905666607,0.010159999999814318,0.02335862499603536,1
1789276560,2026-09-13T05:16:00.000Z,0.4349345539811623,0.4349588577569059,0.4349345539811623,0.4349588577569059,0.02028699999982564,0.04664249599773029,2
1789276620,2026-09-13T05:17:00.000Z,0.4349725764322149,0.4349725764322149,0.4349725764322149,0.4349725764322149,0.010021000000051572,0.02303823400143301,1
1789276680,2026-09-13T05:18:00.000Z,0.4349619639318337,0.4349619639318337,0.4349252647771066,0.4349252647771066,0.02033599999958824,0.046755496005062014,2
1789276740,2026-09-13T05:19:00.000Z,0.42986234255978756,0.42986234255978756,0.42986234255978756,0.42986234255978756,1.7091810000019905,3.976112422,1
1789276800,2026-09-13T05:20:00.000Z,0.4349338863237489,0.4349338863237489,0.4349338863237489,0.4349338863237489,0.01015899999993053,0.023357572999884724,1
1789276860,2026-09-13T05:21:00.000Z,0.43497078432120145,0.43497078432120145,0.43400577542171676,0.43400577542171676,8.177911000035238,18.842810846006614,2
1789276920,2026-09-13T05:22:00.000Z,0.4349412315192915,0.43494839555533765,0.4349412315192915,0.43494839555533765,0.020160999999916385,0.046353007999641704,2
1789277040,2026-09-13T05:24:00.000Z,0.4349533381293828,0.4349533381293828,0.4349533381293828,0.4349533381293828,0.010021000000051572,0.023039252999296878,1
1789277160,2026-09-13T05:26:00.000Z,0.4349349940809819,0.43493658077704034,0.04769350619743704,0.43350419172388843,223.3191339998284,516.3805885539987,5
1789277220,2026-09-13T05:27:00.000Z,0.43330402873840024,0.43330402873840024,0.43330402873840024,0.43330402873840024,0.2898440007120371,0.6689160069799982,1
1789277280,2026-09-13T05:28:00.000Z,0.4349447106019753,0.4349447106019753,0.4349447106019753,0.4349447106019753,0.010090999999647465,0.023200649999125744,1
1789277340,2026-09-13T05:29:00.000Z,0.4349263407249678,0.4349263407249678,0.4349263407249678,0.4349263407249678,0.6603800000002593,1.51837205099946,1
1789277400,2026-09-13T05:30:00.000Z,0.4335250252442434,0.4349679661054308,0.4335250252442434,0.4349679661054308,1.7914249992300029,4.132152738005971,2
1789277460,2026-09-13T05:31:00.000Z,0.43496085265779627,0.43496085265779627,0.4349556273374595,0.4349556273374595,0.9122069999989435,2.0972412379996968,2
1789277520,2026-09-13T05:32:00.000Z,0.43499671632068265,0.4364699907077491,0.43499671632068265,0.4364699907077491,10.120372000000078,23.186946590999185,2
1789277580,2026-09-13T05:33:00.000Z,0.43536509112032096,0.43536509112032096,0.43536509112032096,0.43536509112032096,0.010205999999925552,0.023442394000085187,1
1789277640,2026-09-13T05:34:00.000Z,0.43537740334769937,0.43537740334769937,0.43537740334769937,0.43537740334769937,0.010115000000041618,0.023232716999700642,1
1789277880,2026-09-13T05:38:00.000Z,0.432379449570133,0.432379449570133,0.432379449570133,0.432379449570133,0.7699769999999972,1.78079,1
1789277940,2026-09-13T05:39:00.000Z,0.322350715312112,0.4353920278467869,0.322350715312112,0.43243949130656784,6.587457999999977,15.870346949998789,4
1789278000,2026-09-13T05:40:00.000Z,0.4353850225304568,0.4353850225304568,0.43516015073157455,0.435160151215702,1.0326230010800828,2.3729497360054665,4
1789278060,2026-09-13T05:41:00.000Z,0.16731971509717042,0.16731971509717042,0.16731971509717042,0.16731971509717042,46.92777500022203,280.46769606898306,1
1789278180,2026-09-13T05:43:00.000Z,0.4351678597189599,0.4351678597189599,0.4351678597189599,0.4351678597189599,0.014900999143719673,0.03424195700790733,1
1789278240,2026-09-13T05:44:00.000Z,0.4387893008279459,0.4387893008279459,0.4387893008279459,0.4387893008279459,1,2.278998139,1
1789278300,2026-09-13T05:45:00.000Z,0.4321126146612293,0.4321126146612293,0.4321126146612293,0.4321126146612293,55.592069999999694,128.65181,1
1789278360,2026-09-13T05:46:00.000Z,0.43221084809846594,0.43221084809846594,0.43221084809846594,0.43221084809846594,19.34173800000002,44.7507,1
1789278420,2026-09-13T05:47:00.000Z,0.4384192700449018,0.4384192700449018,0.43264909051019335,0.43264909051019335,15.37605099999999,35.508891639,2
1789278480,2026-09-13T05:48:00.000Z,0.4341206417271459,0.4341943661464411,0.4341206417271459,0.4341943661464411,0.4244660008698702,0.9776338450028561,2
1789278780,2026-09-13T05:53:00.000Z,0.4340249762956742,0.438842157955213,0.4340249762956742,0.438842157955213,16.45562000013888,37.88870197001194,2
1789278900,2026-09-13T05:55:00.000Z,0.43310954717344163,0.43602931505194215,0.43310954717344163,0.4343594866362427,419.46637999997733,964.9877658179922,8
1789278960,2026-09-13T05:56:00.000Z,0.43308672517804264,0.43602492100014484,0.43308672517804264,0.43602492100014484,2.0770600000002197,4.795059791995741,2
1789279020,2026-09-13T05:57:00.000Z,0.43540152009978506,0.43540152009978506,0.43540152009978506,0.43540152009978506,0.010071000000152708,0.023130374000174925,1
1789279080,2026-09-13T05:58:00.000Z,0.43540012348701856,0.43540012348701856,0.4339755026935016,0.43537222676893983,53.76413599921307,123.88474712100651,7
1789279140,2026-09-13T05:59:00.000Z,0.43384500865516507,0.43537903179089577,0.43383754621609444,0.4338403609409175,11.078931999194992,25.536707155015392,6
1789279320,2026-09-13T06:02:00.000Z,0.4354028291360013,0.4354028291360013,0.4354028291360013,0.4354028291360013,0.010098000000198226,0.023192315999040147,1
1789279680,2026-09-13T06:08:00.000Z,0.43540325879325786,0.43540325879325786,0.43540325879325786,0.43540325879325786,0.010102000000188127,0.023201479998533614,1
1789279740,2026-09-13T06:09:00.000Z,0.43831190065713427,0.43831190065713427,0.43831190065713427,0.43831190065713427,0.6300000000000008,1.437332637,1
1789279800,2026-09-13T06:10:00.000Z,0.43513638319829423,0.43513638319829423,0.43478159826435986,0.43478159826435986,0.375390000641346,0.8633800620154943,3
1789280160,2026-09-13T06:16:00.000Z,0.4346162867044309,0.4346162867044309,0.4346162867044309,0.4346162867044309,29.809999999590218,68.58923816599417,1
1789280220,2026-09-13T06:17:00.000Z,0.4344434038322302,0.4344778065940723,0.4344434038322302,0.4344778065940723,0.020019998773932457,0.04608012601966038,2
1789280280,2026-09-13T06:18:00.000Z,0.43445640362874915,0.43445640362874915,0.4315142992849601,0.4315142992849601,7.378022000114697,17.097819898987765,2
1789280340,2026-09-13T06:19:00.000Z,0.43275533221257523,0.43275533221257523,0.43275533221257523,0.43275533221257523,0.5226670000001832,1.2077655919983954,1
1789280460,2026-09-13T06:21:00.000Z,0.43275827311424725,0.43278098082821775,0.4314608975500274,0.43278098082821775,92.88464500000032,214.69442875499686,3
1789280520,2026-09-13T06:22:00.000Z,0.4327810287590755,0.4327810287590755,0.4327810287590755,0.4327810287590755,15.941259999999602,36.834470415000396,1
1789280580,2026-09-13T06:23:00.000Z,0.4316982749576443,0.4338478236447396,0.43169755518496605,0.4338478236447396,149.41746899999953,345.7388755869997,4
1789280640,2026-09-13T06:24:00.000Z,0.4329365527538047,0.4329365527538047,0.4329365527538047,0.4329365527538047,0.5935500003397465,1.3709861100069247,1
1789280700,2026-09-13T06:25:00.000Z,0.4329941291615385,0.43311447538992287,0.4329941291615385,0.43311447538992287,11.739881999790668,27.11202711900114,5
1789280760,2026-09-13T06:26:00.000Z,0.4313536689548629,0.43309153209020335,0.4313536689548629,0.4330230704143874,510.3707039998844,1183.1743843800214,3
1789280820,2026-09-13T06:27:00.000Z,0.43302375999425535,0.43302375999425535,0.43302375999425535,0.43302375999425535,56.049999999813735,129.4386248009978,1
1789280880,2026-09-13T06:28:00.000Z,0.4338331324106168,0.4338331324144235,0.4338331324106168,0.4338331324144235,75.923922999762,175.0072028329887,2
1789281240,2026-09-13T06:34:00.000Z,0.42814866799727047,0.42814866799727047,0.42814866799727047,0.42814866799727047,56.24398099999996,131.365540066,1
1789281300,2026-09-13T06:35:00.000Z,0.43665767878640915,0.43665767878640915,0.43665767878640915,0.43665767878640915,0.6000000000000014,1.374074084,1
1789281360,2026-09-13T06:36:00.000Z,0.4281421262872746,0.4281421262872746,0.4281421262872746,0.4281421262872746,0.5882989999999992,1.374074084,1
1789281420,2026-09-13T06:37:00.000Z,0.43298351160459203,0.43298351160459203,0.43298351160459203,0.43298351160459203,0.5940179997123778,1.3719182920176536,1
1789281600,2026-09-13T06:40:00.000Z,0.43273417229439615,0.43273418488861826,0.43273416408742216,0.43273416408742216,4.974857000168413,11.496335089992499,7
1789281660,2026-09-13T06:41:00.000Z,0.432417790119431,0.432417790119431,0.4324143934086218,0.43241439454235653,0.5624640001915395,1.3007497350045014,4
1789281720,2026-09-13T06:42:00.000Z,0.43256130296985396,0.4325625522986455,0.43256130296985396,0.4325625522986455,0.4158770004287362,0.9614275879866909,2
1789281780,2026-09-13T06:43:00.000Z,0.4325502479063169,0.4325502479063169,0.43255024736855413,0.43255024736855413,0.24161399994045496,0.5585801909910515,2
1789282020,2026-09-13T06:47:00.000Z,0.43263448262188886,0.43263448262188886,0.43263448262188886,0.43263448262188886,14.70005099941045,33.977992023021216,1
1789282080,2026-09-13T06:48:00.000Z,0.43087640842742503,0.43087640842742503,0.43087640842742503,0.43087640842742503,21.959986999630928,50.96586067401222,1
1789282260,2026-09-13T06:51:00.000Z,0.43616548780997083,0.43616548780997083,0.4280222781525606,0.4280222781525606,1.1887979999999914,2.751249316,2
1789282440,2026-09-13T06:54:00.000Z,0.43062139616464923,0.43062139616464923,0.43062125274466506,0.43062125274466506,124.93282299999919,290.12222586999997,2
1789282500,2026-09-13T06:55:00.000Z,0.43131194335349027,0.4317188969317068,0.43131194335349027,0.4317188969317068,1.2784380000084639,2.9630957520275842,7
1789282560,2026-09-13T06:56:00.000Z,0.4314596666552368,0.4346858076311806,0.43025713493363776,0.4346858076311806,8.65974400069863,20.111916052971328,3
1789282620,2026-09-13T06:57:00.000Z,0.42661079427808274,0.4444485634079633,0.42661079427808274,0.4444485634079633,3.987606999999998,9.027430694,2
1789282680,2026-09-13T06:58:00.000Z,0.43007089797854764,0.43007089797854764,0.43007089797854764,0.43007089797854764,2.1041669999999613,4.892604939999728,1
1789282740,2026-09-13T06:59:00.000Z,0.42968095298779674,0.42968095298779674,0.42968095298779674,0.42968095298779674,3.398035999998683,7.908277004997217,1
1789282800,2026-09-13T07:00:00.000Z,0.4317436610877274,0.4317436610877274,0.4317436610877274,0.4317436610877274,0.09999999962747097,0.2316189179837238,1
1789282920,2026-09-13T07:02:00.000Z,0.4295498036356774,0.43075377118206276,0.2610270351620641,0.43075377118206276,77.79228299979115,181.7462793670157,5
1789282980,2026-09-13T07:03:00.000Z,0.4303021125599021,0.4304358543832827,0.4302491614842325,0.43042335758468864,7.129025999456644,16.567058008979075,8
1789283040,2026-09-13T07:04:00.000Z,0.4305468724654998,0.4305468724654998,0.4293948637842353,0.430281497535536,16.405061999839745,38.134844358024566,7
1789283100,2026-09-13T07:05:00.000Z,0.43025182427635317,1.0541876717115677,0.4300571952955479,0.4300571952955479,3.3702810015529394,5.499569022998912,9
1789283160,2026-09-13T07:06:00.000Z,0.43040382112654024,0.43041484323679924,0.430225262797431,0.430225262797431,2.5697790002450347,5.970844525989378,4
1789283220,2026-09-13T07:07:00.000Z,0.43029347088854425,0.43029347088854425,0.43029347088854425,0.43029347088854425,0.30645400006324053,0.7121976529888343,1
1789283280,2026-09-13T07:08:00.000Z,0.4290346964249298,0.4290346964249298,0.4290346964249298,0.4290346964249298,0.8627329999999986,2.01087,1
1789283340,2026-09-13T07:09:00.000Z,0.42903503989139835,0.42903503989139835,0.42903503989139835,0.42903503989139835,0.7711390000000016,1.79738,1
1789283400,2026-09-13T07:10:00.000Z,0.43037858910968674,0.43037858910968674,0.43037858910968674,0.43037858910968674,0.20650399941951036,0.47981940701720305,1
1789283460,2026-09-13T07:11:00.000Z,0.4303447041168374,0.43048300560292707,0.42866839582723903,0.43048300560292707,2.684672998949054,6.258249225978944,5
1789283520,2026-09-13T07:12:00.000Z,0.4304683626107235,0.4304683626107235,0.4301233530382209,0.4301233530833237,0.5265780007466674,1.223877528012963,3
1789283580,2026-09-13T07:13:00.000Z,0.43016940794951236,0.43016940794951236,0.43016940794951236,0.43016940794951236,0.18846100009977818,0.4381087929941714,1
1789283640,2026-09-13T07:14:00.000Z,0.43019147239169814,0.43019147239169814,0.43011132969653193,0.43011132969653193,1.2404060000553727,2.883755051967455,3
1789283760,2026-09-13T07:16:00.000Z,0.4301782838270393,0.4301782838270393,0.42952972090201696,0.42952972090201696,2.5126400004246534,5.849050224984239,2
1789283820,2026-09-13T07:17:00.000Z,0.4307929502908317,0.43079295029237025,0.43079295029044234,0.43079295029237025,48.528170000296086,112.64847757501411,3
1789283880,2026-09-13T07:18:00.000Z,0.4299893175889808,0.4299893175889808,0.42901916008382235,0.42901916008382235,2.4817469996010004,5.78336252099507,2
1789283940,2026-09-13T07:19:00.000Z,0.4298221320771646,0.4298221320771646,0.42894464567177687,0.42894464567177687,1.3911609995939216,3.241233272048703,5
1789284000,2026-09-13T07:20:00.000Z,0.4296164930133681,0.4298893931647572,0.4288305751429073,0.4288305751429073,115.0116359991988,267.5812754969569,9
1789284060,2026-09-13T07:21:00.000Z,0.4299717594250594,0.4299717594250594,0.42859043924205964,0.42859043924205964,40.91941700042353,95.24677757799427,3
1789284120,2026-09-13T07:22:00.000Z,0.43036375661304294,0.4337323785432083,0.43036375661304294,0.4337323785432083,0.8000000001862588,1.8480646509943806,2
1789284180,2026-09-13T07:23:00.000Z,0.43029925618088843,0.43384254553952445,0.4244823126834807,0.43009301472494177,18.437229000516325,42.68509141402019,4
1789284240,2026-09-13T07:24:00.000Z,0.42843143831793906,0.42843143831793906,0.42843143831793906,0.42843143831793906,2021.4182869996876,4718.183835752017,1
1789284300,2026-09-13T07:25:00.000Z,0.4300008972258146,0.43015353092009884,0.42989265797136944,0.42989265812496674,4.946886999998242,11.505771992000518,5
1789284480,2026-09-13T07:28:00.000Z,0.42869726252870993,0.42869726252870993,0.42869726252870993,0.42869726252870993,2.0590589999997064,4.80306076099987,1
1789284540,2026-09-13T07:29:00.000Z,0.42864300000019284,0.4299187580790579,0.42857812341962515,0.42857812341962515,3.669596999906844,8.560865089993968,3
1789284600,2026-09-13T07:30:00.000Z,0.4284547499386634,0.4284547499386634,0.4284547499386634,0.4284547499386634,10.6726749999998,24.90969000000041,1
1789284660,2026-09-13T07:31:00.000Z,0.429828415995191,0.429828415995191,0.4298010219331982,0.4298010219331982,10.789199999999255,25.10153450400685,2
1789284780,2026-09-13T07:33:00.000Z,0.42845771729586607,0.4288172157371695,0.42845771729586607,0.42872362282527254,116.72533399950044,272.4303957830125,6
1789284840,2026-09-13T07:34:00.000Z,0.42875883658287633,0.42911761590154973,0.42845856754389255,0.42845856754389255,19.574825000601777,45.65863701507624,13
1789284900,2026-09-13T07:35:00.000Z,0.4287643564333254,0.42887745945650657,0.4287643564333254,0.42887745945650657,0.9114749999716878,2.1257257710094564,2
1789284960,2026-09-13T07:36:00.000Z,0.42843445292710514,0.42843445292710514,0.42843445292710514,0.42843445292710514,0.010588999999527005,0.024715566003578715,1
1789285080,2026-09-13T07:38:00.000Z,0.42717307395399096,0.42717307395399096,0.42717307395399096,0.42717307395399096,0.3873519999999999,0.90678,1
1789285140,2026-09-13T07:39:00.000Z,0.42845803526725995,0.42845803526725995,0.42845803526725995,0.42845803526725995,0.6214320000017324,1.450391751001007,1
1789285200,2026-09-13T07:40:00.000Z,0.4292550682566948,0.4292550682566948,0.4292550682566948,0.4292550682566948,0.04649099987000227,0.10830623400397599,1
1789285320,2026-09-13T07:42:00.000Z,0.4277120393901731,0.4288628817137903,0.4277120393901731,0.4288628817137903,2015.1279479999994,4698.864692205999,2
1789285560,2026-09-13T07:46:00.000Z,0.42841001140610147,0.4284100115886825,0.427525477034656,0.427525477034656,4.6770940003352734,10.925684667025052,3
1789285740,2026-09-13T07:49:00.000Z,0.4273542435899472,0.4280556063088,0.4273542435899472,0.4280556063088,153.45992800034583,359.01586360199144,2
1789286100,2026-09-13T07:55:00.000Z,0.4275379551181572,0.4275379551181572,0.4275379551181572,0.4275379551181572,0.011220999993383884,0.026245623012073338,1
1789286160,2026-09-13T07:56:00.000Z,0.4263221827041297,0.4274991419755875,0.4263221827041297,0.4274991419755875,41.19853399999556,96.63529929697688,2
1789286220,2026-09-13T07:57:00.000Z,0.42757077694652496,0.42757077694652496,0.42757077694652496,0.42757077694652496,0.5572250001132488,1.3032345290121157,1
1789286280,2026-09-13T07:58:00.000Z,0.425650680669368,0.425650680669368,0.425650680669368,0.425650680669368,913.6823679991066,2146.5544623640017,1
1789286400,2026-09-13T08:00:00.000Z,0.42674881700091205,0.42674881700091205,0.42674881700091205,0.42674881700091205,2.457667,5.759048185,1
1789286640,2026-09-13T08:04:00.000Z,0.4260210262178768,0.4260210262178768,0.4260210262178768,0.4260210262178768,0.5908230000000003,1.38684,1
1789286820,2026-09-13T08:07:00.000Z,0.4272787044864598,0.4284640903178498,0.42727865918329133,0.4284640903178498,22.75952600005803,53.233870889984246,3
1789287000,2026-09-13T08:10:00.000Z,0.42762923112897877,0.42762923112897877,0.42762923112897877,0.42762923112897877,0.03376400005072355,0.07895624899538234,1
1789287060,2026-09-13T08:11:00.000Z,0.4277409319763252,0.4277409319763252,0.425339211107001,0.4273997297293246,1269.2726420011877,2984.0386827239854,6
1789287120,2026-09-13T08:12:00.000Z,0.4273996249165555,0.4273996249165555,0.4273996249165555,0.4273996249165555,13.19433299999946,30.871185258001788,1
1789287180,2026-09-13T08:13:00.000Z,0.4273966042923756,0.4273966042923756,0.42598202867183577,0.42598202867183577,1045.0708540001415,2453.009587311979,2
1789287240,2026-09-13T08:14:00.000Z,0.42737447363831127,0.42737447363831127,0.42737447363831127,0.42737447363831127,72.56597800000054,169.7948344510005,1
1789287300,2026-09-13T08:15:00.000Z,0.4273960691707888,0.4273960691707888,0.4273960691707888,0.4273960691707888,0.6321189999998751,1.479000499995891,1
1789287360,2026-09-13T08:16:00.000Z,0.42691289658629755,0.42691289658629755,0.42691289658629755,0.42691289658629755,202.25434700027108,473.7602181090042,1
1789287480,2026-09-13T08:18:00.000Z,0.42485068842439466,0.42485068842439466,0.42485068842439466,0.42485068842439466,36.33998600000018,85.5359,1
1789287540,2026-09-13T08:19:00.000Z,0.4261687394361303,0.4261687394361303,0.4261687394361303,0.4261687394361303,0.26539700012654066,0.6227509799937252,1
1789287720,2026-09-13T08:22:00.000Z,0.4248971014715949,0.4273305138347927,0.4248971014715949,0.4273305138347927,0.48901999979043076,1.1447751690063428,2
1789287780,2026-09-13T08:23:00.000Z,0.42735528996806954,0.42844655796382347,0.42735528996806954,0.42844655796382347,105.65112399985446,246.74780639199162,2
1789287840,2026-09-13T08:24:00.000Z,0.4280363542347301,0.4280363542347301,0.4272969363655991,0.4273000480473169,135.530371998786,316.6419258780079,3
1789287900,2026-09-13T08:25:00.000Z,0.42846511823406747,0.42846511823406747,0.4284650519306013,0.4284650519306013,1.3727120000003197,3.203789605999191,2
1789288020,2026-09-13T08:27:00.000Z,0.4284427282612494,0.4284427282612494,0.4284427282612494,0.4284427282612494,49.22815199999968,114.90019261099951,1
1789288080,2026-09-13T08:28:00.000Z,0.42772677463164593,0.42772677463164593,0.4276842901414119,0.4276842901414119,2.2854929994791746,5.34348668900202,2
1789288140,2026-09-13T08:29:00.000Z,0.4277217858927509,0.42782218620069545,0.4277217858927509,0.42782202020272164,1.4284749999642372,3.338994099991396,3
1789288200,2026-09-13T08:30:00.000Z,0.4537054188250141,0.4537054188250141,0.4537054188250141,0.4537054188250141,3.0000000000000036,6.612219902,1
1789288380,2026-09-13T08:33:00.000Z,0.4264427439578178,0.4264427439578178,0.4263457562723735,0.4263457562723735,173.89576000023771,407.8508121360137,2
1789288440,2026-09-13T08:34:00.000Z,0.4261792576023837,0.4261792576023837,0.4261792576023837,0.4261792576023837,15.953085999935865,37.4328072409844,1
1789288680,2026-09-13T08:38:00.000Z,0.4263233815546733,0.4263233815546733,0.4263233815546733,0.4263233815546733,0.3256779999992432,0.7639224450031179,1
1789288740,2026-09-13T08:39:00.000Z,0.42554358938553305,0.42554358938553305,0.42554358938553305,0.42554358938553305,2.793009000000893,6.56339108300017,1
1789288800,2026-09-13T08:40:00.000Z,0.4257871316325476,0.42688412842814244,0.4257871316325476,0.4268841169196778,1.4208860003382142,3.3353338689812517,4
1789288920,2026-09-13T08:42:00.000Z,0.42528156858665517,0.4262821590797841,0.42528156858665517,0.4262821590797841,84.4390879996281,198.49352700001327,2
1789289040,2026-09-13T08:44:00.000Z,0.4252612105263229,0.4252612105263229,0.4232193397953387,0.4232193397953387,1049.104441999999,2478.291917875997,3
1789289100,2026-09-13T08:45:00.000Z,0.4252523768311097,0.4252523768311097,0.42399869151655567,0.42399869151655567,4.989849999832586,11.766325482998582,2
1789289160,2026-09-13T08:46:00.000Z,0.42380902845692175,0.42380902845692175,0.42380902845692175,0.42380902845692175,353.7114499998279,834.6010260510084,1
1789289340,2026-09-13T08:49:00.000Z,0.42630956502828127,0.42630956502828127,0.42539221991129295,0.42539221991129295,626.7506489999396,1472.7005336270013,2
1789289460,2026-09-13T08:51:00.000Z,0.4265559825210763,0.4266285818496325,0.4265559825210763,0.4266285818496325,266.47591900010593,624.6618336020038,2
1789289520,2026-09-13T08:52:00.000Z,0.42681548077088033,0.42681548077088033,0.42444335825057977,0.42643159513802203,6389.05979999999,15049.587858849982,3
1789289700,2026-09-13T08:55:00.000Z,0.42427899277086145,0.42740002757012235,0.42427899277086145,0.42654996205635876,4.257757000000417,10.015297320995963,4
1789290000,2026-09-13T09:00:00.000Z,0.425216766798905,0.425216766798905,0.425216766798905,0.425216766798905,34.22384099988267,80.48563385099987,1
1789290120,2026-09-13T09:02:00.000Z,0.4271080775392241,0.4271080775392241,0.4271080775392241,0.4271080775392241,132.9967760000145,311.3890441179974,1
1789290180,2026-09-13T09:03:00.000Z,0.42707312949469234,0.42707312949469234,0.42707312949469234,0.42707312949469234,0.06180900000026668,0.14472697000019252,1
1789290240,2026-09-13T09:04:00.000Z,0.42697426563776986,0.42697426563776986,0.42697426563776986,0.42697426563776986,3,7.026184577,1
1789290300,2026-09-13T09:05:00.000Z,0.42737521358252967,0.42758011898539405,0.42707363213628907,0.4274836345675048,402.7678189999774,942.23824491501,6
1789290360,2026-09-13T09:06:00.000Z,0.42787397667503346,0.43113920188680366,0.423491511010672,0.423491511010672,267.55474200012833,625.4419405049991,4
1789290420,2026-09-13T09:07:00.000Z,0.426995279511164,0.426995279511164,0.426995279511164,0.426995279511164,9.665409000124782,22.63586850700085,1
1789290480,2026-09-13T09:08:00.000Z,0.4256884211680762,0.42796466450931014,0.4256075633156444,0.4256075633156444,189.25643700008374,442.9293597210035,3
1789290540,2026-09-13T09:09:00.000Z,0.42549613394471164,0.42549613394471164,0.42549613394471164,0.42549613394471164,19.503645000000006,45.83742,1
1789290600,2026-09-13T09:10:00.000Z,0.42797278926708526,0.4284676866731574,0.42797278926708526,0.4284676866731574,406.2024480001073,949.0412420819994,3
1789290660,2026-09-13T09:11:00.000Z,0.4279001150428492,0.4279001150428492,0.4279001150428492,0.4279001150428492,2.2708800000000338,5.3070329270012735,1
1789290780,2026-09-13T09:13:00.000Z,0.42611849196214086,0.42611849196214086,0.42611849196214086,0.42611849196214086,12.328962999861687,28.933179930987535,1
1789291020,2026-09-13T09:17:00.000Z,0.4263216297673433,0.4263216297673433,0.4263216297673433,0.4263216297673433,0.03778300000158197,0.08862557600514265,1
1789291140,2026-09-13T09:19:00.000Z,0.4251092597135147,0.42641054227397146,0.4251092597135147,0.42641054227397146,13.189107000230479,31.0234696780111,2
1789291200,2026-09-13T09:20:00.000Z,0.4251712758321635,0.4264136066994249,0.4251712758321635,0.4264136066994249,4.392476999901355,10.32943143301582,2
1789291440,2026-09-13T09:24:00.000Z,0.42634574320631685,0.42634574320631685,0.42634574320631685,0.42634574320631685,6.379484999999477,14.963172733994725,1
1789291500,2026-09-13T09:25:00.000Z,0.4252789682889488,0.4272594575446993,0.42527862490080975,0.4272594575446993,128.9793589995079,303.2810131259903,3
1789291620,2026-09-13T09:27:00.000Z,0.4261546280863188,0.4274065783582288,0.4261546280863188,0.4274065783582288,3.14815299989897,7.37150901802022,2
1789291680,2026-09-13T09:28:00.000Z,0.42555814210467313,0.4267836296456248,0.42555814210467313,0.4267836296456248,8005.471499999985,18757.71866654203,2
1789291920,2026-09-13T09:32:00.000Z,0.4248050424605566,0.4248050424605566,0.42432143265732064,0.42432143265732064,21.276922000000013,50.09380733699982,2
1789291980,2026-09-13T09:33:00.000Z,0.4242132026895539,0.424524835705536,0.42421319628968207,0.4242505610383406,117.25312899999972,276.40138652700443,4
1789292100,2026-09-13T09:35:00.000Z,0.4241983529418094,0.4241983529418094,0.4241983529418094,0.4241983529418094,0.4924640000008367,1.1609285999948042,1
1789292160,2026-09-13T09:36:00.000Z,0.4263090116554326,0.4273789352513574,0.42557544440149286,0.42645506498729074,258.68779399964296,606.085835357997,6
1789292220,2026-09-13T09:37:00.000Z,0.4257466799998656,0.4272737924865686,0.4257466799998656,0.4272737924865686,92.07227599997304,216.20258513800036,2
1789292340,2026-09-13T09:39:00.000Z,0.4253800906099167,0.4253800906099167,0.4253800906099167,0.4253800906099167,0.8322980000000371,1.956598389,1
1789292400,2026-09-13T09:40:00.000Z,0.4275123704979493,0.4275850600839331,0.42740177591045625,0.4275599015537404,3.069996000000174,7.180454076997194,4
1789292460,2026-09-13T09:41:00.000Z,0.42868520661026,0.42868520661026,0.42569653981010447,0.427534245419175,30.482170999981463,71.20828302899855,3
1789292700,2026-09-13T09:45:00.000Z,0.42673755190356644,0.42673755190356644,0.42673755190356644,0.42673755190356644,9.424730000086129,22.08554170600837,1
1789292760,2026-09-13T09:46:00.000Z,0.42702299111751874,0.42702299111751874,0.4270229905382103,0.4270229905382103,11.33147200010717,26.535976398998173,2
1789292880,2026-09-13T09:48:00.000Z,0.4251286,0.4251286,0.4251286,0.4251286,4.251286,10,1
1789293060,2026-09-13T09:51:00.000Z,0.42778626458107744,0.42778626458107744,0.42778626458107744,0.42778626458107744,148.5,347.135970214993,1
1789293120,2026-09-13T09:52:00.000Z,0.42740344478802555,0.42740344478802555,0.42740344478802555,0.42740344478802555,0.3155930000011722,0.7383960139995907,1
1789293180,2026-09-13T09:53:00.000Z,0.4257916601167244,0.4274813540021144,0.4256805701833953,0.4274813540021144,489.95415400061756,1150.655449651007,3
1789293240,2026-09-13T09:54:00.000Z,0.4276094932000647,0.4276094932000647,0.4276094932000647,0.4276094932000647,49.75,116.34447034299956,1
1789293300,2026-09-13T09:55:00.000Z,0.4276370832259917,0.4284771658304905,0.4276370832259917,0.4284771658304905,47.515175999998974,110.95255632700537,7
1789293360,2026-09-13T09:56:00.000Z,0.42792765075936373,0.42846416936219706,0.42690184793626407,0.42799824875048126,25.72614499975907,60.19278601801852,4
1789293420,2026-09-13T09:57:00.000Z,0.42846409028739235,0.42846409028739235,0.42846409028739235,0.42846409028739235,50,116.6958938530006,1
1789293480,2026-09-13T09:58:00.000Z,0.42090638459574525,0.4284882064754427,0.42090638459574525,0.42820173292915326,125.53606799904429,293.59776838803873,4
1789293540,2026-09-13T09:59:00.000Z,0.42811526422286605,0.42811526422286605,0.42621674738111526,0.42621674738111526,7.282302000000271,17.01469845800086,2
1789293600,2026-09-13T10:00:00.000Z,0.4281810208210615,0.4281810208210615,0.42494281290419705,0.4281742410171363,4.177811000500213,9.75748107100276,4
1789293660,2026-09-13T10:01:00.000Z,0.4267679112462517,0.4284641293873758,0.4267679112462517,0.4284641293873758,23.298519000027227,54.541353154992976,2
1789293720,2026-09-13T10:02:00.000Z,0.4258413360940183,0.42674332303925455,0.423720536072996,0.42674332303925455,501.03030000003747,1174.8301116270109,4
1789293780,2026-09-13T10:03:00.000Z,0.42822553511392436,0.42822553511392436,0.4263226568331139,0.4263226568331139,293.68609000023207,687.7095986049826,4
1789293840,2026-09-13T10:04:00.000Z,0.4271535712392848,0.4276789700363308,0.42652529426010244,0.4276789700363308,271.2140350006521,634.5676560050051,3
1789293900,2026-09-13T10:05:00.000Z,0.4284718320856786,0.4284718320856786,0.4281096349995068,0.4281096349995068,205.15432999908035,478.9049782899983,6
1789293960,2026-09-13T10:06:00.000Z,0.4279115009295147,0.4279115009295147,0.42632218137103334,0.42632218137103334,107.7121549997828,252.595516701012,3
1789294020,2026-09-13T10:07:00.000Z,0.4282028711664514,0.4282028711664514,0.4282028711664514,0.4282028711664514,2.6996709993109107,6.3046541279763915,1
1789294080,2026-09-13T10:08:00.000Z,0.42632386695916047,0.42632386695916047,0.4262766531970279,0.4262766531970279,198.89378600042983,466.57991171997855,2
1789294140,2026-09-13T10:09:00.000Z,0.4281400210400162,0.42816009892898965,0.4263706751300858,0.42816009892898965,213.2065439997241,498.1125084589585,3
1789294200,2026-09-13T10:10:00.000Z,0.4264680235876753,0.42848093723097086,0.4264680235876753,0.42821618474006234,298.91817400045693,699.2826093299664,4
1789294260,2026-09-13T10:11:00.000Z,0.4283536942605732,0.4283536942605732,0.4282889210036159,0.4282889210036159,16.95671899997933,39.58725051201509,2
1789294320,2026-09-13T10:12:00.000Z,0.4283143631332418,0.4289525681166698,0.4283143631332418,0.4289525681166698,6886.158002999111,16076.540622481982,3
1789294380,2026-09-13T10:13:00.000Z,0.42885946287377064,0.42885946287377064,0.42885946287377064,0.42885946287377064,13.053825000301003,30.43846791400574,1
1789294440,2026-09-13T10:14:00.000Z,0.42846409138033165,0.42846409138033165,0.42846409138033165,0.42846409138033165,128.1616439999998,299.1187513219993,1
1789294500,2026-09-13T10:15:00.000Z,0.4285816911557722,0.43028581513001296,0.4268068136520754,0.4290179205961074,744.882596000496,1736.7892504709962,10
1789294560,2026-09-13T10:16:00.000Z,0.42826024115750405,0.4288317744041549,0.42826024115750405,0.42870303426640716,425.62451499933377,993.0856354870193,13
1789294620,2026-09-13T10:17:00.000Z,0.42866776973364756,0.42866776973364756,0.42613114349221937,0.4268466427127801,246.69182300018446,576.2964882050064,6
1789294680,2026-09-13T10:18:00.000Z,0.42854469294623754,0.42854469294623754,0.426318974550522,0.42694770362612106,348.5289990006877,815.4469174129918,13
1789294740,2026-09-13T10:19:00.000Z,0.42846539369939846,0.42871436638424704,0.42846539369939846,0.4286693760059766,1392.173182999266,3247.6363885809988,14
1789294800,2026-09-13T10:20:00.000Z,0.42864755670621846,0.4287048857823117,0.4268486016390286,0.4268776435484161,1289.9774800008163,3013.295981926931,19
1789294860,2026-09-13T10:21:00.000Z,0.42713719179248677,0.42900956649609656,0.42713719179248677,0.42900956649609656,223.1863839989528,520.7940844240075,4
1789294920,2026-09-13T10:22:00.000Z,0.42904312257294686,0.42904312257294686,0.42704610873703525,0.4270964163687761,587.4545929981396,1373.3541561109887,11
1789294980,2026-09-13T10:23:00.000Z,0.4288030389206413,0.4288030389206413,0.4267715701756925,0.42684309043650237,431.9267480010167,1010.5650406790373,10
1789295040,2026-09-13T10:24:00.000Z,0.42687155571322255,0.42845033887637907,0.06048921005304877,0.20474394313255284,107.82472699973732,448.4513165729877,6
1789295100,2026-09-13T10:25:00.000Z,0.42844265774553564,0.42940632932454215,0.42648002071353064,0.42852348541783314,4829.867974996005,11282.109533136078,59
1789295160,2026-09-13T10:26:00.000Z,0.4285259550332235,0.428537688106936,0.019762316411306095,0.42677626296212295,2064.3049569991053,4890.767258195958,42
1789295220,2026-09-13T10:27:00.000Z,0.42854152243982935,0.42886854129755997,0.2114063593404156,0.42886854129755997,2180.8889919975773,5181.67246537091,39
1789295280,2026-09-13T10:28:00.000Z,0.4288499023906851,0.4289640446162879,0.4269307776141943,0.4288983659780645,1228.004659000082,2869.3607463119315,24
1789295340,2026-09-13T10:29:00.000Z,0.42893531123370143,0.42953632637244143,0.4274865289045177,0.4293256462780282,1285.5922390024734,3003.831349521992,19
1789295400,2026-09-13T10:30:00.000Z,0.42759571814717273,0.4291507490500582,0.42632029787188647,0.42914101051402104,701.064785996452,1638.4268949490215,20
1789295460,2026-09-13T10:31:00.000Z,0.4284679308998517,0.4292777267767539,0.42743453164236894,0.42909357200574433,452.8092619986419,1056.4277288189842,17
1789295520,2026-09-13T10:32:00.000Z,0.42966849912575045,0.43061188600791916,0.42790187292767917,0.43061188600791916,354.74274099897593,826.1548254549876,10
1789295580,2026-09-13T10:33:00.000Z,0.42971227835128584,0.42971227835128584,0.42208294576761757,0.429634562944823,819.3844139994893,1912.7476416640275,17
1789295640,2026-09-13T10:34:00.000Z,0.42789617228729776,0.4297565926882082,0.4277419376052501,0.42965264694065214,535.4313710003917,1249.8820791129765,13
1789295700,2026-09-13T10:35:00.000Z,0.42790148292961117,0.42946420093975946,0.427389885219102,0.4293264433153496,712.275843999374,1664.1126523759303,17
1789295760,2026-09-13T10:36:00.000Z,0.4276002105832114,0.4293144780029644,0.42663483469125846,0.42916589946957334,104.19860100126243,243.5381177919844,5
1789295820,2026-09-13T10:37:00.000Z,0.4274212337216171,0.42944428846807187,0.42735480255285574,0.42865196466228084,788.7814019992948,1840.869089892949,10
1789295880,2026-09-13T10:38:00.000Z,0.42859164518382115,0.42859164518382115,0.00023653343197021208,0.4284767122740003,1111.8613680006206,3278.3740169180455,23
1789295940,2026-09-13T10:39:00.000Z,0.42745439438594857,0.42990689722561504,0.41720460400696535,0.42856821775676524,2021.438300996422,4724.751362366097,46
1789296000,2026-09-13T10:40:00.000Z,0.4273894267235858,0.4290635313426956,0.16613936536271684,0.4282565917778606,834.2716589973106,2013.5918659049148,27
1789296060,2026-09-13T10:41:00.000Z,0.42654092825289575,0.4282582738098303,0.42572178343572864,0.42572178343572864,844.4106049986767,1980.300244172,16
1789296120,2026-09-13T10:42:00.000Z,0.4252299620161047,0.4284771114552722,0.4252299620161047,0.42799852726996246,691.099864999384,1614.9849240699937,26
1789296180,2026-09-13T10:43:00.000Z,0.4280334040808618,0.4280334040808618,0.42563644107320087,0.4256925902919578,519.7061819986811,1219.52497196303,12
1789296240,2026-09-13T10:44:00.000Z,0.4257492536959316,0.42749804015291754,0.42530483853819273,0.4273723994026454,658.0337479963819,1544.457505664008,18
1789296300,2026-09-13T10:45:00.000Z,0.42563859849275104,0.4277335708925814,0.42563859849275104,0.42769821480803244,225.00077100098133,527.6543186589843,8
1789296360,2026-09-13T10:46:00.000Z,0.42594803180260193,0.4277945958322113,0.4257552009664254,0.4257552009664254,395.8918840009719,928.9958868630056,11
1789296420,2026-09-13T10:47:00.000Z,0.42581587785718045,0.42778969654217447,0.4252563198177355,0.42778969654217447,580.7548449988572,1363.6201061120155,11
1789296480,2026-09-13T10:48:00.000Z,0.4261418866438999,0.4277345002103212,0.42471858528962536,0.42606276449684494,223.64390400266683,524.9137596529699,8
1789296540,2026-09-13T10:49:00.000Z,0.42603131389069937,0.4277634675857512,0.42477307013072574,0.4277634675857512,308.5569240017687,723.0882824120029,13
1789296600,2026-09-13T10:50:00.000Z,0.4260603183854496,0.4260603183854496,0.42552722781725,0.42552722781725,26.364798000082374,61.893055899010506,3
1789296660,2026-09-13T10:51:00.000Z,0.4273498738932908,0.4273498738932908,0.4272290433924194,0.4272290433924194,61.44582099933177,143.81563342100708,2
1789296720,2026-09-13T10:52:00.000Z,0.4273214221733892,0.4273214221733892,0.42717657954022614,0.42717657954022614,108.07697100006044,252.924257280014,3
1789296780,2026-09-13T10:53:00.000Z,0.425261175197651,0.427163669301397,0.4251625848582024,0.427163669301397,556.1998670004377,1308.1910378909965,4
1789296840,2026-09-13T10:54:00.000Z,0.4271577995277382,0.4271577995277382,0.42565410228760897,0.42565410228760897,15.2262499993667,35.657727612997405,3
1789296900,2026-09-13T10:55:00.000Z,0.4276128897526348,0.4276128897526348,0.4273956015792286,0.4274187299562448,29.245360999973855,68.41512883602263,4
1789296960,2026-09-13T10:56:00.000Z,0.42739569140807265,0.42739587840629484,0.4273956109888968,0.42739587840629484,23.543687999999747,55.08640148399718,4
1789297020,2026-09-13T10:57:00.000Z,0.42551954111167034,0.42722455423525657,0.4252853859621088,0.4252853859621088,31.630753999816534,74.06036310600757,4
1789297080,2026-09-13T10:58:00.000Z,0.42730282970170835,0.42730282970170835,0.1568988391277376,0.42686790401669344,76.37381400169693,179.68213460998422,5
1789297140,2026-09-13T10:59:00.000Z,0.42693959042103585,0.4273955927448625,0.42526122226278273,0.427300392930328,37.13170199977321,86.96384299103374,5
1789297200,2026-09-13T11:00:00.000Z,0.42739559275919065,0.42739561002976245,0.42739559275919065,0.42739561002976245,11.800240000000485,27.609642682000413,2
1789297260,2026-09-13T11:01:00.000Z,0.42737426469136763,0.42737426469136763,0.42737426469136763,0.42737426469136763,11.171242000000348,26.13924824899732,1
1789297320,2026-09-13T11:02:00.000Z,0.4252612474904411,0.4252612474904411,0.4252612474904411,0.4252612474904411,7.488763999999719,17.609796434997406,1
1789297380,2026-09-13T11:03:00.000Z,0.4273742368431234,0.4273742368431234,0.4273742368431234,0.4273742368431234,7.503198999998858,17.556507512999815,1
1789297440,2026-09-13T11:04:00.000Z,0.42789487598206977,0.42789487598206977,0.42789487598206977,0.42789487598206977,5.040446999999858,11.77963860499949,1
1789297500,2026-09-13T11:05:00.000Z,0.42844571407321214,0.4284466094328527,0.42844571407321214,0.4284466094328527,130.01859400000103,303.4654888389996,2
1789297560,2026-09-13T11:06:00.000Z,0.428262437708209,0.428262437708209,0.428262437708209,0.428262437708209,20.332562000000053,47.47687448100078,1
1789297620,2026-09-13T11:07:00.000Z,0.42877821089414725,0.42877821089414725,0.42846533659776215,0.42846533659776215,10.197768999998518,23.78365587600115,2
1789297680,2026-09-13T11:08:00.000Z,0.42632417978151854,0.42632417978151854,0.42632417978151854,0.42632417978151854,33.30028599999969,78.11024469000404,1
1789297740,2026-09-13T11:09:00.000Z,0.4263243751417659,0.4284641034959533,0.4263243296353435,0.4263244277672757,106.5225819999996,249.76984503801214,4
