minute_ts,datetime_utc,usdc_reserve,token_reserve,mid_price_usdc,depth_usdc_tvl,fee_bps,buy_50k_bps_approx,max_size_at_50bps_approx
1789161180,2026-09-11T21:13:00.000Z,2659.018734,9469.9889836,0.2807837198760055,5318.037468,30,188039.2919412955,12.853655012988284
1789161240,2026-09-11T21:14:00.000Z,2659.018734,9469.9889836,0.2807837198760055,5318.037468,30,188039.2919412955,12.853655012988284
1789161300,2026-09-11T21:15:00.000Z,2659.018734,9469.9889836,0.2807837198760055,5318.037468,30,188039.2919412955,12.853655012988284
1789161360,2026-09-11T21:16:00.000Z,2659.018734,9469.9889836,0.2807837198760055,5318.037468,30,188039.2919412955,12.853655012988284
1789161420,2026-09-11T21:17:00.000Z,2659.018734,9469.9889836,0.2807837198760055,5318.037468,30,188039.2919412955,12.853655012988284
1789161480,2026-09-11T21:18:00.000Z,2659.018734,9469.9889836,0.2807837198760055,5318.037468,30,188039.2919412955,12.853655012988284
1789161540,2026-09-11T21:19:00.000Z,2675.002565,9432.970149601,0.2835800943473937,5350.00513,30,186915.70862101213,12.930920602294918
1789161600,2026-09-11T21:20:00.000Z,2675.002565,9432.970149601,0.2835800943473937,5350.00513,30,186915.70862101213,12.930920602294918
1789161660,2026-09-11T21:21:00.000Z,2675.002565,9432.970149601,0.2835800943473937,5350.00513,30,186915.70862101213,12.930920602294918
1789161720,2026-09-11T21:22:00.000Z,2675.002565,9432.970149601,0.2835800943473937,5350.00513,30,186915.70862101213,12.930920602294918
1789161780,2026-09-11T21:23:00.000Z,2684.977174,9409.894550601,0.2853355220466858,5369.954348,30,186221.32241635214,12.979137706347657
1789161840,2026-09-11T21:24:00.000Z,2684.977174,9409.894550601,0.2853355220466858,5369.954348,30,186221.32241635214,12.979137706347657
1789161900,2026-09-11T21:25:00.000Z,2680.778076,9419.943352601,0.2845853712336597,5361.556152,30,186513.01444021505,12.95883933222656
1789161960,2026-09-11T21:26:00.000Z,2680.778076,9419.943352601,0.2845853712336597,5361.556152,30,186513.01444021505,12.95883933222656
1789162020,2026-09-11T21:27:00.000Z,2680.778076,9419.943352601,0.2845853712336597,5361.556152,30,186513.01444021505,12.95883933222656
1789162080,2026-09-11T21:28:00.000Z,2664.589895,9457.643352601,0.2817393081614984,5329.17979,30,187646.13681761335,12.88058591821289
1789162140,2026-09-11T21:29:00.000Z,2664.589895,9457.643352601,0.2817393081614984,5329.17979,30,187646.13681761335,12.88058591821289
1789162200,2026-09-11T21:30:00.000Z,2664.589895,9457.643352601,0.2817393081614984,5329.17979,30,187646.13681761335,12.88058591821289
1789162260,2026-09-11T21:31:00.000Z,2662.506775,9462.498471429,0.28137460555889693,5325.01355,30,187792.94937193164,12.870516148681638
1789162320,2026-09-11T21:32:00.000Z,2662.506775,9462.498471429,0.28137460555889693,5325.01355,30,187792.94937193164,12.870516148681638
1789162380,2026-09-11T21:33:00.000Z,2662.506775,9462.498471429,0.28137460555889693,5325.01355,30,187792.94937193164,12.870516148681638
1789162440,2026-09-11T21:34:00.000Z,2661.53799,9464.756713389,0.28120511393969,5323.07598,30,187861.30495924276,12.865833057128906
1789162500,2026-09-11T21:35:00.000Z,2661.53799,9464.756713389,0.28120511393969,5323.07598,30,187861.30495924276,12.865833057128906
1789162560,2026-09-11T21:36:00.000Z,2661.53799,9464.756713389,0.28120511393969,5323.07598,30,187861.30495924276,12.865833057128906
1789162620,2026-09-11T21:37:00.000Z,2656.618396,9476.227212688,0.2803455780843852,5313.236792,30,188209.19133618768,12.842051816601561
1789162680,2026-09-11T21:38:00.000Z,2656.618396,9476.227212688,0.2803455780843852,5313.236792,30,188209.19133618768,12.842051816601561
1789162740,2026-09-11T21:39:00.000Z,2656.618396,9476.227212688,0.2803455780843852,5313.236792,30,188209.19133618768,12.842051816601561
1789162800,2026-09-11T21:40:00.000Z,2665.122902,9456.519976121,0.2818291410296597,5330.245804,30,187608.6088280517,12.883162465722657
1789162860,2026-09-11T21:41:00.000Z,2665.122902,9456.519976121,0.2818291410296597,5330.245804,30,187608.6088280517,12.883162465722657
1789162920,2026-09-11T21:42:00.000Z,2665.122902,9456.519976121,0.2818291410296597,5330.245804,30,187608.6088280517,12.883162465722657
1789162980,2026-09-11T21:43:00.000Z,2665.122902,9456.519976121,0.2818291410296597,5330.245804,30,187608.6088280517,12.883162465722657
1789163040,2026-09-11T21:44:00.000Z,2666.998583,9452.175459179,0.2821571176411119,5333.997166,30,187476.6650372832,12.892229478369142
1789163100,2026-09-11T21:45:00.000Z,2666.998583,9452.175459179,0.2821571176411119,5333.997166,30,187476.6650372832,12.892229478369142
1789163160,2026-09-11T21:46:00.000Z,2666.998583,9452.175459179,0.2821571176411119,5333.997166,30,187476.6650372832,12.892229478369142
1789163220,2026-09-11T21:47:00.000Z,2637.93645,9519.975459179,0.2770948792159486,5275.8729,30,189542.09454136016,12.751743581542968
1789163280,2026-09-11T21:48:00.000Z,2629.890823,9538.775459179,0.2757052867272708,5259.781646,30,190121.9608157095,12.71285114633789
1789163340,2026-09-11T21:49:00.000Z,2629.890823,9538.775459179,0.2757052867272708,5259.781646,30,190121.9608157095,12.71285114633789
1789163400,2026-09-11T21:50:00.000Z,2579.387336,9657.075459179,0.267098185874514,5158.774672,30,193844.481215209,12.468718079296874
1789163460,2026-09-11T21:51:00.000Z,2579.387336,9657.075459179,0.267098185874514,5158.774672,30,193844.481215209,12.468718079296874
1789163520,2026-09-11T21:52:00.000Z,2579.387336,9657.075459179,0.267098185874514,5158.774672,30,193844.481215209,12.468718079296874
1789163580,2026-09-11T21:53:00.000Z,2549.887231,9726.376089179,0.26216210514796523,5099.774462,30,196087.10295941713,12.326115032666017
1789163640,2026-09-11T21:54:00.000Z,2503.896206,9834.77942168,0.25459607161909065,5007.792412,30,199688.78853758686,12.10379513642578
1789163700,2026-09-11T21:55:00.000Z,2503.896206,9834.77942168,0.25459607161909065,5007.792412,30,199688.78853758686,12.10379513642578
1789163760,2026-09-11T21:56:00.000Z,2503.896206,9834.77942168,0.25459607161909065,5007.792412,30,199688.78853758686,12.10379513642578
1789163820,2026-09-11T21:57:00.000Z,2503.896206,9834.77942168,0.25459607161909065,5007.792412,30,199688.78853758686,12.10379513642578
1789163880,2026-09-11T21:58:00.000Z,2485.273786,9878.73542168,0.2515781301871681,4970.547572,30,201185.07780373783,12.013774649121093
1789163940,2026-09-11T21:59:00.000Z,2485.273786,9878.73542168,0.2515781301871681,4970.547572,30,201185.07780373783,12.013774649121093
1789164000,2026-09-11T22:00:00.000Z,2485.273786,9878.73542168,0.2515781301871681,4970.547572,30,201185.07780373783,12.013774649121093
1789164060,2026-09-11T22:01:00.000Z,2475.57622,9901.946342233,0.2500090522043497,4951.15244,30,201973.17939982473,11.966896766601561
1789164120,2026-09-11T22:02:00.000Z,2475.57622,9901.946342233,0.2500090522043497,4951.15244,30,201973.17939982473,11.966896766601561
1789164180,2026-09-11T22:03:00.000Z,2475.57622,9901.946342233,0.2500090522043497,4951.15244,30,201973.17939982473,11.966896766601561
1789164240,2026-09-11T22:04:00.000Z,2494.835024,9856.731439897,0.2531097696242062,4989.670048,30,200414.05351057794,12.05999352421875
1789164300,2026-09-11T22:05:00.000Z,2556.959563,9711.280236994,0.26329788664315934,5113.919126,30,195544.7427621287,12.360302575048827
1789164360,2026-09-11T22:06:00.000Z,2556.959563,9711.280236994,0.26329788664315934,5113.919126,30,195544.7427621287,12.360302575048827
1789164420,2026-09-11T22:07:00.000Z,2556.959563,9711.280236994,0.26329788664315934,5113.919126,30,195544.7427621287,12.360302575048827
1789164480,2026-09-11T22:08:00.000Z,2556.959563,9711.280236994,0.26329788664315934,5113.919126,30,195544.7427621287,12.360302575048827
1789164540,2026-09-11T22:09:00.000Z,2556.959563,9711.280236994,0.26329788664315934,5113.919126,30,195544.7427621287,12.360302575048827
1789164600,2026-09-11T22:10:00.000Z,2556.959563,9711.280236994,0.26329788664315934,5113.919126,30,195544.7427621287,12.360302575048827
1789164660,2026-09-11T22:11:00.000Z,2552.709912,9721.270236994,0.2625901605209718,5105.419824,30,195870.2779542465,12.339759828515625
1789164720,2026-09-11T22:12:00.000Z,2552.709912,9721.270236994,0.2625901605209718,5105.419824,30,195870.2779542465,12.339759828515625
1789164780,2026-09-11T22:13:00.000Z,2552.709912,9721.270236994,0.2625901605209718,5105.419824,30,195870.2779542465,12.339759828515625
1789164840,2026-09-11T22:14:00.000Z,2552.709912,9721.270236994,0.2625901605209718,5105.419824,30,195870.2779542465,12.339759828515625
1789164900,2026-09-11T22:15:00.000Z,2552.709912,9721.270236994,0.2625901605209718,5105.419824,30,195870.2779542465,12.339759828515625
1789164960,2026-09-11T22:16:00.000Z,2552.709912,9721.270236994,0.2625901605209718,5105.419824,30,195870.2779542465,12.339759828515625
1789165020,2026-09-11T22:17:00.000Z,2552.709912,9721.270236994,0.2625901605209718,5105.419824,30,195870.2779542465,12.339759828515625
1789165080,2026-09-11T22:18:00.000Z,2552.709912,9721.270236994,0.2625901605209718,5105.419824,30,195870.2779542465,12.339759828515625
1789165140,2026-09-11T22:19:00.000Z,2552.709912,9721.270236994,0.2625901605209718,5105.419824,30,195870.2779542465,12.339759828515625
1789165200,2026-09-11T22:20:00.000Z,2552.709912,9721.270236994,0.2625901605209718,5105.419824,30,195870.2779542465,12.339759828515625
1789165260,2026-09-11T22:21:00.000Z,2552.709912,9721.270236994,0.2625901605209718,5105.419824,30,195870.2779542465,12.339759828515625
1789165320,2026-09-11T22:22:00.000Z,2552.709912,9721.270236994,0.2625901605209718,5105.419824,30,195870.2779542465,12.339759828515625
1789165380,2026-09-11T22:23:00.000Z,2552.709912,9721.270236994,0.2625901605209718,5105.419824,30,195870.2779542465,12.339759828515625
1789165440,2026-09-11T22:24:00.000Z,2552.709912,9721.270236994,0.2625901605209718,5105.419824,30,195870.2779542465,12.339759828515625
1789165500,2026-09-11T22:25:00.000Z,2552.709912,9721.270236994,0.2625901605209718,5105.419824,30,195870.2779542465,12.339759828515625
1789165560,2026-09-11T22:26:00.000Z,2552.709912,9721.270236994,0.2625901605209718,5105.419824,30,195870.2779542465,12.339759828515625
1789165620,2026-09-11T22:27:00.000Z,2552.709912,9721.270236994,0.2625901605209718,5105.419824,30,195870.2779542465,12.339759828515625
1789165680,2026-09-11T22:28:00.000Z,2552.709912,9721.270236994,0.2625901605209718,5105.419824,30,195870.2779542465,12.339759828515625
1789165740,2026-09-11T22:29:00.000Z,2552.709912,9721.270236994,0.2625901605209718,5105.419824,30,195870.2779542465,12.339759828515625
1789165800,2026-09-11T22:30:00.000Z,2552.709912,9721.270236994,0.2625901605209718,5105.419824,30,195870.2779542465,12.339759828515625
1789165860,2026-09-11T22:31:00.000Z,2552.709912,9721.270236994,0.2625901605209718,5105.419824,30,195870.2779542465,12.339759828515625
1789165920,2026-09-11T22:32:00.000Z,2551.502357,9724.109462117,0.2623893084441402,5103.004714,30,195962.97790133694,12.333922526513671
1789165980,2026-09-11T22:33:00.000Z,2550.50081,9726.464493895,0.2622228057893873,5101.001619999999,30,196039.92989910088,12.329081063964843
1789166040,2026-09-11T22:34:00.000Z,2550.466118,9726.546072604,0.26221703973455673,5100.932236,30,196042.5964772609,12.328913363378906
1789166100,2026-09-11T22:35:00.000Z,2548.431267,9731.331312728,0.2618789952888362,5096.862534,30,196199.13100053798,12.31907692543945
1789166160,2026-09-11T22:36:00.000Z,2546.397247,9736.115259537,0.26154140323119934,5092.794494,30,196355.85162097847,12.309244504541015
1789166220,2026-09-11T22:37:00.000Z,2546.397247,9736.115259537,0.26154140323119934,5092.794494,30,196355.85162097847,12.309244504541015
1789166280,2026-09-11T22:38:00.000Z,2546.397247,9736.115259537,0.26154140323119934,5092.794494,30,196355.85162097847,12.309244504541015
1789166340,2026-09-11T22:39:00.000Z,2546.397247,9736.115259537,0.26154140323119934,5092.794494,30,196355.85162097847,12.309244504541015
1789166400,2026-09-11T22:40:00.000Z,2546.397247,9736.115259537,0.26154140323119934,5092.794494,30,196355.85162097847,12.309244504541015
1789166460,2026-09-11T22:41:00.000Z,2556.669433,9712.106860571,0.26324560362690314,5113.338866,30,195566.93311473558,12.35890009116211
1789166520,2026-09-11T22:42:00.000Z,2556.669433,9712.106860571,0.26324560362690314,5113.338866,30,195566.93311473558,12.35890009116211
1789166580,2026-09-11T22:43:00.000Z,2556.669433,9712.106860571,0.26324560362690314,5113.338866,30,195566.93311473558,12.35890009116211
1789166640,2026-09-11T22:44:00.000Z,2556.669433,9712.106860571,0.26324560362690314,5113.338866,30,195566.93311473558,12.35890009116211
1789166700,2026-09-11T22:45:00.000Z,2561.744949,9700.250406076,0.2640905999081617,5123.489898,30,195179.46163812265,12.383435056201172
1789166760,2026-09-11T22:46:00.000Z,2561.744949,9700.250406076,0.2640905999081617,5123.489898,30,195179.46163812265,12.383435056201172
1789166820,2026-09-11T22:47:00.000Z,2561.744949,9700.250406076,0.2640905999081617,5123.489898,30,195179.46163812265,12.383435056201172
1789166880,2026-09-11T22:48:00.000Z,2561.744949,9700.250406076,0.2640905999081617,5123.489898,30,195179.46163812265,12.383435056201172
1789166940,2026-09-11T22:49:00.000Z,2561.744949,9700.250406076,0.2640905999081617,5123.489898,30,195179.46163812265,12.383435056201172
1789167000,2026-09-11T22:50:00.000Z,2561.744949,9700.250406076,0.2640905999081617,5123.489898,30,195179.46163812265,12.383435056201172
1789167060,2026-09-11T22:51:00.000Z,2561.744949,9700.250406076,0.2640905999081617,5123.489898,30,195179.46163812265,12.383435056201172
1789167120,2026-09-11T22:52:00.000Z,2561.744949,9700.250406076,0.2640905999081617,5123.489898,30,195179.46163812265,12.383435056201172
1789167180,2026-09-11T22:53:00.000Z,2561.744949,9700.250406076,0.2640905999081617,5123.489898,30,195179.46163812265,12.383435056201172
1789167240,2026-09-11T22:54:00.000Z,2561.744949,9700.250406076,0.2640905999081617,5123.489898,30,195179.46163812265,12.383435056201172
1789167300,2026-09-11T22:55:00.000Z,2561.744949,9700.250406076,0.2640905999081617,5123.489898,30,195179.46163812265,12.383435056201172
1789167360,2026-09-11T22:56:00.000Z,2561.744949,9700.250406076,0.2640905999081617,5123.489898,30,195179.46163812265,12.383435056201172
1789167420,2026-09-11T22:57:00.000Z,2561.744949,9700.250406076,0.2640905999081617,5123.489898,30,195179.46163812265,12.383435056201172
1789167480,2026-09-11T22:58:00.000Z,2561.744949,9700.250406076,0.2640905999081617,5123.489898,30,195179.46163812265,12.383435056201172
1789167540,2026-09-11T22:59:00.000Z,2576.496709,9665.813272517,0.26655767459586716,5152.993418,30,194061.95950239035,12.454744833544922
1789167600,2026-09-11T23:00:00.000Z,2576.496709,9665.813272517,0.26655767459586716,5152.993418,30,194061.95950239035,12.454744833544922
1789167660,2026-09-11T23:01:00.000Z,2594.592096,9623.617541131,0.26960673415280745,5189.184192,30,192708.51891163705,12.542217651562499
1789167720,2026-09-11T23:02:00.000Z,2644.514595,9507.515014109,0.27814992572460656,5289.02919,30,189070.6146773979,12.783542231689452
1789167780,2026-09-11T23:03:00.000Z,2652.578221,9488.80847533,0.2795480831862558,5305.156442,30,188495.8551048889,12.822521673779296
1789167840,2026-09-11T23:04:00.000Z,2652.578221,9488.80847533,0.2795480831862558,5305.156442,30,188495.8551048889,12.822521673779296
1789167900,2026-09-11T23:05:00.000Z,2718.419143,9336.556694422,0.29115863931122304,5436.838286,30,183930.42930392575,13.14079566196289
1789167960,2026-09-11T23:06:00.000Z,2718.419143,9336.556694422,0.29115863931122304,5436.838286,30,183930.42930392575,13.14079566196289
1789168020,2026-09-11T23:07:00.000Z,2712.33798,9350.667919963,0.2900689023732042,5424.67596,30,184342.80819236257,13.111399415039063
1789168080,2026-09-11T23:08:00.000Z,2709.467115,9357.332279963,0.2895555094053701,5418.93423,30,184538.13195662273,13.097521698486329
1789168140,2026-09-11T23:09:00.000Z,2708.454688,9359.682898856,0.2893746206221414,5416.909376,30,184607.11276259687,13.0926276421875
1789168200,2026-09-11T23:10:00.000Z,2708.454688,9359.682898856,0.2893746206221414,5416.909376,30,184607.11276259687,13.0926276421875
1789168260,2026-09-11T23:11:00.000Z,2708.454688,9359.682898856,0.2893746206221414,5416.909376,30,184607.11276259687,13.0926276421875
1789168320,2026-09-11T23:12:00.000Z,2708.454688,9359.682898856,0.2893746206221414,5416.909376,30,184607.11276259687,13.0926276421875
1789168380,2026-09-11T23:13:00.000Z,2708.454688,9359.682898856,0.2893746206221414,5416.909376,30,184607.11276259687,13.0926276421875
1789168440,2026-09-11T23:14:00.000Z,2719.583492,9334.010387972,0.29136280965623435,5439.166984,30,183851.6822413481,13.146424106835939
1789168500,2026-09-11T23:15:00.000Z,2719.583492,9334.010387972,0.29136280965623435,5439.166984,30,183851.6822413481,13.146424106835939
1789168560,2026-09-11T23:16:00.000Z,2718.435978,9336.672350585,0.29115683574669654,5436.871956,30,183929.29024131683,13.140877042089842
1789168620,2026-09-11T23:17:00.000Z,2718.435978,9336.672350585,0.29115683574669654,5436.871956,30,183929.29024131683,13.140877042089842
1789168680,2026-09-11T23:18:00.000Z,2721.904481,9328.675247393,0.2917782438359258,5443.808962,30,183694.91049013782,13.157643731396483
1789168740,2026-09-11T23:19:00.000Z,2722.574106,9327.131610505,0.29189832626931184,5445.148212,30,183649.730193974,13.160880688183592
1789168800,2026-09-11T23:20:00.000Z,2722.574106,9327.131610505,0.29189832626931184,5445.148212,30,183649.730193974,13.160880688183592
1789168860,2026-09-11T23:21:00.000Z,2730.691996,9308.425090875,0.29335703616252795,5461.383992,30,183103.7703015994,13.200122441601563
1789168920,2026-09-11T23:22:00.000Z,2738.72861,10543.483148338,0.25975558280583144,5477.45722,30,182566.46466332424,13.23897130810547
1789168980,2026-09-11T23:23:00.000Z,2738.311207,10544.449806835,0.2596921847193017,5476.622414,30,182594.293417724,13.236953588525392
1789169040,2026-09-11T23:24:00.000Z,2738.311207,10544.449806835,0.2596921847193017,5476.622414,30,182594.293417724,13.236953588525392
1789169100,2026-09-11T23:25:00.000Z,2738.311207,10544.449806835,0.2596921847193017,5476.622414,30,182594.293417724,13.236953588525392
1789169160,2026-09-11T23:26:00.000Z,2738.311207,10544.449806835,0.2596921847193017,5476.622414,30,182594.293417724,13.236953588525392
1789169220,2026-09-11T23:27:00.000Z,2738.311207,10544.449806835,0.2596921847193017,5476.622414,30,182594.293417724,13.236953588525392
1789169280,2026-09-11T23:28:00.000Z,2738.311207,10544.449806835,0.2596921847193017,5476.622414,30,182594.293417724,13.236953588525392
1789169340,2026-09-11T23:29:00.000Z,2738.311207,10544.449806835,0.2596921847193017,5476.622414,30,182594.293417724,13.236953588525392
1789169400,2026-09-11T23:30:00.000Z,2743.154466,10533.302697773,0.2604268143343085,5486.308932,30,182271.9085626584,13.26036582685547
1789169460,2026-09-11T23:31:00.000Z,2744.175912,10530.952358269,0.26058193206479074,5488.351824000001,30,182204.0627255531,13.265303480859377
1789169520,2026-09-11T23:32:00.000Z,2774.585472,10461.064308514,0.26522975006872235,5549.170944,30,180207.0994192822,13.412302818750002
1789169580,2026-09-11T23:33:00.000Z,2774.585472,10461.064308514,0.26522975006872235,5549.170944,30,180207.0994192822,13.412302818750002
1789169640,2026-09-11T23:34:00.000Z,2774.585472,10461.064308514,0.26522975006872235,5549.170944,30,180207.0994192822,13.412302818750002
1789169700,2026-09-11T23:35:00.000Z,2774.585472,10461.064308514,0.26522975006872235,5549.170944,30,180207.0994192822,13.412302818750002
1789169760,2026-09-11T23:36:00.000Z,2774.585472,10461.064308514,0.26522975006872235,5549.170944,30,180207.0994192822,13.412302818750002
1789169820,2026-09-11T23:37:00.000Z,2774.585472,10461.064308514,0.26522975006872235,5549.170944,30,180207.0994192822,13.412302818750002
1789169880,2026-09-11T23:38:00.000Z,2774.585472,10461.064308514,0.26522975006872235,5549.170944,30,180207.0994192822,13.412302818750002
1789169940,2026-09-11T23:39:00.000Z,2771.777784,10467.549418514,0.26479720067980234,5543.555568,30,180389.64122096452,13.398730498828124
1789170000,2026-09-11T23:40:00.000Z,2771.777784,10467.549418514,0.26479720067980234,5543.555568,30,180389.64122096452,13.398730498828124
1789170060,2026-09-11T23:41:00.000Z,2771.777784,10467.549418514,0.26479720067980234,5543.555568,30,180389.64122096452,13.398730498828124
1789170120,2026-09-11T23:42:00.000Z,2775.886649,10458.116190112,0.26542893562652914,5551.773298,30,180122.628631152,13.418592688037108
1789170180,2026-09-11T23:43:00.000Z,2775.886649,10458.116190112,0.26542893562652914,5551.773298,30,180122.628631152,13.418592688037108
1789170240,2026-09-11T23:44:00.000Z,2771.985337,10467.28175245,0.2648238007304219,5543.970674,30,180376.13450766966,13.39973380678711
1789170300,2026-09-11T23:45:00.000Z,2788.170835,10430.139277648,0.2673186580523528,5576.34167,30,179329.04028816445,13.477974251220703
1789170360,2026-09-11T23:46:00.000Z,2797.333348,10409.132308356,0.26873837944728807,5594.666696,30,178741.6577854346,13.52226569589844
1789170420,2026-09-11T23:47:00.000Z,2816.46343,10365.31719397,0.2717199461718809,5632.92686,30,177527.60240881238,13.614740213378903
1789170480,2026-09-11T23:48:00.000Z,2816.46343,10365.31719397,0.2717199461718809,5632.92686,30,177527.60240881238,13.614740213378903
1789170540,2026-09-11T23:49:00.000Z,2816.46343,10365.31719397,0.2717199461718809,5632.92686,30,177527.60240881238,13.614740213378903
1789170600,2026-09-11T23:50:00.000Z,2816.46343,10365.31719397,0.2717199461718809,5632.92686,30,177527.60240881238,13.614740213378903
1789170660,2026-09-11T23:51:00.000Z,2816.46343,10365.31719397,0.2717199461718809,5632.92686,30,177527.60240881238,13.614740213378903
1789170720,2026-09-11T23:52:00.000Z,2825.906198,10343.711885584,0.27320039742584645,5651.812396000001,30,176934.39377211768,13.660386406347657
1789170780,2026-09-11T23:53:00.000Z,2825.906198,10343.711885584,0.27320039742584645,5651.812396000001,30,176934.39377211768,13.660386406347657
1789170840,2026-09-11T23:54:00.000Z,2825.906198,10343.711885584,0.27320039742584645,5651.812396000001,30,176934.39377211768,13.660386406347657
1789170900,2026-09-11T23:55:00.000Z,2844.944212,10300.196916617,0.2762028954427402,5689.888424000001,30,175750.37074224357,13.752415868554687
1789170960,2026-09-11T23:56:00.000Z,2844.944212,10300.196916617,0.2762028954427402,5689.888424000001,30,175750.37074224357,13.752415868554687
1789171020,2026-09-11T23:57:00.000Z,2872.527527,10237.255442887,0.28059547239254207,5745.055054,30,174062.73579636958,13.88575318227539
1789171080,2026-09-11T23:58:00.000Z,2875.862716,10229.653419754,0.28113002444897667,5751.725432,30,173860.87215437164,13.901875433789064
1789171140,2026-09-11T23:59:00.000Z,2884.826587,10209.230734424,0.2825704171101546,5769.653174,30,173320.64334583172,13.945206646142578
1789171200,2026-09-12T00:00:00.000Z,2886.490649,10205.440891948,0.282838407430042,5772.981297999999,30,173220.7239864854,13.953250695849608
1789171260,2026-09-12T00:01:00.000Z,2889.958178,10197.545166247,0.28339743839188997,5779.916356,30,173012.8843407782,13.970012676855468
1789171320,2026-09-12T00:02:00.000Z,2889.958178,10197.545166247,0.28339743839188997,5779.916356,30,173012.8843407782,13.970012676855468
1789171380,2026-09-12T00:03:00.000Z,2902.758178,10168.415946269,0.2854680801157708,5805.516356,30,172249.96687271408,14.031887676855467
1789171440,2026-09-12T00:04:00.000Z,2921.152606,10126.602116356,0.2884632547458239,5842.305212,30,171165.31295660764,14.120806054394533
1789171500,2026-09-12T00:05:00.000Z,2921.152606,10126.602116356,0.2884632547458239,5842.305212,30,171165.31295660764,14.120806054394533
1789171560,2026-09-12T00:06:00.000Z,2933.709671,10098.089266385,0.2905212653215368,5867.419342,30,170432.67946468858,14.181506710400392
1789171620,2026-09-12T00:07:00.000Z,2943.233082,10076.481896597,0.29208935342740805,5886.466164,30,169881.21092340993,14.227542730371095
1789171680,2026-09-12T00:08:00.000Z,2943.233082,10076.481896597,0.29208935342740805,5886.466164,30,169881.21092340993,14.227542730371095
1789171740,2026-09-12T00:09:00.000Z,2943.233082,10076.481896597,0.29208935342740805,5886.466164,30,169881.21092340993,14.227542730371095
1789171800,2026-09-12T00:10:00.000Z,2932.280962,10101.481896597,0.2902822568031162,5864.561924,30,170515.72017811303,14.174600353417967
1789171860,2026-09-12T00:11:00.000Z,2932.270877,10101.504927474,0.2902805966094053,5864.541754,30,170516.3066352004,14.174551602685547
1789171920,2026-09-12T00:12:00.000Z,2932.260829,10101.527873844,0.290278942514482,5864.521658,30,170516.89094469705,14.174503030810547
1789171980,2026-09-12T00:13:00.000Z,2932.255974,10101.538962699,0.29027814324408047,5864.511948,30,170517.17327322255,14.174479561816407
1789172040,2026-09-12T00:14:00.000Z,2923.106621,10122.438962699,0.288774931789818,5846.213242,30,171050.89373337643,14.130251732373047
1789172100,2026-09-12T00:15:00.000Z,2913.613409,10144.138962699,0.2872213619818936,5827.226818,30,171608.21626353243,14.084361693896485
1789172160,2026-09-12T00:16:00.000Z,2897.703832,10180.538962699,0.28463167250938737,5795.407664,30,172550.41542837702,14.007455047265625
1789172220,2026-09-12T00:17:00.000Z,2897.703832,10180.538962699,0.28463167250938737,5795.407664,30,172550.41542837702,14.007455047265625
1789172280,2026-09-12T00:18:00.000Z,2897.703832,10180.538962699,0.28463167250938737,5795.407664,30,172550.41542837702,14.007455047265625
1789172340,2026-09-12T00:19:00.000Z,2897.703832,10180.538962699,0.28463167250938737,5795.407664,30,172550.41542837702,14.007455047265625
1789172400,2026-09-12T00:20:00.000Z,2920.350008,10129.048841125,0.288314337684213,5840.700016,30,171212.35421449525,14.116926308203125
1789172460,2026-09-12T00:21:00.000Z,2920.350008,10129.048841125,0.288314337684213,5840.700016,30,171212.35421449525,14.116926308203125
1789172520,2026-09-12T00:22:00.000Z,2920.350008,10129.048841125,0.288314337684213,5840.700016,30,171212.35421449525,14.116926308203125
1789172580,2026-09-12T00:23:00.000Z,2920.350008,10129.048841125,0.288314337684213,5840.700016,30,171212.35421449525,14.116926308203125
1789172640,2026-09-12T00:24:00.000Z,2920.350008,10129.048841125,0.288314337684213,5840.700016,30,171212.35421449525,14.116926308203125
1789172700,2026-09-12T00:25:00.000Z,2920.350008,10129.048841125,0.288314337684213,5840.700016,30,171212.35421449525,14.116926308203125
1789172760,2026-09-12T00:26:00.000Z,2920.350008,10129.048841125,0.288314337684213,5840.700016,30,171212.35421449525,14.116926308203125
1789172820,2026-09-12T00:27:00.000Z,2920.350008,10129.048841125,0.288314337684213,5840.700016,30,171212.35421449525,14.116926308203125
1789172880,2026-09-12T00:28:00.000Z,2920.350008,10129.048841125,0.288314337684213,5840.700016,30,171212.35421449525,14.116926308203125
1789172940,2026-09-12T00:29:00.000Z,2920.350008,10129.048841125,0.288314337684213,5840.700016,30,171212.35421449525,14.116926308203125
1789173000,2026-09-12T00:30:00.000Z,2920.350008,10129.048841125,0.288314337684213,5840.700016,30,171212.35421449525,14.116926308203125
1789173060,2026-09-12T00:31:00.000Z,2920.350008,10129.048841125,0.288314337684213,5840.700016,30,171212.35421449525,14.116926308203125
1789173120,2026-09-12T00:32:00.000Z,2920.350008,10129.048841125,0.288314337684213,5840.700016,30,171212.35421449525,14.116926308203125
1789173180,2026-09-12T00:33:00.000Z,2920.350008,10129.048841125,0.288314337684213,5840.700016,30,171212.35421449525,14.116926308203125
1789173240,2026-09-12T00:34:00.000Z,2920.350008,10129.048841125,0.288314337684213,5840.700016,30,171212.35421449525,14.116926308203125
1789173300,2026-09-12T00:35:00.000Z,2920.350008,10129.048841125,0.288314337684213,5840.700016,30,171212.35421449525,14.116926308203125
1789173360,2026-09-12T00:36:00.000Z,2920.350008,10129.048841125,0.288314337684213,5840.700016,30,171212.35421449525,14.116926308203125
1789173420,2026-09-12T00:37:00.000Z,2920.350008,10129.048841125,0.288314337684213,5840.700016,30,171212.35421449525,14.116926308203125
1789173480,2026-09-12T00:38:00.000Z,2920.350008,10129.048841125,0.288314337684213,5840.700016,30,171212.35421449525,14.116926308203125
1789173540,2026-09-12T00:39:00.000Z,2920.350008,10129.048841125,0.288314337684213,5840.700016,30,171212.35421449525,14.116926308203125
1789173600,2026-09-12T00:40:00.000Z,2920.350008,10129.048841125,0.288314337684213,5840.700016,30,171212.35421449525,14.116926308203125
1789173660,2026-09-12T00:41:00.000Z,2920.350008,10129.048841125,0.288314337684213,5840.700016,30,171212.35421449525,14.116926308203125
1789173720,2026-09-12T00:42:00.000Z,2920.350008,10129.048841125,0.288314337684213,5840.700016,30,171212.35421449525,14.116926308203125
1789173780,2026-09-12T00:43:00.000Z,2920.350008,10129.048841125,0.288314337684213,5840.700016,30,171212.35421449525,14.116926308203125
1789173840,2026-09-12T00:44:00.000Z,2920.350008,10129.048841125,0.288314337684213,5840.700016,30,171212.35421449525,14.116926308203125
1789173900,2026-09-12T00:45:00.000Z,2916.150528,10138.64831816,0.2876271507294213,5832.301056,30,171458.9131113605,14.0966260875
1789173960,2026-09-12T00:46:00.000Z,2904.651561,10164.94831816,0.2857517293827012,5809.303122000001,30,172137.68656914646,14.04104026069336
1789174020,2026-09-12T00:47:00.000Z,2904.651561,10164.94831816,0.2857517293827012,5809.303122000001,30,172137.68656914646,14.04104026069336
1789174080,2026-09-12T00:48:00.000Z,2894.908923,10187.24831816,0.2841698594741698,5789.817846,30,172717.00537018938,13.993944500830077
1789174140,2026-09-12T00:49:00.000Z,2893.807844,10189.769569073,0.2839914901297675,5787.615688,30,172782.7233023424,13.988621902148436
1789174200,2026-09-12T00:50:00.000Z,2893.807844,10189.769569073,0.2839914901297675,5787.615688,30,172782.7233023424,13.988621902148436
1789174260,2026-09-12T00:51:00.000Z,2893.807844,10189.769569073,0.2839914901297675,5787.615688,30,172782.7233023424,13.988621902148436
1789174320,2026-09-12T00:52:00.000Z,2893.259907,10191.024312038,0.28390275780054597,5786.519814,30,172815.44557759637,13.985973183251954
1789174380,2026-09-12T00:53:00.000Z,2893.010387,10191.595714451,0.2838623575793833,5786.020774,30,172830.35078159228,13.984767007470703
1789174440,2026-09-12T00:54:00.000Z,2893.010387,10191.595714451,0.2838623575793833,5786.020774,30,172830.35078159228,13.984767007470703
1789174500,2026-09-12T00:55:00.000Z,2893.010387,10191.595714451,0.2838623575793833,5786.020774,30,172830.35078159228,13.984767007470703
1789174560,2026-09-12T00:56:00.000Z,2893.010387,10191.595714451,0.2838623575793833,5786.020774,30,172830.35078159228,13.984767007470703
1789174620,2026-09-12T00:57:00.000Z,2893.010387,10191.595714451,0.2838623575793833,5786.020774,30,172830.35078159228,13.984767007470703
1789174680,2026-09-12T00:58:00.000Z,2893.010387,10191.595714451,0.2838623575793833,5786.020774,30,172830.35078159228,13.984767007470703
1789174740,2026-09-12T00:59:00.000Z,2887.177605,10204.955711695,0.2829191705056848,5774.35521,30,173179.50898971458,13.95657143041992
1789174800,2026-09-12T01:00:00.000Z,2887.177605,10204.955711695,0.2829191705056848,5774.35521,30,173179.50898971458,13.95657143041992
1789174860,2026-09-12T01:01:00.000Z,2887.177605,10204.955711695,0.2829191705056848,5774.35521,30,173179.50898971458,13.95657143041992
1789174920,2026-09-12T01:02:00.000Z,2886.088757,10207.450341695,0.28274335513649435,5772.177513999999,30,173244.84522081527,13.95130795620117
1789174980,2026-09-12T01:03:00.000Z,2885.666867,10208.416975362,0.28267525454382914,5771.333734,30,173270.17394762914,13.949268546533201
1789175040,2026-09-12T01:04:00.000Z,2885.666867,10208.416975362,0.28267525454382914,5771.333734,30,173270.17394762914,13.949268546533201
1789175100,2026-09-12T01:05:00.000Z,2885.654702,10208.444849858,0.28267329102925404,5771.309404,30,173270.90439942732,13.94920974111328
1789175160,2026-09-12T01:06:00.000Z,2885.654702,10208.444849858,0.28267329102925404,5771.309404,30,173270.90439942732,13.94920974111328
1789175220,2026-09-12T01:07:00.000Z,2885.654702,10208.444849858,0.28267329102925404,5771.309404,30,173270.90439942732,13.94920974111328
1789175280,2026-09-12T01:08:00.000Z,2885.654702,10208.444849858,0.28267329102925404,5771.309404,30,173270.90439942732,13.94920974111328
1789175340,2026-09-12T01:09:00.000Z,2885.654702,10208.444849858,0.28267329102925404,5771.309404,30,173270.90439942732,13.94920974111328
1789175400,2026-09-12T01:10:00.000Z,2885.654702,10208.444849858,0.28267329102925404,5771.309404,30,173270.90439942732,13.94920974111328
1789175460,2026-09-12T01:11:00.000Z,2885.654702,10208.444849858,0.28267329102925404,5771.309404,30,173270.90439942732,13.94920974111328
1789175520,2026-09-12T01:12:00.000Z,2885.654702,10208.444849858,0.28267329102925404,5771.309404,30,173270.90439942732,13.94920974111328
1789175580,2026-09-12T01:13:00.000Z,2885.654702,10208.444849858,0.28267329102925404,5771.309404,30,173270.90439942732,13.94920974111328
1789175640,2026-09-12T01:14:00.000Z,2885.654702,10208.444849858,0.28267329102925404,5771.309404,30,173270.90439942732,13.94920974111328
1789175700,2026-09-12T01:15:00.000Z,2885.654702,10208.444849858,0.28267329102925404,5771.309404,30,173270.90439942732,13.94920974111328
1789175760,2026-09-12T01:16:00.000Z,2885.654702,10208.444849858,0.28267329102925404,5771.309404,30,173270.90439942732,13.94920974111328
1789175820,2026-09-12T01:17:00.000Z,2896.992122,10182.634298375,0.2845032078253383,5793.984244,30,172592.80624305404,14.004014652246095
1789175880,2026-09-12T01:18:00.000Z,2896.992122,10182.634298375,0.2845032078253383,5793.984244,30,172592.80624305404,14.004014652246095
1789175940,2026-09-12T01:19:00.000Z,2896.992122,10182.634298375,0.2845032078253383,5793.984244,30,172592.80624305404,14.004014652246095
1789176000,2026-09-12T01:20:00.000Z,2924.953291,10119.067966602,0.28905362634719056,5849.906582,30,170942.90070835868,14.139178506298826
1789176060,2026-09-12T01:21:00.000Z,2924.953291,10119.067966602,0.28905362634719056,5849.906582,30,170942.90070835868,14.139178506298826
1789176120,2026-09-12T01:22:00.000Z,2922.059261,10125.680911307,0.28857903844639593,5844.118522,30,171112.20387395145,14.125188810498047
1789176180,2026-09-12T01:23:00.000Z,2922.059261,10125.680911307,0.28857903844639593,5844.118522,30,171112.20387395145,14.125188810498047
1789176240,2026-09-12T01:24:00.000Z,2922.059261,10125.680911307,0.28857903844639593,5844.118522,30,171112.20387395145,14.125188810498047
1789176300,2026-09-12T01:25:00.000Z,2922.059261,10125.680911307,0.28857903844639593,5844.118522,30,171112.20387395145,14.125188810498047
1789176360,2026-09-12T01:26:00.000Z,2922.059261,10125.680911307,0.28857903844639593,5844.118522,30,171112.20387395145,14.125188810498047
1789176420,2026-09-12T01:27:00.000Z,2921.99258,10125.833297778,0.28856811030467966,5843.98516,30,171116.10872057723,14.124866475585938
1789176480,2026-09-12T01:28:00.000Z,2901.572411,10172.533297778,0.28523597083076585,5803.144822,30,172320.3591626651,14.026155697705079
1789176540,2026-09-12T01:29:00.000Z,2901.572411,10172.533297778,0.28523597083076585,5803.144822,30,172320.3591626651,14.026155697705079
1789176600,2026-09-12T01:30:00.000Z,2901.572411,10172.533297778,0.28523597083076585,5803.144822,30,172320.3591626651,14.026155697705079
1789176660,2026-09-12T01:31:00.000Z,2891.991445,10194.468158011,0.28368242464197807,5783.98289,30,172891.24449674852,13.979841457763673
1789176720,2026-09-12T01:32:00.000Z,2891.991445,10194.468158011,0.28368242464197807,5783.98289,30,172891.24449674852,13.979841457763673
1789176780,2026-09-12T01:33:00.000Z,2863.290075,10260.268158011,0.2790658129889523,5726.58015,30,174624.2912534805,13.841099483642578
1789176840,2026-09-12T01:34:00.000Z,2863.290075,10260.268158011,0.2790658129889523,5726.58015,30,174624.2912534805,13.841099483642578
1789176900,2026-09-12T01:35:00.000Z,2863.290075,10260.268158011,0.2790658129889523,5726.58015,30,174624.2912534805,13.841099483642578
1789176960,2026-09-12T01:36:00.000Z,2863.290075,10260.268158011,0.2790658129889523,5726.58015,30,174624.2912534805,13.841099483642578
1789177020,2026-09-12T01:37:00.000Z,2863.290075,10260.268158011,0.2790658129889523,5726.58015,30,174624.2912534805,13.841099483642578
1789177080,2026-09-12T01:38:00.000Z,2863.290075,10260.268158011,0.2790658129889523,5726.58015,30,174624.2912534805,13.841099483642578
1789177140,2026-09-12T01:39:00.000Z,2863.290075,10260.268158011,0.2790658129889523,5726.58015,30,174624.2912534805,13.841099483642578
1789177200,2026-09-12T01:40:00.000Z,2861.687876,10263.945322969,0.27880973504369894,5723.375752,30,174722.0597303184,13.833354478710937
1789177260,2026-09-12T01:41:00.000Z,2861.687876,10263.945322969,0.27880973504369894,5723.375752,30,174722.0597303184,13.833354478710937
1789177320,2026-09-12T01:42:00.000Z,2861.687876,10263.945322969,0.27880973504369894,5723.375752,30,174722.0597303184,13.833354478710937
1789177380,2026-09-12T01:43:00.000Z,2861.687876,10263.945322969,0.27880973504369894,5723.375752,30,174722.0597303184,13.833354478710937
1789177440,2026-09-12T01:44:00.000Z,2861.687876,10263.945322969,0.27880973504369894,5723.375752,30,174722.0597303184,13.833354478710937
1789177500,2026-09-12T01:45:00.000Z,2861.687876,10263.945322969,0.27880973504369894,5723.375752,30,174722.0597303184,13.833354478710937
1789177560,2026-09-12T01:46:00.000Z,2871.776488,10240.936939232,0.2804212646792612,5743.552976,30,174108.25741115268,13.882122671484373
1789177620,2026-09-12T01:47:00.000Z,2871.776488,10240.936939232,0.2804212646792612,5743.552976,30,174108.25741115268,13.882122671484373
1789177680,2026-09-12T01:48:00.000Z,2871.776488,10240.936939232,0.2804212646792612,5743.552976,30,174108.25741115268,13.882122671484373
1789177740,2026-09-12T01:49:00.000Z,2871.776488,10240.936939232,0.2804212646792612,5743.552976,30,174108.25741115268,13.882122671484373
1789177800,2026-09-12T01:50:00.000Z,2871.776488,10240.936939232,0.2804212646792612,5743.552976,30,174108.25741115268,13.882122671484373
1789177860,2026-09-12T01:51:00.000Z,2871.776488,10240.936939232,0.2804212646792612,5743.552976,30,174108.25741115268,13.882122671484373
1789177920,2026-09-12T01:52:00.000Z,2881.213515,10219.429644558,0.2819348647832112,5762.427030000001,30,173537.98925242093,13.927741112548828
1789177980,2026-09-12T01:53:00.000Z,2881.213515,10219.429644558,0.2819348647832112,5762.427030000001,30,173537.98925242093,13.927741112548828
1789178040,2026-09-12T01:54:00.000Z,2881.213515,10219.429644558,0.2819348647832112,5762.427030000001,30,173537.98925242093,13.927741112548828
1789178100,2026-09-12T01:55:00.000Z,2881.213515,10219.429644558,0.2819348647832112,5762.427030000001,30,173537.98925242093,13.927741112548828
1789178160,2026-09-12T01:56:00.000Z,2881.213515,10219.429644558,0.2819348647832112,5762.427030000001,30,173537.98925242093,13.927741112548828
1789178220,2026-09-12T01:57:00.000Z,2890.656931,10197.922349234,0.2834554757339495,5781.313862,30,172971.06226543075,13.973390437939454
1789178280,2026-09-12T01:58:00.000Z,2890.656931,10197.922349234,0.2834554757339495,5781.313862,30,172971.06226543075,13.973390437939454
1789178340,2026-09-12T01:59:00.000Z,2890.656931,10197.922349234,0.2834554757339495,5781.313862,30,172971.06226543075,13.973390437939454
1789178400,2026-09-12T02:00:00.000Z,2890.656931,10197.922349234,0.2834554757339495,5781.313862,30,172971.06226543075,13.973390437939454
1789178460,2026-09-12T02:01:00.000Z,2890.656931,10197.922349234,0.2834554757339495,5781.313862,30,172971.06226543075,13.973390437939454
1789178520,2026-09-12T02:02:00.000Z,2890.656931,10197.922349234,0.2834554757339495,5781.313862,30,172971.06226543075,13.973390437939454
1789178580,2026-09-12T02:03:00.000Z,2890.656931,10197.922349234,0.2834554757339495,5781.313862,30,172971.06226543075,13.973390437939454
1789178640,2026-09-12T02:04:00.000Z,2890.656931,10197.922349234,0.2834554757339495,5781.313862,30,172971.06226543075,13.973390437939454
1789178700,2026-09-12T02:05:00.000Z,2880.595208,10220.976486631,0.2818317028483343,5761.1904159999995,30,173575.238413019,13.924752226171874
1789178760,2026-09-12T02:06:00.000Z,2880.595208,10220.976486631,0.2818317028483343,5761.1904159999995,30,173575.238413019,13.924752226171874
1789178820,2026-09-12T02:07:00.000Z,2869.73605,10245.876486631,0.2800869260667433,5739.472100000001,30,174232.05175960343,13.872259226074219
1789178880,2026-09-12T02:08:00.000Z,2869.73605,10245.876486631,0.2800869260667433,5739.472100000001,30,174232.05175960343,13.872259226074219
1789178940,2026-09-12T02:09:00.000Z,2869.73605,10245.876486631,0.2800869260667433,5739.472100000001,30,174232.05175960343,13.872259226074219
1789179000,2026-09-12T02:10:00.000Z,2869.73605,10245.876486631,0.2800869260667433,5739.472100000001,30,174232.05175960343,13.872259226074219
1789179060,2026-09-12T02:11:00.000Z,2867.563861,10250.85964231,0.2797388668911482,5735.127722,30,174364.0331084504,13.861758898388672
1789179120,2026-09-12T02:12:00.000Z,2867.563861,10250.85964231,0.2797388668911482,5735.127722,30,174364.0331084504,13.861758898388672
1789179180,2026-09-12T02:13:00.000Z,2857.106859,10274.85964231,0.27806772632055765,5714.213718,30,175002.20491403047,13.811209914111329
1789179240,2026-09-12T02:14:00.000Z,2847.528182,10296.85964231,0.2765433618517485,5695.056364,30,175590.88726869712,13.764906739160157
1789179300,2026-09-12T02:15:00.000Z,2815.574519,10370.35964231,0.27150210948449127,5631.149038,30,177583.6500245015,13.61044323149414
1789179360,2026-09-12T02:16:00.000Z,2815.574519,10370.35964231,0.27150210948449127,5631.149038,30,177583.6500245015,13.61044323149414
1789179420,2026-09-12T02:17:00.000Z,2815.574519,10370.35964231,0.27150210948449127,5631.149038,30,177583.6500245015,13.61044323149414
1789179480,2026-09-12T02:18:00.000Z,2794.187402,10419.649049832,0.268165212536122,5588.374804,30,178942.9011247113,13.507058242089844
1789179540,2026-09-12T02:19:00.000Z,2794.187402,10419.649049832,0.268165212536122,5588.374804,30,178942.9011247113,13.507058242089844
1789179600,2026-09-12T02:20:00.000Z,2794.187402,10419.649049832,0.268165212536122,5588.374804,30,178942.9011247113,13.507058242089844
1789179660,2026-09-12T02:21:00.000Z,2794.187402,10419.649049832,0.268165212536122,5588.374804,30,178942.9011247113,13.507058242089844
1789179720,2026-09-12T02:22:00.000Z,2794.187402,10419.649049832,0.268165212536122,5588.374804,30,178942.9011247113,13.507058242089844
1789179780,2026-09-12T02:23:00.000Z,2794.187402,10419.649049832,0.268165212536122,5588.374804,30,178942.9011247113,13.507058242089844
1789179840,2026-09-12T02:24:00.000Z,2794.187402,10419.649049832,0.268165212536122,5588.374804,30,178942.9011247113,13.507058242089844
1789179900,2026-09-12T02:25:00.000Z,2794.187402,10419.649049832,0.268165212536122,5588.374804,30,178942.9011247113,13.507058242089844
1789179960,2026-09-12T02:26:00.000Z,2794.187402,10419.649049832,0.268165212536122,5588.374804,30,178942.9011247113,13.507058242089844
1789180020,2026-09-12T02:27:00.000Z,2814.929586,10372.131155364,0.2713935587426741,5629.859172,30,177624.33649734635,13.60732563544922
1789180080,2026-09-12T02:28:00.000Z,2814.929586,10372.131155364,0.2713935587426741,5629.859172,30,177624.33649734635,13.60732563544922
1789180140,2026-09-12T02:29:00.000Z,2824.502937,10350.223620116,0.2728929384202372,5649.005874,30,177022.2977820894,13.653603064599611
1789180200,2026-09-12T02:30:00.000Z,2824.502937,10350.223620116,0.2728929384202372,5649.005874,30,177022.2977820894,13.653603064599611
1789180260,2026-09-12T02:31:00.000Z,2824.502937,10350.223620116,0.2728929384202372,5649.005874,30,177022.2977820894,13.653603064599611
1789180320,2026-09-12T02:32:00.000Z,2843.625627,10306.508569662,0.2759058130869294,5687.251254000001,30,175831.86592937537,13.746041849267577
1789180380,2026-09-12T02:33:00.000Z,2853.174904,10284.701090129,0.2774193317818839,5706.349808,30,175243.37512538282,13.792202905078124
1789180440,2026-09-12T02:34:00.000Z,2853.174904,10284.701090129,0.2774193317818839,5706.349808,30,175243.37512538282,13.792202905078124
1789180500,2026-09-12T02:35:00.000Z,2853.174904,10284.701090129,0.2774193317818839,5706.349808,30,175243.37512538282,13.792202905078124
1789180560,2026-09-12T02:36:00.000Z,2853.174904,10284.701090129,0.2774193317818839,5706.349808,30,175243.37512538282,13.792202905078124
1789180620,2026-09-12T02:37:00.000Z,2853.174904,10284.701090129,0.2774193317818839,5706.349808,30,175243.37512538282,13.792202905078124
1789180680,2026-09-12T02:38:00.000Z,2853.174904,10284.701090129,0.2774193317818839,5706.349808,30,175243.37512538282,13.792202905078124
1789180740,2026-09-12T02:39:00.000Z,2853.174904,10284.701090129,0.2774193317818839,5706.349808,30,175243.37512538282,13.792202905078124
1789180800,2026-09-12T02:40:00.000Z,2853.174904,10284.701090129,0.2774193317818839,5706.349808,30,175243.37512538282,13.792202905078124
1789180860,2026-09-12T02:41:00.000Z,2853.174904,10284.701090129,0.2774193317818839,5706.349808,30,175243.37512538282,13.792202905078124
1789180920,2026-09-12T02:42:00.000Z,2853.174904,10284.701090129,0.2774193317818839,5706.349808,30,175243.37512538282,13.792202905078124
1789180980,2026-09-12T02:43:00.000Z,2853.174904,10284.701090129,0.2774193317818839,5706.349808,30,175243.37512538282,13.792202905078124
1789181040,2026-09-12T02:44:00.000Z,2853.174904,10284.701090129,0.2774193317818839,5706.349808,30,175243.37512538282,13.792202905078124
1789181100,2026-09-12T02:45:00.000Z,2853.174904,10284.701090129,0.2774193317818839,5706.349808,30,175243.37512538282,13.792202905078124
1789181160,2026-09-12T02:46:00.000Z,2853.174904,10284.701090129,0.2774193317818839,5706.349808,30,175243.37512538282,13.792202905078124
1789181220,2026-09-12T02:47:00.000Z,2853.174904,10284.701090129,0.2774193317818839,5706.349808,30,175243.37512538282,13.792202905078124
1789181280,2026-09-12T02:48:00.000Z,2853.174904,10284.701090129,0.2774193317818839,5706.349808,30,175243.37512538282,13.792202905078124
1789181340,2026-09-12T02:49:00.000Z,2853.174904,10284.701090129,0.2774193317818839,5706.349808,30,175243.37512538282,13.792202905078124
1789181400,2026-09-12T02:50:00.000Z,2853.174904,10284.701090129,0.2774193317818839,5706.349808,30,175243.37512538282,13.792202905078124
1789181460,2026-09-12T02:51:00.000Z,2853.174904,10284.701090129,0.2774193317818839,5706.349808,30,175243.37512538282,13.792202905078124
1789181520,2026-09-12T02:52:00.000Z,2853.174904,10284.701090129,0.2774193317818839,5706.349808,30,175243.37512538282,13.792202905078124
1789181580,2026-09-12T02:53:00.000Z,2853.174904,10284.701090129,0.2774193317818839,5706.349808,30,175243.37512538282,13.792202905078124
1789181640,2026-09-12T02:54:00.000Z,2853.174904,10284.701090129,0.2774193317818839,5706.349808,30,175243.37512538282,13.792202905078124
1789181700,2026-09-12T02:55:00.000Z,2853.174904,10284.701090129,0.2774193317818839,5706.349808,30,175243.37512538282,13.792202905078124
1789181760,2026-09-12T02:56:00.000Z,2853.174904,10284.701090129,0.2774193317818839,5706.349808,30,175243.37512538282,13.792202905078124
1789181820,2026-09-12T02:57:00.000Z,2853.174904,10284.701090129,0.2774193317818839,5706.349808,30,175243.37512538282,13.792202905078124
1789181880,2026-09-12T02:58:00.000Z,2853.174904,10284.701090129,0.2774193317818839,5706.349808,30,175243.37512538282,13.792202905078124
1789181940,2026-09-12T02:59:00.000Z,2853.174904,10284.701090129,0.2774193317818839,5706.349808,30,175243.37512538282,13.792202905078124
1789182000,2026-09-12T03:00:00.000Z,2853.174904,10284.701090129,0.2774193317818839,5706.349808,30,175243.37512538282,13.792202905078124
1789182060,2026-09-12T03:01:00.000Z,2853.174904,10284.701090129,0.2774193317818839,5706.349808,30,175243.37512538282,13.792202905078124
1789182120,2026-09-12T03:02:00.000Z,2848.641264,10295.114999726,0.2766983432507374,5697.282528,30,175522.2766442381,13.770287360156251
1789182180,2026-09-12T03:03:00.000Z,2848.641264,10295.114999726,0.2766983432507374,5697.282528,30,175522.2766442381,13.770287360156251
1789182240,2026-09-12T03:04:00.000Z,2848.641264,10295.114999726,0.2766983432507374,5697.282528,30,175522.2766442381,13.770287360156251
1789182300,2026-09-12T03:05:00.000Z,2848.641264,10295.114999726,0.2766983432507374,5697.282528,30,175522.2766442381,13.770287360156251
1789182360,2026-09-12T03:06:00.000Z,2848.641264,10295.114999726,0.2766983432507374,5697.282528,30,175522.2766442381,13.770287360156251
1789182420,2026-09-12T03:07:00.000Z,2848.641264,10295.114999726,0.2766983432507374,5697.282528,30,175522.2766442381,13.770287360156251
1789182480,2026-09-12T03:08:00.000Z,2848.641264,10295.114999726,0.2766983432507374,5697.282528,30,175522.2766442381,13.770287360156251
1789182540,2026-09-12T03:09:00.000Z,2848.641264,10295.114999726,0.2766983432507374,5697.282528,30,175522.2766442381,13.770287360156251
1789182600,2026-09-12T03:10:00.000Z,2848.641264,10295.114999726,0.2766983432507374,5697.282528,30,175522.2766442381,13.770287360156251
1789182660,2026-09-12T03:11:00.000Z,2848.641264,10295.114999726,0.2766983432507374,5697.282528,30,175522.2766442381,13.770287360156251
1789182720,2026-09-12T03:12:00.000Z,2848.641264,10295.114999726,0.2766983432507374,5697.282528,30,175522.2766442381,13.770287360156251
1789182780,2026-09-12T03:13:00.000Z,2848.641264,10295.114999726,0.2766983432507374,5697.282528,30,175522.2766442381,13.770287360156251
1789182840,2026-09-12T03:14:00.000Z,2848.641264,10295.114999726,0.2766983432507374,5697.282528,30,175522.2766442381,13.770287360156251
1789182900,2026-09-12T03:15:00.000Z,2848.641264,10295.114999726,0.2766983432507374,5697.282528,30,175522.2766442381,13.770287360156251
1789182960,2026-09-12T03:16:00.000Z,2848.641264,10295.114999726,0.2766983432507374,5697.282528,30,175522.2766442381,13.770287360156251
1789183020,2026-09-12T03:17:00.000Z,2848.641264,10295.114999726,0.2766983432507374,5697.282528,30,175522.2766442381,13.770287360156251
1789183080,2026-09-12T03:18:00.000Z,2848.641264,10295.114999726,0.2766983432507374,5697.282528,30,175522.2766442381,13.770287360156251
1789183140,2026-09-12T03:19:00.000Z,2848.641264,10295.114999726,0.2766983432507374,5697.282528,30,175522.2766442381,13.770287360156251
1789183200,2026-09-12T03:20:00.000Z,2848.641264,10295.114999726,0.2766983432507374,5697.282528,30,175522.2766442381,13.770287360156251
1789183260,2026-09-12T03:21:00.000Z,2848.641264,10295.114999726,0.2766983432507374,5697.282528,30,175522.2766442381,13.770287360156251
1789183320,2026-09-12T03:22:00.000Z,2848.641264,10295.114999726,0.2766983432507374,5697.282528,30,175522.2766442381,13.770287360156251
1789183380,2026-09-12T03:23:00.000Z,2848.641264,10295.114999726,0.2766983432507374,5697.282528,30,175522.2766442381,13.770287360156251
1789183440,2026-09-12T03:24:00.000Z,2848.641264,10295.114999726,0.2766983432507374,5697.282528,30,175522.2766442381,13.770287360156251
1789183500,2026-09-12T03:25:00.000Z,2848.641264,10295.114999726,0.2766983432507374,5697.282528,30,175522.2766442381,13.770287360156251
1789183560,2026-09-12T03:26:00.000Z,2848.641264,10295.114999726,0.2766983432507374,5697.282528,30,175522.2766442381,13.770287360156251
1789183620,2026-09-12T03:27:00.000Z,2848.641264,10295.114999726,0.2766983432507374,5697.282528,30,175522.2766442381,13.770287360156251
1789183680,2026-09-12T03:28:00.000Z,2821.199947,10358.221157781,0.2723633627846168,5642.399894,30,177229.55103968745,13.637636462548826
1789183740,2026-09-12T03:29:00.000Z,2821.199947,10358.221157781,0.2723633627846168,5642.399894,30,177229.55103968745,13.637636462548826
1789183800,2026-09-12T03:30:00.000Z,2821.199947,10358.221157781,0.2723633627846168,5642.399894,30,177229.55103968745,13.637636462548826
1789183860,2026-09-12T03:31:00.000Z,2821.199947,10358.221157781,0.2723633627846168,5642.399894,30,177229.55103968745,13.637636462548826
1789183920,2026-09-12T03:32:00.000Z,2821.199947,10358.221157781,0.2723633627846168,5642.399894,30,177229.55103968745,13.637636462548826
1789183980,2026-09-12T03:33:00.000Z,2821.199947,10358.221157781,0.2723633627846168,5642.399894,30,177229.55103968745,13.637636462548826
1789184040,2026-09-12T03:34:00.000Z,2821.199947,10358.221157781,0.2723633627846168,5642.399894,30,177229.55103968745,13.637636462548826
1789184100,2026-09-12T03:35:00.000Z,2819.782437,10361.484364363,0.27214078001201075,5639.564874,30,177318.64467244357,13.630784241357421
1789184160,2026-09-12T03:36:00.000Z,2819.782437,10361.484364363,0.27214078001201075,5639.564874,30,177318.64467244357,13.630784241357421
1789184220,2026-09-12T03:37:00.000Z,2819.782437,10361.484364363,0.27214078001201075,5639.564874,30,177318.64467244357,13.630784241357421
1789184280,2026-09-12T03:38:00.000Z,2819.782437,10361.484364363,0.27214078001201075,5639.564874,30,177318.64467244357,13.630784241357421
1789184340,2026-09-12T03:39:00.000Z,2819.782437,10361.484364363,0.27214078001201075,5639.564874,30,177318.64467244357,13.630784241357421
1789184400,2026-09-12T03:40:00.000Z,2819.782437,10361.484364363,0.27214078001201075,5639.564874,30,177318.64467244357,13.630784241357421
1789184460,2026-09-12T03:41:00.000Z,2819.782437,10361.484364363,0.27214078001201075,5639.564874,30,177318.64467244357,13.630784241357421
1789184520,2026-09-12T03:42:00.000Z,2819.782437,10361.484364363,0.27214078001201075,5639.564874,30,177318.64467244357,13.630784241357421
1789184580,2026-09-12T03:43:00.000Z,2806.624249,10391.791324363,0.2700808899443563,5613.248498,30,178149.96082149222,13.567177766162107
1789184640,2026-09-12T03:44:00.000Z,2806.624249,10391.791324363,0.2700808899443563,5613.248498,30,178149.96082149222,13.567177766162107
1789184700,2026-09-12T03:45:00.000Z,2806.624249,10391.791324363,0.2700808899443563,5613.248498,30,178149.96082149222,13.567177766162107
1789184760,2026-09-12T03:46:00.000Z,2806.624249,10391.791324363,0.2700808899443563,5613.248498,30,178149.96082149222,13.567177766162107
1789184820,2026-09-12T03:47:00.000Z,2806.624249,10391.791324363,0.2700808899443563,5613.248498,30,178149.96082149222,13.567177766162107
1789184880,2026-09-12T03:48:00.000Z,2803.153019,10399.791324363,0.26953935243231397,5606.306038,30,178370.56935920348,13.550397894580076
1789184940,2026-09-12T03:49:00.000Z,2803.153019,10399.791324363,0.26953935243231397,5606.306038,30,178370.56935920348,13.550397894580076
1789185000,2026-09-12T03:50:00.000Z,2803.153019,10399.791324363,0.26953935243231397,5606.306038,30,178370.56935920348,13.550397894580076
1789185060,2026-09-12T03:51:00.000Z,2803.153019,10399.791324363,0.26953935243231397,5606.306038,30,178370.56935920348,13.550397894580076
1789185120,2026-09-12T03:52:00.000Z,2803.153019,10399.791324363,0.26953935243231397,5606.306038,30,178370.56935920348,13.550397894580076
1789185180,2026-09-12T03:53:00.000Z,2803.153019,10399.791324363,0.26953935243231397,5606.306038,30,178370.56935920348,13.550397894580076
1789185240,2026-09-12T03:54:00.000Z,2803.153019,10399.791324363,0.26953935243231397,5606.306038,30,178370.56935920348,13.550397894580076
1789185300,2026-09-12T03:55:00.000Z,2803.153019,10399.791324363,0.26953935243231397,5606.306038,30,178370.56935920348,13.550397894580076
1789185360,2026-09-12T03:56:00.000Z,2803.153019,10399.791324363,0.26953935243231397,5606.306038,30,178370.56935920348,13.550397894580076
1789185420,2026-09-12T03:57:00.000Z,2803.153019,10399.791324363,0.26953935243231397,5606.306038,30,178370.56935920348,13.550397894580076
1789185480,2026-09-12T03:58:00.000Z,2803.153019,10399.791324363,0.26953935243231397,5606.306038,30,178370.56935920348,13.550397894580076
1789185540,2026-09-12T03:59:00.000Z,2803.153019,10399.791324363,0.26953935243231397,5606.306038,30,178370.56935920348,13.550397894580076
1789185600,2026-09-12T04:00:00.000Z,2803.153019,10399.791324363,0.26953935243231397,5606.306038,30,178370.56935920348,13.550397894580076
1789185660,2026-09-12T04:01:00.000Z,2803.153019,10399.791324363,0.26953935243231397,5606.306038,30,178370.56935920348,13.550397894580076
1789185720,2026-09-12T04:02:00.000Z,2803.153019,10399.791324363,0.26953935243231397,5606.306038,30,178370.56935920348,13.550397894580076
1789185780,2026-09-12T04:03:00.000Z,2803.153019,10399.791324363,0.26953935243231397,5606.306038,30,178370.56935920348,13.550397894580076
1789185840,2026-09-12T04:04:00.000Z,2803.153019,10399.791324363,0.26953935243231397,5606.306038,30,178370.56935920348,13.550397894580076
1789185900,2026-09-12T04:05:00.000Z,2803.153019,10399.791324363,0.26953935243231397,5606.306038,30,178370.56935920348,13.550397894580076
1789185960,2026-09-12T04:06:00.000Z,2803.153019,10399.791324363,0.26953935243231397,5606.306038,30,178370.56935920348,13.550397894580076
1789186020,2026-09-12T04:07:00.000Z,2803.153019,10399.791324363,0.26953935243231397,5606.306038,30,178370.56935920348,13.550397894580076
1789186080,2026-09-12T04:08:00.000Z,2792.432507,10424.51109295,0.26787179581865433,5584.865013999999,30,179055.3572007963,13.498575107080079
1789186140,2026-09-12T04:09:00.000Z,2792.432507,10424.51109295,0.26787179581865433,5584.865013999999,30,179055.3572007963,13.498575107080079
1789186200,2026-09-12T04:10:00.000Z,2792.432507,10424.51109295,0.26787179581865433,5584.865013999999,30,179055.3572007963,13.498575107080079
1789186260,2026-09-12T04:11:00.000Z,2792.432507,10424.51109295,0.26787179581865433,5584.865013999999,30,179055.3572007963,13.498575107080079
1789186320,2026-09-12T04:12:00.000Z,2792.432507,10424.51109295,0.26787179581865433,5584.865013999999,30,179055.3572007963,13.498575107080079
1789186380,2026-09-12T04:13:00.000Z,2792.432507,10424.51109295,0.26787179581865433,5584.865013999999,30,179055.3572007963,13.498575107080079
1789186440,2026-09-12T04:14:00.000Z,2792.432507,10424.51109295,0.26787179581865433,5584.865013999999,30,179055.3572007963,13.498575107080079
1789186500,2026-09-12T04:15:00.000Z,2792.432507,10424.51109295,0.26787179581865433,5584.865013999999,30,179055.3572007963,13.498575107080079
1789186560,2026-09-12T04:16:00.000Z,2792.432507,10424.51109295,0.26787179581865433,5584.865013999999,30,179055.3572007963,13.498575107080079
1789186620,2026-09-12T04:17:00.000Z,2792.432507,10424.51109295,0.26787179581865433,5584.865013999999,30,179055.3572007963,13.498575107080079
1789186680,2026-09-12T04:18:00.000Z,2783.764935,10444.51109295,0.2665289844805689,5567.52987,30,179612.8666302063,13.456676199462892
1789186740,2026-09-12T04:19:00.000Z,2783.588844,10444.917544069,0.26650175382003105,5567.177688,30,179624.2290156269,13.455824978320312
1789186800,2026-09-12T04:20:00.000Z,2783.588844,10444.917544069,0.26650175382003105,5567.177688,30,179624.2290156269,13.455824978320312
1789186860,2026-09-12T04:21:00.000Z,2783.588844,10444.917544069,0.26650175382003105,5567.177688,30,179624.2290156269,13.455824978320312
1789186920,2026-09-12T04:22:00.000Z,2783.588844,10444.917544069,0.26650175382003105,5567.177688,30,179624.2290156269,13.455824978320312
1789186980,2026-09-12T04:23:00.000Z,2774.190776,10466.617544069,0.2650513180900566,5548.381552,30,180232.7382549123,13.410394864453123
1789187040,2026-09-12T04:24:00.000Z,2746.532751,10530.565254484,0.2608153204150655,5493.065502,30,182047.71081573752,13.276696403759768
1789187100,2026-09-12T04:25:00.000Z,2746.532751,10530.565254484,0.2608153204150655,5493.065502,30,182047.71081573752,13.276696403759768
1789187160,2026-09-12T04:26:00.000Z,2746.532751,10530.565254484,0.2608153204150655,5493.065502,30,182047.71081573752,13.276696403759768
1789187220,2026-09-12T04:27:00.000Z,2746.532751,10530.565254484,0.2608153204150655,5493.065502,30,182047.71081573752,13.276696403759768
1789187280,2026-09-12T04:28:00.000Z,2746.532751,10530.565254484,0.2608153204150655,5493.065502,30,182047.71081573752,13.276696403759768
1789187340,2026-09-12T04:29:00.000Z,2746.532751,10530.565254484,0.2608153204150655,5493.065502,30,182047.71081573752,13.276696403759768
1789187400,2026-09-12T04:30:00.000Z,2746.532751,10530.565254484,0.2608153204150655,5493.065502,30,182047.71081573752,13.276696403759768
1789187460,2026-09-12T04:31:00.000Z,2746.532751,10530.565254484,0.2608153204150655,5493.065502,30,182047.71081573752,13.276696403759768
1789187520,2026-09-12T04:32:00.000Z,2746.583662,10530.448127237,0.260823056038419,5493.167324,30,182044.33635781237,13.27694250673828
1789187580,2026-09-12T04:33:00.000Z,2746.583662,10530.448127237,0.260823056038419,5493.167324,30,182044.33635781237,13.27694250673828
1789187640,2026-09-12T04:34:00.000Z,2746.583662,10530.448127237,0.260823056038419,5493.167324,30,182044.33635781237,13.27694250673828
1789187700,2026-09-12T04:35:00.000Z,2746.583662,10530.448127237,0.260823056038419,5493.167324,30,182044.33635781237,13.27694250673828
1789187760,2026-09-12T04:36:00.000Z,2746.583662,10530.448127237,0.260823056038419,5493.167324,30,182044.33635781237,13.27694250673828
1789187820,2026-09-12T04:37:00.000Z,2746.583662,10530.448127237,0.260823056038419,5493.167324,30,182044.33635781237,13.27694250673828
1789187880,2026-09-12T04:38:00.000Z,2746.583662,10530.448127237,0.260823056038419,5493.167324,30,182044.33635781237,13.27694250673828
1789187940,2026-09-12T04:39:00.000Z,2746.583662,10530.448127237,0.260823056038419,5493.167324,30,182044.33635781237,13.27694250673828
1789188000,2026-09-12T04:40:00.000Z,2746.583662,10530.448127237,0.260823056038419,5493.167324,30,182044.33635781237,13.27694250673828
1789188060,2026-09-12T04:41:00.000Z,2746.583662,10530.448127237,0.260823056038419,5493.167324,30,182044.33635781237,13.27694250673828
1789188120,2026-09-12T04:42:00.000Z,2746.583662,10530.448127237,0.260823056038419,5493.167324,30,182044.33635781237,13.27694250673828
1789188180,2026-09-12T04:43:00.000Z,2789.673127,10431.47364852,0.2674284785636011,5579.346254,30,179232.468191604,13.48523630727539
1789188240,2026-09-12T04:44:00.000Z,2789.673127,10431.47364852,0.2674284785636011,5579.346254,30,179232.468191604,13.48523630727539
1789188300,2026-09-12T04:45:00.000Z,2789.673127,10431.47364852,0.2674284785636011,5579.346254,30,179232.468191604,13.48523630727539
1789188360,2026-09-12T04:46:00.000Z,2789.673127,10431.47364852,0.2674284785636011,5579.346254,30,179232.468191604,13.48523630727539
1789188420,2026-09-12T04:47:00.000Z,2768.412608,10480.563792248,0.2641472980726161,5536.825216000001,30,180608.91593801032,13.382463290625001
1789188480,2026-09-12T04:48:00.000Z,2768.412608,10480.563792248,0.2641472980726161,5536.825216000001,30,180608.91593801032,13.382463290625001
1789188540,2026-09-12T04:49:00.000Z,2768.412608,10480.563792248,0.2641472980726161,5536.825216000001,30,180608.91593801032,13.382463290625001
1789188600,2026-09-12T04:50:00.000Z,2768.412608,10480.563792248,0.2641472980726161,5536.825216000001,30,180608.91593801032,13.382463290625001
1789188660,2026-09-12T04:51:00.000Z,2768.412608,10480.563792248,0.2641472980726161,5536.825216000001,30,180608.91593801032,13.382463290625001
1789188720,2026-09-12T04:52:00.000Z,2768.412608,10480.563792248,0.2641472980726161,5536.825216000001,30,180608.91593801032,13.382463290625001
1789188780,2026-09-12T04:53:00.000Z,2768.412608,10480.563792248,0.2641472980726161,5536.825216000001,30,180608.91593801032,13.382463290625001
1789188840,2026-09-12T04:54:00.000Z,2768.412608,10480.563792248,0.2641472980726161,5536.825216000001,30,180608.91593801032,13.382463290625001
1789188900,2026-09-12T04:55:00.000Z,2768.394343,10480.606073229,0.2641444897038361,5536.788686,30,180610.10753914836,13.38237499790039
1789188960,2026-09-12T04:56:00.000Z,2768.394343,10480.606073229,0.2641444897038361,5536.788686,30,180610.10753914836,13.38237499790039
1789189020,2026-09-12T04:57:00.000Z,2768.394343,10480.606073229,0.2641444897038361,5536.788686,30,180610.10753914836,13.38237499790039
1789189080,2026-09-12T04:58:00.000Z,2768.394343,10480.606073229,0.2641444897038361,5536.788686,30,180610.10753914836,13.38237499790039
1789189140,2026-09-12T04:59:00.000Z,2768.394343,10480.606073229,0.2641444897038361,5536.788686,30,180610.10753914836,13.38237499790039
1789189200,2026-09-12T05:00:00.000Z,2768.394343,10480.606073229,0.2641444897038361,5536.788686,30,180610.10753914836,13.38237499790039
1789189260,2026-09-12T05:01:00.000Z,2768.403907,10480.584106272,0.2641459558864927,5536.807814,30,180609.4835857346,13.382421230126953
1789189320,2026-09-12T05:02:00.000Z,2768.403907,10480.584106272,0.2641459558864927,5536.807814,30,180609.4835857346,13.382421230126953
1789189380,2026-09-12T05:03:00.000Z,2768.403907,10480.584106272,0.2641459558864927,5536.807814,30,180609.4835857346,13.382421230126953
1789189440,2026-09-12T05:04:00.000Z,2768.403907,10480.584106272,0.2641459558864927,5536.807814,30,180609.4835857346,13.382421230126953
1789189500,2026-09-12T05:05:00.000Z,2768.403907,10480.584106272,0.2641459558864927,5536.807814,30,180609.4835857346,13.382421230126953
1789189560,2026-09-12T05:06:00.000Z,2768.413466,10480.562150849,0.26414742130752394,5536.826932,30,180608.8599628275,13.382467438183593
1789189620,2026-09-12T05:07:00.000Z,2768.429697,10480.524872742,0.264149909533653,5536.859393999999,30,180607.8010728694,13.382545898583984
1789189680,2026-09-12T05:08:00.000Z,2768.429697,10480.524872742,0.264149909533653,5536.859393999999,30,180607.8010728694,13.382545898583984
1789189740,2026-09-12T05:09:00.000Z,2768.429697,10480.524872742,0.264149909533653,5536.859393999999,30,180607.8010728694,13.382545898583984
1789189800,2026-09-12T05:10:00.000Z,2768.429697,10480.524872742,0.264149909533653,5536.859393999999,30,180607.8010728694,13.382545898583984
1789189860,2026-09-12T05:11:00.000Z,2768.429697,10480.524872742,0.264149909533653,5536.859393999999,30,180607.8010728694,13.382545898583984
1789189920,2026-09-12T05:12:00.000Z,2768.429697,10480.524872742,0.264149909533653,5536.859393999999,30,180607.8010728694,13.382545898583984
1789189980,2026-09-12T05:13:00.000Z,2768.429697,10480.524872742,0.264149909533653,5536.859393999999,30,180607.8010728694,13.382545898583984
1789190040,2026-09-12T05:14:00.000Z,2768.429697,10480.524872742,0.264149909533653,5536.859393999999,30,180607.8010728694,13.382545898583984
1789190100,2026-09-12T05:15:00.000Z,2768.429697,10480.524872742,0.264149909533653,5536.859393999999,30,180607.8010728694,13.382545898583984
1789190160,2026-09-12T05:16:00.000Z,2768.429697,10480.524872742,0.264149909533653,5536.859393999999,30,180607.8010728694,13.382545898583984
1789190220,2026-09-12T05:17:00.000Z,2768.439797,10480.501675603,0.2641514578872215,5536.879594,30,180607.14216788148,13.38259472182617
1789190280,2026-09-12T05:18:00.000Z,2768.439797,10480.501675603,0.2641514578872215,5536.879594,30,180607.14216788148,13.38259472182617
1789190340,2026-09-12T05:19:00.000Z,2768.439797,10480.501675603,0.2641514578872215,5536.879594,30,180607.14216788148,13.38259472182617
1789190400,2026-09-12T05:20:00.000Z,2768.439797,10480.501675603,0.2641514578872215,5536.879594,30,180607.14216788148,13.38259472182617
1789190460,2026-09-12T05:21:00.000Z,2768.449884,10480.47850843,0.26415300425197097,5536.899768,30,180606.4841157876,13.382643482226563
1789190520,2026-09-12T05:22:00.000Z,2768.490771,10480.384598154,0.26415927250299936,5536.9815419999995,30,180603.81679343514,13.382841129345705
1789190580,2026-09-12T05:23:00.000Z,2768.497351,10480.369485175,0.26416028126834423,5536.994702,30,180603.38754501482,13.38287293696289
1789190640,2026-09-12T05:24:00.000Z,2768.503918,10480.354402153,0.26416128804110484,5537.007835999999,30,180602.95914668817,13.382904681738282
1789190700,2026-09-12T05:25:00.000Z,2768.503918,10480.354402153,0.26416128804110484,5537.007835999999,30,180602.95914668817,13.382904681738282
1789190760,2026-09-12T05:26:00.000Z,2768.503918,10480.354402153,0.26416128804110484,5537.007835999999,30,180602.95914668817,13.382904681738282
1789190820,2026-09-12T05:27:00.000Z,2768.503918,10480.354402153,0.26416128804110484,5537.007835999999,30,180602.95914668817,13.382904681738282
1789190880,2026-09-12T05:28:00.000Z,2768.503918,10480.354402153,0.26416128804110484,5537.007835999999,30,180602.95914668817,13.382904681738282
1789190940,2026-09-12T05:29:00.000Z,2768.503918,10480.354402153,0.26416128804110484,5537.007835999999,30,180602.95914668817,13.382904681738282
1789191000,2026-09-12T05:30:00.000Z,2768.503918,10480.354402153,0.26416128804110484,5537.007835999999,30,180602.95914668817,13.382904681738282
1789191060,2026-09-12T05:31:00.000Z,2768.503918,10480.354402153,0.26416128804110484,5537.007835999999,30,180602.95914668817,13.382904681738282
1789191120,2026-09-12T05:32:00.000Z,2768.511254,10480.337554424,0.26416241267260954,5537.022508,30,180602.4805850401,13.382940143847657
1789191180,2026-09-12T05:33:00.000Z,2768.519363,10480.318930471,0.2641636558359564,5537.038726,30,180601.9515999318,13.382979342626953
1789191240,2026-09-12T05:34:00.000Z,2786.696737,10438.594763572,0.2669609080644506,5573.393474,30,179423.9011950298,13.470848484521486
1789191300,2026-09-12T05:35:00.000Z,2805.810653,10394.779672799,0.2699249759321238,5611.621305999999,30,178201.61865355924,13.563244855810547
1789191360,2026-09-12T05:36:00.000Z,2805.82066,10394.756751632,0.2699265338324997,5611.64132,30,178200.98309490675,13.563293229492187
1789191420,2026-09-12T05:37:00.000Z,2828.067463,10343.835890991,0.2734060645203309,5656.134926,30,176799.17701454065,13.67083392758789
1789191480,2026-09-12T05:38:00.000Z,2828.067463,10343.835890991,0.2734060645203309,5656.134926,30,176799.17701454065,13.67083392758789
1789191540,2026-09-12T05:39:00.000Z,2828.067463,10343.835890991,0.2734060645203309,5656.134926,30,176799.17701454065,13.67083392758789
1789191600,2026-09-12T05:40:00.000Z,2828.067463,10343.835890991,0.2734060645203309,5656.134926,30,176799.17701454065,13.67083392758789
1789191660,2026-09-12T05:41:00.000Z,2828.067463,10343.835890991,0.2734060645203309,5656.134926,30,176799.17701454065,13.67083392758789
1789191720,2026-09-12T05:42:00.000Z,2828.067463,10343.835890991,0.2734060645203309,5656.134926,30,176799.17701454065,13.67083392758789
1789191780,2026-09-12T05:43:00.000Z,2828.067463,10343.835890991,0.2734060645203309,5656.134926,30,176799.17701454065,13.67083392758789
1789191840,2026-09-12T05:44:00.000Z,2828.067463,10343.835890991,0.2734060645203309,5656.134926,30,176799.17701454065,13.67083392758789
1789191900,2026-09-12T05:45:00.000Z,2828.067463,10343.835890991,0.2734060645203309,5656.134926,30,176799.17701454065,13.67083392758789
1789191960,2026-09-12T05:46:00.000Z,2828.067463,10343.835890991,0.2734060645203309,5656.134926,30,176799.17701454065,13.67083392758789
1789192020,2026-09-12T05:47:00.000Z,2828.074006,10343.820927493,0.2734070925844452,5656.148012,30,176798.7679739665,13.670865556347657
1789192080,2026-09-12T05:48:00.000Z,2828.074006,10343.820927493,0.2734070925844452,5656.148012,30,176798.7679739665,13.670865556347657
1789192140,2026-09-12T05:49:00.000Z,2829.253145,10341.124261127,0.27359241350917307,5658.50629,30,176725.08410342332,13.676565495849612
1789192200,2026-09-12T05:50:00.000Z,2829.253145,10341.124261127,0.27359241350917307,5658.50629,30,176725.08410342332,13.676565495849612
1789192260,2026-09-12T05:51:00.000Z,2829.253145,10341.124261127,0.27359241350917307,5658.50629,30,176725.08410342332,13.676565495849612
1789192320,2026-09-12T05:52:00.000Z,2829.253145,10341.124261127,0.27359241350917307,5658.50629,30,176725.08410342332,13.676565495849612
1789192380,2026-09-12T05:53:00.000Z,2829.253145,10341.124261127,0.27359241350917307,5658.50629,30,176725.08410342332,13.676565495849612
1789192440,2026-09-12T05:54:00.000Z,2829.253145,10341.124261127,0.27359241350917307,5658.50629,30,176725.08410342332,13.676565495849612
1789192500,2026-09-12T05:55:00.000Z,2829.253145,10341.124261127,0.27359241350917307,5658.50629,30,176725.08410342332,13.676565495849612
1789192560,2026-09-12T05:56:00.000Z,2829.253145,10341.124261127,0.27359241350917307,5658.50629,30,176725.08410342332,13.676565495849612
1789192620,2026-09-12T05:57:00.000Z,2829.253145,10341.124261127,0.27359241350917307,5658.50629,30,176725.08410342332,13.676565495849612
1789192680,2026-09-12T05:58:00.000Z,2829.253145,10341.124261127,0.27359241350917307,5658.50629,30,176725.08410342332,13.676565495849612
1789192740,2026-09-12T05:59:00.000Z,2829.253145,10341.124261127,0.27359241350917307,5658.50629,30,176725.08410342332,13.676565495849612
1789192800,2026-09-12T06:00:00.000Z,2829.253145,10341.124261127,0.27359241350917307,5658.50629,30,176725.08410342332,13.676565495849612
1789192860,2026-09-12T06:01:00.000Z,2829.253145,10341.124261127,0.27359241350917307,5658.50629,30,176725.08410342332,13.676565495849612
1789192920,2026-09-12T06:02:00.000Z,2829.253145,10341.124261127,0.27359241350917307,5658.50629,30,176725.08410342332,13.676565495849612
1789192980,2026-09-12T06:03:00.000Z,2827.721042,10344.649316071,0.2733510779922694,5655.442084,30,176820.83648759016,13.669159333886721
1789193040,2026-09-12T06:04:00.000Z,2818.988157,10364.749316071,0.27197842138150263,5637.976314,30,177368.60609308336,13.626944704248046
1789193100,2026-09-12T06:05:00.000Z,2809.436072,10386.749316071,0.2704827070056531,5618.872144,30,177971.6595024911,13.580770074609374
1789193160,2026-09-12T06:06:00.000Z,2809.436072,10386.749316071,0.2704827070056531,5618.872144,30,177971.6595024911,13.580770074609374
1789193220,2026-09-12T06:07:00.000Z,2809.436072,10386.749316071,0.2704827070056531,5618.872144,30,177971.6595024911,13.580770074609374
1789193280,2026-09-12T06:08:00.000Z,2809.23414,10387.214562941,0.2704511515553601,5618.46828,30,177984.4523746248,13.579793938476563
1789193340,2026-09-12T06:09:00.000Z,2800.865432,10406.501787844,0.2691457215018918,5601.730864,30,178516.25225813413,13.539339734765624
1789193400,2026-09-12T06:10:00.000Z,2800.865432,10406.501787844,0.2691457215018918,5601.730864,30,178516.25225813413,13.539339734765624
1789193460,2026-09-12T06:11:00.000Z,2800.865432,10406.501787844,0.2691457215018918,5601.730864,30,178516.25225813413,13.539339734765624
1789193520,2026-09-12T06:12:00.000Z,2800.865432,10406.501787844,0.2691457215018918,5601.730864,30,178516.25225813413,13.539339734765624
1789193580,2026-09-12T06:13:00.000Z,2799.091542,10410.591539293,0.26886959606812993,5598.183084,30,178629.38474771753,13.530764778222657
1789193640,2026-09-12T06:14:00.000Z,2799.091542,10410.591539293,0.26886959606812993,5598.183084,30,178629.38474771753,13.530764778222657
1789193700,2026-09-12T06:15:00.000Z,2799.091542,10410.591539293,0.26886959606812993,5598.183084,30,178629.38474771753,13.530764778222657
1789193760,2026-09-12T06:16:00.000Z,2799.091542,10410.591539293,0.26886959606812993,5598.183084,30,178629.38474771753,13.530764778222657
1789193820,2026-09-12T06:17:00.000Z,2799.111836,10410.545030875,0.26887274659478,5598.223672,30,178628.08965665064,13.530862879101562
1789193880,2026-09-12T06:18:00.000Z,2799.132063,10410.498676542,0.2688758867341572,5598.264126,30,178626.79885997222,13.530960656103513
1789193940,2026-09-12T06:19:00.000Z,2808.825305,10388.290920001,0.27038377406162684,5617.65061,30,178010.35867554604,13.57781763647461
1789194000,2026-09-12T06:20:00.000Z,2808.835448,10388.267691239,0.2703853550451772,5617.670896,30,178009.71586143266,13.577866667578125
1789194060,2026-09-12T06:21:00.000Z,2818.37062,10366.437191969,0.2718745667203217,5636.74124,30,177407.4695683565,13.623959540039063
1789194120,2026-09-12T06:22:00.000Z,2818.402975,10366.363146031,0.27187962984675973,5636.80595,30,177405.43294735914,13.624115943603517
1789194180,2026-09-12T06:23:00.000Z,2837.452086,10322.795615201,0.27487244655136484,5674.904172,30,176214.42929979402,13.716199048535156
1789194240,2026-09-12T06:24:00.000Z,2846.996811,10300.988122433,0.27638094298933774,5693.993622,30,175623.6600154028,13.762338100048828
1789194300,2026-09-12T06:25:00.000Z,2846.996811,10300.988122433,0.27638094298933774,5693.993622,30,175623.6600154028,13.762338100048828
1789194360,2026-09-12T06:26:00.000Z,2859.713537,10271.956544675,0.27840008128563204,5719.427074,30,174842.68739886727,13.823810554833985
1789194420,2026-09-12T06:27:00.000Z,2859.727794,10271.924012123,0.27840235097387095,5719.455588,30,174841.81573122132,13.82387947294922
1789194480,2026-09-12T06:28:00.000Z,2859.727794,10271.924012123,0.27840235097387095,5719.455588,30,174841.81573122132,13.82387947294922
1789194540,2026-09-12T06:29:00.000Z,2859.727794,10271.924012123,0.27840235097387095,5719.455588,30,174841.81573122132,13.82387947294922
1789194600,2026-09-12T06:30:00.000Z,2859.727794,10271.924012123,0.27840235097387095,5719.455588,30,174841.81573122132,13.82387947294922
1789194660,2026-09-12T06:31:00.000Z,2859.727794,10271.924012123,0.27840235097387095,5719.455588,30,174841.81573122132,13.82387947294922
1789194720,2026-09-12T06:32:00.000Z,2859.727794,10271.924012123,0.27840235097387095,5719.455588,30,174841.81573122132,13.82387947294922
1789194780,2026-09-12T06:33:00.000Z,2859.727794,10271.924012123,0.27840235097387095,5719.455588,30,174841.81573122132,13.82387947294922
1789194840,2026-09-12T06:34:00.000Z,2859.727794,10271.924012123,0.27840235097387095,5719.455588,30,174841.81573122132,13.82387947294922
1789194900,2026-09-12T06:35:00.000Z,2853.048079,10287.26201549,0.2773379422730786,5706.096158,30,175251.16512416123,13.791589835009765
1789194960,2026-09-12T06:36:00.000Z,2853.048079,10287.26201549,0.2773379422730786,5706.096158,30,175251.16512416123,13.791589835009765
1789195020,2026-09-12T06:37:00.000Z,2853.048079,10287.26201549,0.2773379422730786,5706.096158,30,175251.16512416123,13.791589835009765
1789195080,2026-09-12T06:38:00.000Z,2853.048079,10287.26201549,0.2773379422730786,5706.096158,30,175251.16512416123,13.791589835009765
1789195140,2026-09-12T06:39:00.000Z,2853.048079,10287.26201549,0.2773379422730786,5706.096158,30,175251.16512416123,13.791589835009765
1789195200,2026-09-12T06:40:00.000Z,2853.048079,10287.26201549,0.2773379422730786,5706.096158,30,175251.16512416123,13.791589835009765
1789195260,2026-09-12T06:41:00.000Z,2845.811343,10303.887377395,0.27618812577893975,5691.622686,30,175696.81884566165,13.756607566259765
1789195320,2026-09-12T06:42:00.000Z,2845.811343,10303.887377395,0.27618812577893975,5691.622686,30,175696.81884566165,13.756607566259765
1789195380,2026-09-12T06:43:00.000Z,2845.811343,10303.887377395,0.27618812577893975,5691.622686,30,175696.81884566165,13.756607566259765
1789195440,2026-09-12T06:44:00.000Z,2845.811343,10303.887377395,0.27618812577893975,5691.622686,30,175696.81884566165,13.756607566259765
1789195500,2026-09-12T06:45:00.000Z,2845.811343,10303.887377395,0.27618812577893975,5691.622686,30,175696.81884566165,13.756607566259765
1789195560,2026-09-12T06:46:00.000Z,2845.779312,10303.960985469,0.2761830441723543,5691.558624,30,175698.796421639,13.75645272890625
1789195620,2026-09-12T06:47:00.000Z,2845.779312,10303.960985469,0.2761830441723543,5691.558624,30,175698.796421639,13.75645272890625
1789195680,2026-09-12T06:48:00.000Z,2845.779312,10303.960985469,0.2761830441723543,5691.558624,30,175698.796421639,13.75645272890625
1789195740,2026-09-12T06:49:00.000Z,2846.586104,10302.118171523,0.2763107602345799,5693.172208,30,175648.9990931256,13.760352748828124
1789195800,2026-09-12T06:50:00.000Z,2846.586104,10302.118171523,0.2763107602345799,5693.172208,30,175648.9990931256,13.760352748828124
1789195860,2026-09-12T06:51:00.000Z,2845.619333,10304.339723735,0.27615736760361315,5691.238666,30,175708.6741018427,13.755679392919923
1789195920,2026-09-12T06:52:00.000Z,2843.494071,10309.223923734,0.2758203810525135,5686.988142,30,175840.00089866898,13.745405909619143
1789195980,2026-09-12T06:53:00.000Z,2834.620931,10329.623923734,0.2744166633682563,5669.241862,30,176390.42826922523,13.702513289501953
1789196040,2026-09-12T06:54:00.000Z,2834.620931,10329.623923734,0.2744166633682563,5669.241862,30,176390.42826922523,13.702513289501953
1789196100,2026-09-12T06:55:00.000Z,2834.620931,10329.623923734,0.2744166633682563,5669.241862,30,176390.42826922523,13.702513289501953
1789196160,2026-09-12T06:56:00.000Z,2834.620931,10329.623923734,0.2744166633682563,5669.241862,30,176390.42826922523,13.702513289501953
1789196220,2026-09-12T06:57:00.000Z,2831.989279,10335.676791681,0.27400133886533845,5663.978558,30,176554.34069176784,13.689791924853516
1789196280,2026-09-12T06:58:00.000Z,2831.989279,10335.676791681,0.27400133886533845,5663.978558,30,176554.34069176784,13.689791924853516
1789196340,2026-09-12T06:59:00.000Z,2831.989279,10335.676791681,0.27400133886533845,5663.978558,30,176554.34069176784,13.689791924853516
1789196400,2026-09-12T07:00:00.000Z,2831.989279,10335.676791681,0.27400133886533845,5663.978558,30,176554.34069176784,13.689791924853516
1789196460,2026-09-12T07:01:00.000Z,2830.873221,10338.244100747,0.2738253414615594,5661.746442,30,176623.9463819493,13.684396917919921
1789196520,2026-09-12T07:02:00.000Z,2830.873221,10338.244100747,0.2738253414615594,5661.746442,30,176623.9463819493,13.684396917919921
1789196580,2026-09-12T07:03:00.000Z,2830.158282,10339.888809594,0.27371264180075133,5660.316564,30,176668.56415064636,13.680940913964843
1789196640,2026-09-12T07:04:00.000Z,2830.158282,10339.888809594,0.27371264180075133,5660.316564,30,176668.56415064636,13.680940913964843
1789196700,2026-09-12T07:05:00.000Z,2830.158282,10339.888809594,0.27371264180075133,5660.316564,30,176668.56415064636,13.680940913964843
1789196760,2026-09-12T07:06:00.000Z,2830.158282,10339.888809594,0.27371264180075133,5660.316564,30,176668.56415064636,13.680940913964843
1789196820,2026-09-12T07:07:00.000Z,2830.158282,10339.888809594,0.27371264180075133,5660.316564,30,176668.56415064636,13.680940913964843
1789196880,2026-09-12T07:08:00.000Z,2830.158282,10339.888809594,0.27371264180075133,5660.316564,30,176668.56415064636,13.680940913964843
1789196940,2026-09-12T07:09:00.000Z,2826.849234,10347.502340137,0.2731914563609147,5653.698468,30,176875.36851496625,13.664945027636715
1789197000,2026-09-12T07:10:00.000Z,2826.849234,10347.502340137,0.2731914563609147,5653.698468,30,176875.36851496625,13.664945027636715
1789197060,2026-09-12T07:11:00.000Z,2826.849234,10347.502340137,0.2731914563609147,5653.698468,30,176875.36851496625,13.664945027636715
1789197120,2026-09-12T07:12:00.000Z,2826.849234,10347.502340137,0.2731914563609147,5653.698468,30,176875.36851496625,13.664945027636715
1789197180,2026-09-12T07:13:00.000Z,2826.849234,10347.502340137,0.2731914563609147,5653.698468,30,176875.36851496625,13.664945027636715
1789197240,2026-09-12T07:14:00.000Z,2826.849234,10347.502340137,0.2731914563609147,5653.698468,30,176875.36851496625,13.664945027636715
1789197300,2026-09-12T07:15:00.000Z,2826.849234,10347.502340137,0.2731914563609147,5653.698468,30,176875.36851496625,13.664945027636715
1789197360,2026-09-12T07:16:00.000Z,2826.849234,10347.502340137,0.2731914563609147,5653.698468,30,176875.36851496625,13.664945027636715
1789197420,2026-09-12T07:17:00.000Z,2826.849234,10347.502340137,0.2731914563609147,5653.698468,30,176875.36851496625,13.664945027636715
1789197480,2026-09-12T07:18:00.000Z,2826.849234,10347.502340137,0.2731914563609147,5653.698468,30,176875.36851496625,13.664945027636715
1789197540,2026-09-12T07:19:00.000Z,2826.849234,10347.502340137,0.2731914563609147,5653.698468,30,176875.36851496625,13.664945027636715
1789197600,2026-09-12T07:20:00.000Z,2826.849234,10347.502340137,0.2731914563609147,5653.698468,30,176875.36851496625,13.664945027636715
1789197660,2026-09-12T07:21:00.000Z,2826.849234,10347.502340137,0.2731914563609147,5653.698468,30,176875.36851496625,13.664945027636715
1789197720,2026-09-12T07:22:00.000Z,2826.849234,10347.502340137,0.2731914563609147,5653.698468,30,176875.36851496625,13.664945027636715
1789197780,2026-09-12T07:23:00.000Z,2826.849234,10347.502340137,0.2731914563609147,5653.698468,30,176875.36851496625,13.664945027636715
1789197840,2026-09-12T07:24:00.000Z,2826.849234,10347.502340137,0.2731914563609147,5653.698468,30,176875.36851496625,13.664945027636715
1789197900,2026-09-12T07:25:00.000Z,2826.849234,10347.502340137,0.2731914563609147,5653.698468,30,176875.36851496625,13.664945027636715
1789197960,2026-09-12T07:26:00.000Z,2826.849234,10347.502340137,0.2731914563609147,5653.698468,30,176875.36851496625,13.664945027636715
1789198020,2026-09-12T07:27:00.000Z,2826.849234,10347.502340137,0.2731914563609147,5653.698468,30,176875.36851496625,13.664945027636715
1789198080,2026-09-12T07:28:00.000Z,2826.849234,10347.502340137,0.2731914563609147,5653.698468,30,176875.36851496625,13.664945027636715
1789198140,2026-09-12T07:29:00.000Z,2826.849234,10347.502340137,0.2731914563609147,5653.698468,30,176875.36851496625,13.664945027636715
1789198200,2026-09-12T07:30:00.000Z,2826.849234,10347.502340137,0.2731914563609147,5653.698468,30,176875.36851496625,13.664945027636715
1789198260,2026-09-12T07:31:00.000Z,2826.849234,10347.502340137,0.2731914563609147,5653.698468,30,176875.36851496625,13.664945027636715
1789198320,2026-09-12T07:32:00.000Z,2826.849234,10347.502340137,0.2731914563609147,5653.698468,30,176875.36851496625,13.664945027636715
1789198380,2026-09-12T07:33:00.000Z,2826.849234,10347.502340137,0.2731914563609147,5653.698468,30,176875.36851496625,13.664945027636715
1789198440,2026-09-12T07:34:00.000Z,2826.849234,10347.502340137,0.2731914563609147,5653.698468,30,176875.36851496625,13.664945027636715
1789198500,2026-09-12T07:35:00.000Z,2826.849234,10347.502340137,0.2731914563609147,5653.698468,30,176875.36851496625,13.664945027636715
1789198560,2026-09-12T07:36:00.000Z,2826.849234,10347.502340137,0.2731914563609147,5653.698468,30,176875.36851496625,13.664945027636715
1789198620,2026-09-12T07:37:00.000Z,2826.849234,10347.502340137,0.2731914563609147,5653.698468,30,176875.36851496625,13.664945027636715
1789198680,2026-09-12T07:38:00.000Z,2826.849234,10347.502340137,0.2731914563609147,5653.698468,30,176875.36851496625,13.664945027636715
1789198740,2026-09-12T07:39:00.000Z,2826.849234,10347.502340137,0.2731914563609147,5653.698468,30,176875.36851496625,13.664945027636715
1789198800,2026-09-12T07:40:00.000Z,2826.849234,10347.502340137,0.2731914563609147,5653.698468,30,176875.36851496625,13.664945027636715
1789198860,2026-09-12T07:41:00.000Z,2826.849234,10347.502340137,0.2731914563609147,5653.698468,30,176875.36851496625,13.664945027636715
1789198920,2026-09-12T07:42:00.000Z,2826.849234,10347.502340137,0.2731914563609147,5653.698468,30,176875.36851496625,13.664945027636715
1789198980,2026-09-12T07:43:00.000Z,2826.849234,10347.502340137,0.2731914563609147,5653.698468,30,176875.36851496625,13.664945027636715
1789199040,2026-09-12T07:44:00.000Z,2826.849234,10347.502340137,0.2731914563609147,5653.698468,30,176875.36851496625,13.664945027636715
1789199100,2026-09-12T07:45:00.000Z,2826.849234,10347.502340137,0.2731914563609147,5653.698468,30,176875.36851496625,13.664945027636715
1789199160,2026-09-12T07:46:00.000Z,2826.849234,10347.502340137,0.2731914563609147,5653.698468,30,176875.36851496625,13.664945027636715
1789199220,2026-09-12T07:47:00.000Z,2825.11217,10351.499741394,0.2729181510484733,5650.22434,30,176984.12307642994,13.656548087402342
1789199280,2026-09-12T07:48:00.000Z,2825.11217,10351.499741394,0.2729181510484733,5650.22434,30,176984.12307642994,13.656548087402342
1789199340,2026-09-12T07:49:00.000Z,2825.11217,10351.499741394,0.2729181510484733,5650.22434,30,176984.12307642994,13.656548087402342
1789199400,2026-09-12T07:50:00.000Z,2825.11217,10351.499741394,0.2729181510484733,5650.22434,30,176984.12307642994,13.656548087402342
1789199460,2026-09-12T07:51:00.000Z,2825.11217,10351.499741394,0.2729181510484733,5650.22434,30,176984.12307642994,13.656548087402342
1789199520,2026-09-12T07:52:00.000Z,2825.11217,10351.499741394,0.2729181510484733,5650.22434,30,176984.12307642994,13.656548087402342
1789199580,2026-09-12T07:53:00.000Z,2825.11217,10351.499741394,0.2729181510484733,5650.22434,30,176984.12307642994,13.656548087402342
1789199640,2026-09-12T07:54:00.000Z,2825.11217,10351.499741394,0.2729181510484733,5650.22434,30,176984.12307642994,13.656548087402342
1789199700,2026-09-12T07:55:00.000Z,2825.11217,10351.499741394,0.2729181510484733,5650.22434,30,176984.12307642994,13.656548087402342
1789199760,2026-09-12T07:56:00.000Z,2825.11217,10351.499741394,0.2729181510484733,5650.22434,30,176984.12307642994,13.656548087402342
1789199820,2026-09-12T07:57:00.000Z,2825.11217,10351.499741394,0.2729181510484733,5650.22434,30,176984.12307642994,13.656548087402342
1789199880,2026-09-12T07:58:00.000Z,2825.11217,10351.499741394,0.2729181510484733,5650.22434,30,176984.12307642994,13.656548087402342
1789199940,2026-09-12T07:59:00.000Z,2825.11217,10351.499741394,0.2729181510484733,5650.22434,30,176984.12307642994,13.656548087402342
1789200000,2026-09-12T08:00:00.000Z,2825.11217,10351.499741394,0.2729181510484733,5650.22434,30,176984.12307642994,13.656548087402342
1789200060,2026-09-12T08:01:00.000Z,2825.11217,10351.499741394,0.2729181510484733,5650.22434,30,176984.12307642994,13.656548087402342
1789200120,2026-09-12T08:02:00.000Z,2825.11217,10351.499741394,0.2729181510484733,5650.22434,30,176984.12307642994,13.656548087402342
1789200180,2026-09-12T08:03:00.000Z,2825.11217,10351.499741394,0.2729181510484733,5650.22434,30,176984.12307642994,13.656548087402342
1789200240,2026-09-12T08:04:00.000Z,2825.11217,10351.499741394,0.2729181510484733,5650.22434,30,176984.12307642994,13.656548087402342
1789200300,2026-09-12T08:05:00.000Z,2808.392889,10390.000416464,0.27029766856888854,5616.785778,30,178037.76742150838,13.57572734428711
1789200360,2026-09-12T08:06:00.000Z,2808.392889,10390.000416464,0.27029766856888854,5616.785778,30,178037.76742150838,13.57572734428711
1789200420,2026-09-12T08:07:00.000Z,2808.392889,10390.000416464,0.27029766856888854,5616.785778,30,178037.76742150838,13.57572734428711
1789200480,2026-09-12T08:08:00.000Z,2817.235889,10369.753245955,0.27167819929552695,5634.471778,30,177478.92604672123,13.618474268115234
1789200540,2026-09-12T08:09:00.000Z,2817.235889,10369.753245955,0.27167819929552695,5634.471778,30,177478.92604672123,13.618474268115234
1789200600,2026-09-12T08:10:00.000Z,2830.661716,10339.037695798,0.2737838664763201,5661.323432,30,176637.1435957203,13.683374506054689
1789200660,2026-09-12T08:11:00.000Z,2840.201682,10317.230195442,0.27528722614474177,5680.403364,30,176043.8363123256,13.729490552636719
1789200720,2026-09-12T08:12:00.000Z,2840.201682,10317.230195442,0.27528722614474177,5680.403364,30,176043.8363123256,13.729490552636719
1789200780,2026-09-12T08:13:00.000Z,2840.201682,10317.230195442,0.27528722614474177,5680.403364,30,176043.8363123256,13.729490552636719
1789200840,2026-09-12T08:14:00.000Z,2840.201682,10317.230195442,0.27528722614474177,5680.403364,30,176043.8363123256,13.729490552636719
1789200900,2026-09-12T08:15:00.000Z,2839.66658,10318.460365625,0.27520254760682006,5679.33316,30,176077.00971710557,13.726903877929688
1789200960,2026-09-12T08:16:00.000Z,2839.66658,10318.460365625,0.27520254760682006,5679.33316,30,176077.00971710557,13.726903877929688
1789201020,2026-09-12T08:17:00.000Z,2839.66658,10318.460365625,0.27520254760682006,5679.33316,30,176077.00971710557,13.726903877929688
1789201080,2026-09-12T08:18:00.000Z,2839.66658,10318.460365625,0.27520254760682006,5679.33316,30,176077.00971710557,13.726903877929688
1789201140,2026-09-12T08:19:00.000Z,2839.66658,10318.460365625,0.27520254760682006,5679.33316,30,176077.00971710557,13.726903877929688
1789201200,2026-09-12T08:20:00.000Z,2839.39934,10317.87329526,0.2751923055019886,5678.79868,30,176093.58182072412,13.725612043945313
1789201260,2026-09-12T08:21:00.000Z,2839.442331,10318.46413159,0.2751807143765748,5678.884662,30,176090.91564959133,13.725819861767578
1789201320,2026-09-12T08:22:00.000Z,2839.442331,10318.46413159,0.2751807143765748,5678.884662,30,176090.91564959133,13.725819861767578
1789201380,2026-09-12T08:23:00.000Z,2839.442331,10318.46413159,0.2751807143765748,5678.884662,30,176090.91564959133,13.725819861767578
1789201440,2026-09-12T08:24:00.000Z,2810.31094,10385.643086683,0.27059575575089073,5620.62188,30,177916.25577203924,13.58499917285156
1789201500,2026-09-12T08:25:00.000Z,2810.31094,10385.643086683,0.27059575575089073,5620.62188,30,177916.25577203924,13.58499917285156
1789201560,2026-09-12T08:26:00.000Z,2810.31094,10385.643086683,0.27059575575089073,5620.62188,30,177916.25577203924,13.58499917285156
1789201620,2026-09-12T08:27:00.000Z,2810.31094,10385.643086683,0.27059575575089073,5620.62188,30,177916.25577203924,13.58499917285156
1789201680,2026-09-12T08:28:00.000Z,2810.31094,10385.643086683,0.27059575575089073,5620.62188,30,177916.25577203924,13.58499917285156
1789201740,2026-09-12T08:29:00.000Z,2810.31094,10385.643086683,0.27059575575089073,5620.62188,30,177916.25577203924,13.58499917285156
1789201800,2026-09-12T08:30:00.000Z,2810.31094,10385.643086683,0.27059575575089073,5620.62188,30,177916.25577203924,13.58499917285156
1789201860,2026-09-12T08:31:00.000Z,2810.31094,10385.643086683,0.27059575575089073,5620.62188,30,177916.25577203924,13.58499917285156
1789201920,2026-09-12T08:32:00.000Z,2810.31094,10385.643086683,0.27059575575089073,5620.62188,30,177916.25577203924,13.58499917285156
1789201980,2026-09-12T08:33:00.000Z,2810.31094,10385.643086683,0.27059575575089073,5620.62188,30,177916.25577203924,13.58499917285156
1789202040,2026-09-12T08:34:00.000Z,2810.31094,10385.643086683,0.27059575575089073,5620.62188,30,177916.25577203924,13.58499917285156
1789202100,2026-09-12T08:35:00.000Z,2810.31094,10385.643086683,0.27059575575089073,5620.62188,30,177916.25577203924,13.58499917285156
1789202160,2026-09-12T08:36:00.000Z,2810.31094,10385.643086683,0.27059575575089073,5620.62188,30,177916.25577203924,13.58499917285156
1789202220,2026-09-12T08:37:00.000Z,2810.31094,10385.643086683,0.27059575575089073,5620.62188,30,177916.25577203924,13.58499917285156
1789202280,2026-09-12T08:38:00.000Z,2810.31094,10385.643086683,0.27059575575089073,5620.62188,30,177916.25577203924,13.58499917285156
1789202340,2026-09-12T08:39:00.000Z,2810.31094,10385.643086683,0.27059575575089073,5620.62188,30,177916.25577203924,13.58499917285156
1789202400,2026-09-12T08:40:00.000Z,2810.31094,10385.643086683,0.27059575575089073,5620.62188,30,177916.25577203924,13.58499917285156
1789202460,2026-09-12T08:41:00.000Z,2810.753871,10384.628781884,0.2706648383910809,5621.507742,30,177888.21894323739,13.587140294384765
1789202520,2026-09-12T08:42:00.000Z,2811.190307,10383.629383233,0.27073292037361996,5622.380614,30,177860.6018792025,13.589250019189452
1789202580,2026-09-12T08:43:00.000Z,2811.190307,10383.629383233,0.27073292037361996,5622.380614,30,177860.6018792025,13.589250019189452
1789202640,2026-09-12T08:44:00.000Z,2811.190307,10383.629383233,0.27073292037361996,5622.380614,30,177860.6018792025,13.589250019189452
1789202700,2026-09-12T08:45:00.000Z,2811.202281,10383.601964442,0.2707347884314891,5622.404562,30,177859.844301969,13.589307901318358
1789202760,2026-09-12T08:46:00.000Z,2824.318393,10353.581863616,0.27278659986502524,5648.636786,30,177033.8646093291,13.652710981787108
1789202820,2026-09-12T08:47:00.000Z,2824.318393,10353.581863616,0.27278659986502524,5648.636786,30,177033.8646093291,13.652710981787108
1789202880,2026-09-12T08:48:00.000Z,2824.318393,10353.581863616,0.27278659986502524,5648.636786,30,177033.8646093291,13.652710981787108
1789202940,2026-09-12T08:49:00.000Z,2824.318393,10353.581863616,0.27278659986502524,5648.636786,30,177033.8646093291,13.652710981787108
1789203000,2026-09-12T08:50:00.000Z,2824.318393,10353.581863616,0.27278659986502524,5648.636786,30,177033.8646093291,13.652710981787108
1789203060,2026-09-12T08:51:00.000Z,2824.318393,10353.581863616,0.27278659986502524,5648.636786,30,177033.8646093291,13.652710981787108
1789203120,2026-09-12T08:52:00.000Z,2824.318393,10353.581863616,0.27278659986502524,5648.636786,30,177033.8646093291,13.652710981787108
1789203180,2026-09-12T08:53:00.000Z,2824.318393,10353.581863616,0.27278659986502524,5648.636786,30,177033.8646093291,13.652710981787108
1789203240,2026-09-12T08:54:00.000Z,2824.318393,10353.581863616,0.27278659986502524,5648.636786,30,177033.8646093291,13.652710981787108
1789203300,2026-09-12T08:55:00.000Z,2824.318393,10353.581863616,0.27278659986502524,5648.636786,30,177033.8646093291,13.652710981787108
1789203360,2026-09-12T08:56:00.000Z,2824.318393,10353.581863616,0.27278659986502524,5648.636786,30,177033.8646093291,13.652710981787108
1789203420,2026-09-12T08:57:00.000Z,2824.318393,10353.581863616,0.27278659986502524,5648.636786,30,177033.8646093291,13.652710981787108
1789203480,2026-09-12T08:58:00.000Z,2824.318393,10353.581863616,0.27278659986502524,5648.636786,30,177033.8646093291,13.652710981787108
1789203540,2026-09-12T08:59:00.000Z,2824.318393,10353.581863616,0.27278659986502524,5648.636786,30,177033.8646093291,13.652710981787108
1789203600,2026-09-12T09:00:00.000Z,2824.318393,10353.581863616,0.27278659986502524,5648.636786,30,177033.8646093291,13.652710981787108
1789203660,2026-09-12T09:01:00.000Z,2824.318393,10353.581863616,0.27278659986502524,5648.636786,30,177033.8646093291,13.652710981787108
1789203720,2026-09-12T09:02:00.000Z,2824.318393,10353.581863616,0.27278659986502524,5648.636786,30,177033.8646093291,13.652710981787108
1789203780,2026-09-12T09:03:00.000Z,2824.318393,10353.581863616,0.27278659986502524,5648.636786,30,177033.8646093291,13.652710981787108
1789203840,2026-09-12T09:04:00.000Z,2824.318393,10353.581863616,0.27278659986502524,5648.636786,30,177033.8646093291,13.652710981787108
1789203900,2026-09-12T09:05:00.000Z,2824.318393,10353.581863616,0.27278659986502524,5648.636786,30,177033.8646093291,13.652710981787108
1789203960,2026-09-12T09:06:00.000Z,2824.318393,10353.581863616,0.27278659986502524,5648.636786,30,177033.8646093291,13.652710981787108
1789204020,2026-09-12T09:07:00.000Z,2824.318393,10353.581863616,0.27278659986502524,5648.636786,30,177033.8646093291,13.652710981787108
1789204080,2026-09-12T09:08:00.000Z,2824.318393,10353.581863616,0.27278659986502524,5648.636786,30,177033.8646093291,13.652710981787108
1789204140,2026-09-12T09:09:00.000Z,2824.318393,10353.581863616,0.27278659986502524,5648.636786,30,177033.8646093291,13.652710981787108
1789204200,2026-09-12T09:10:00.000Z,2824.318393,10353.581863616,0.27278659986502524,5648.636786,30,177033.8646093291,13.652710981787108
1789204260,2026-09-12T09:11:00.000Z,2824.318393,10353.581863616,0.27278659986502524,5648.636786,30,177033.8646093291,13.652710981787108
1789204320,2026-09-12T09:12:00.000Z,2824.318393,10353.581863616,0.27278659986502524,5648.636786,30,177033.8646093291,13.652710981787108
1789204380,2026-09-12T09:13:00.000Z,2824.318393,10353.581863616,0.27278659986502524,5648.636786,30,177033.8646093291,13.652710981787108
1789204440,2026-09-12T09:14:00.000Z,2824.318393,10353.581863616,0.27278659986502524,5648.636786,30,177033.8646093291,13.652710981787108
1789204500,2026-09-12T09:15:00.000Z,2824.318393,10353.581863616,0.27278659986502524,5648.636786,30,177033.8646093291,13.652710981787108
1789204560,2026-09-12T09:16:00.000Z,2824.318393,10353.581863616,0.27278659986502524,5648.636786,30,177033.8646093291,13.652710981787108
1789204620,2026-09-12T09:17:00.000Z,2824.318393,10353.581863616,0.27278659986502524,5648.636786,30,177033.8646093291,13.652710981787108
1789204680,2026-09-12T09:18:00.000Z,2824.318393,10353.581863616,0.27278659986502524,5648.636786,30,177033.8646093291,13.652710981787108
1789204740,2026-09-12T09:19:00.000Z,2824.318393,10353.581863616,0.27278659986502524,5648.636786,30,177033.8646093291,13.652710981787108
1789204800,2026-09-12T09:20:00.000Z,2824.318393,10353.581863616,0.27278659986502524,5648.636786,30,177033.8646093291,13.652710981787108
1789204860,2026-09-12T09:21:00.000Z,2824.318393,10353.581863616,0.27278659986502524,5648.636786,30,177033.8646093291,13.652710981787108
1789204920,2026-09-12T09:22:00.000Z,2824.318393,10353.581863616,0.27278659986502524,5648.636786,30,177033.8646093291,13.652710981787108
1789204980,2026-09-12T09:23:00.000Z,2824.318393,10353.581863616,0.27278659986502524,5648.636786,30,177033.8646093291,13.652710981787108
1789205040,2026-09-12T09:24:00.000Z,2824.318393,10353.581863616,0.27278659986502524,5648.636786,30,177033.8646093291,13.652710981787108
1789205100,2026-09-12T09:25:00.000Z,2824.318393,10353.581863616,0.27278659986502524,5648.636786,30,177033.8646093291,13.652710981787108
1789205160,2026-09-12T09:26:00.000Z,2824.318393,10353.581863616,0.27278659986502524,5648.636786,30,177033.8646093291,13.652710981787108
1789205220,2026-09-12T09:27:00.000Z,2824.318393,10353.581863616,0.27278659986502524,5648.636786,30,177033.8646093291,13.652710981787108
1789205280,2026-09-12T09:28:00.000Z,2824.318393,10353.581863616,0.27278659986502524,5648.636786,30,177033.8646093291,13.652710981787108
1789205340,2026-09-12T09:29:00.000Z,2824.318393,10353.581863616,0.27278659986502524,5648.636786,30,177033.8646093291,13.652710981787108
1789205400,2026-09-12T09:30:00.000Z,2824.318393,10353.581863616,0.27278659986502524,5648.636786,30,177033.8646093291,13.652710981787108
1789205460,2026-09-12T09:31:00.000Z,2824.318393,10353.581863616,0.27278659986502524,5648.636786,30,177033.8646093291,13.652710981787108
1789205520,2026-09-12T09:32:00.000Z,2824.318393,10353.581863616,0.27278659986502524,5648.636786,30,177033.8646093291,13.652710981787108
1789205580,2026-09-12T09:33:00.000Z,2824.318393,10353.581863616,0.27278659986502524,5648.636786,30,177033.8646093291,13.652710981787108
1789205640,2026-09-12T09:34:00.000Z,2824.318393,10353.581863616,0.27278659986502524,5648.636786,30,177033.8646093291,13.652710981787108
1789205700,2026-09-12T09:35:00.000Z,2824.318393,10353.581863616,0.27278659986502524,5648.636786,30,177033.8646093291,13.652710981787108
1789205760,2026-09-12T09:36:00.000Z,2824.318393,10353.581863616,0.27278659986502524,5648.636786,30,177033.8646093291,13.652710981787108
1789205820,2026-09-12T09:37:00.000Z,2824.318393,10353.581863616,0.27278659986502524,5648.636786,30,177033.8646093291,13.652710981787108
1789205880,2026-09-12T09:38:00.000Z,2824.318393,10353.581863616,0.27278659986502524,5648.636786,30,177033.8646093291,13.652710981787108
1789205940,2026-09-12T09:39:00.000Z,2833.14298,10333.400098365,0.2741733556265061,5666.28596,30,176482.44494882497,13.695368897460938
1789206000,2026-09-12T09:40:00.000Z,2833.14298,10333.400098365,0.2741733556265061,5666.28596,30,176482.44494882497,13.695368897460938
1789206060,2026-09-12T09:41:00.000Z,2833.14298,10333.400098365,0.2741733556265061,5666.28596,30,176482.44494882497,13.695368897460938
1789206120,2026-09-12T09:42:00.000Z,2833.14298,10333.400098365,0.2741733556265061,5666.28596,30,176482.44494882497,13.695368897460938
1789206180,2026-09-12T09:43:00.000Z,2847.049796,10301.621262003,0.2763690999300466,5694.099592,30,175620.39157252587,13.762594228710935
1789206240,2026-09-12T09:44:00.000Z,2847.049796,10301.621262003,0.2763690999300466,5694.099592,30,175620.39157252587,13.762594228710935
1789206300,2026-09-12T09:45:00.000Z,2846.971653,10301.800815777,0.276356697621247,5693.943306,30,175625.21195921442,13.762216486669923
1789206360,2026-09-12T09:46:00.000Z,2846.971653,10301.800815777,0.276356697621247,5693.943306,30,175625.21195921442,13.762216486669923
1789206420,2026-09-12T09:47:00.000Z,2830.24879,10261.167708878,0.2758213168615555,5660.49758,30,176662.91449947053,13.681378428222656
1789206480,2026-09-12T09:48:00.000Z,2830.24879,10261.167708878,0.2758213168615555,5660.49758,30,176662.91449947053,13.681378428222656
1789206540,2026-09-12T09:49:00.000Z,2830.24879,10261.167708878,0.2758213168615555,5660.49758,30,176662.91449947053,13.681378428222656
1789206600,2026-09-12T09:50:00.000Z,2830.24879,10261.167708878,0.2758213168615555,5660.49758,30,176662.91449947053,13.681378428222656
1789206660,2026-09-12T09:51:00.000Z,2830.24879,10261.167708878,0.2758213168615555,5660.49758,30,176662.91449947053,13.681378428222656
1789206720,2026-09-12T09:52:00.000Z,2830.24879,10261.167708878,0.2758213168615555,5660.49758,30,176662.91449947053,13.681378428222656
1789206780,2026-09-12T09:53:00.000Z,2830.24879,10261.167708878,0.2758213168615555,5660.49758,30,176662.91449947053,13.681378428222656
1789206840,2026-09-12T09:54:00.000Z,2830.24879,10261.167708878,0.2758213168615555,5660.49758,30,176662.91449947053,13.681378428222656
1789206900,2026-09-12T09:55:00.000Z,2830.24879,10261.167708878,0.2758213168615555,5660.49758,30,176662.91449947053,13.681378428222656
1789206960,2026-09-12T09:56:00.000Z,2830.24879,10261.167708878,0.2758213168615555,5660.49758,30,176662.91449947053,13.681378428222656
1789207020,2026-09-12T09:57:00.000Z,2830.24879,10261.167708878,0.2758213168615555,5660.49758,30,176662.91449947053,13.681378428222656
1789207080,2026-09-12T09:58:00.000Z,2848.26103,10220.054345659,0.27869333505157023,5696.52206,30,175545.7083229482,13.768449314941407
1789207140,2026-09-12T09:59:00.000Z,2848.26103,10220.054345659,0.27869333505157023,5696.52206,30,175545.7083229482,13.768449314941407
1789207200,2026-09-12T10:00:00.000Z,2848.264478,10220.046482104,0.2786938868612296,5696.528956,30,175545.49581403026,13.76846598251953
1789207260,2026-09-12T10:01:00.000Z,2862.191858,10188.293313723,0.2809294716853906,5724.383716,30,174691.29422699937,13.83579071982422
1789207320,2026-09-12T10:02:00.000Z,2862.191858,10188.293313723,0.2809294716853906,5724.383716,30,174691.29422699937,13.83579071982422
1789207380,2026-09-12T10:03:00.000Z,2862.191858,10188.293313723,0.2809294716853906,5724.383716,30,174691.29422699937,13.83579071982422
1789207440,2026-09-12T10:04:00.000Z,2937.122952,10018.07521871,0.2931823616690917,5874.245904,30,170234.6167223033,14.198006457421878
1789207500,2026-09-12T10:05:00.000Z,2925.456799,10044.688008023,0.29124416772958484,5850.913598,30,170913.47927985585,14.141612456103516
1789207560,2026-09-12T10:06:00.000Z,2925.443339,10044.718726872,0.29124193703639967,5850.886678,30,170914.2656548304,14.141547390673827
1789207620,2026-09-12T10:07:00.000Z,2925.430053,10044.749048547,0.29123973519509394,5850.860106,30,170915.0418712814,14.141483166357421
1789207680,2026-09-12T10:08:00.000Z,2925.404001,10044.808507246,0.29123541766771444,5850.808002,30,170916.56394435893,14.141357231396483
1789207740,2026-09-12T10:09:00.000Z,2925.404001,10044.808507246,0.29123541766771444,5850.808002,30,170916.56394435893,14.141357231396483
1789207800,2026-09-12T10:10:00.000Z,2918.86785,10059.728549053,0.2901537388178109,5837.7357,30,171299.29332018233,14.109761579589843
1789207860,2026-09-12T10:11:00.000Z,2910.111084,10079.728549053,0.2887092712703467,5820.222168,30,171814.74712392798,14.067431509570314
1789207920,2026-09-12T10:12:00.000Z,2910.111084,10079.728549053,0.2887092712703467,5820.222168,30,171814.74712392798,14.067431509570314
1789207980,2026-09-12T10:13:00.000Z,2887.856865,10130.612655056,0.28506241066859117,5775.71373,30,173138.77500642676,13.959854962646485
1789208040,2026-09-12T10:14:00.000Z,2887.856865,10130.612655056,0.28506241066859117,5775.71373,30,173138.77500642676,13.959854962646485
1789208100,2026-09-12T10:15:00.000Z,2875.589459,10158.696787298,0.28306676724474283,5751.178918,30,173877.39353234292,13.900554513720701
1789208160,2026-09-12T10:16:00.000Z,2875.589459,10158.696787298,0.28306676724474283,5751.178918,30,173877.39353234292,13.900554513720701
1789208220,2026-09-12T10:17:00.000Z,2875.589459,10158.696787298,0.28306676724474283,5751.178918,30,173877.39353234292,13.900554513720701
1789208280,2026-09-12T10:18:00.000Z,2875.589459,10158.696787298,0.28306676724474283,5751.178918,30,173877.39353234292,13.900554513720701
1789208340,2026-09-12T10:19:00.000Z,2875.589459,10158.696787298,0.28306676724474283,5751.178918,30,173877.39353234292,13.900554513720701
1789208400,2026-09-12T10:20:00.000Z,2875.589459,10158.696787298,0.28306676724474283,5751.178918,30,173877.39353234292,13.900554513720701
1789208460,2026-09-12T10:21:00.000Z,2875.589459,10158.696787298,0.28306676724474283,5751.178918,30,173877.39353234292,13.900554513720701
1789208520,2026-09-12T10:22:00.000Z,2875.589459,10158.696787298,0.28306676724474283,5751.178918,30,173877.39353234292,13.900554513720701
1789208580,2026-09-12T10:23:00.000Z,2875.589459,10158.696787298,0.28306676724474283,5751.178918,30,173877.39353234292,13.900554513720701
1789208640,2026-09-12T10:24:00.000Z,2875.589459,10158.696787298,0.28306676724474283,5751.178918,30,173877.39353234292,13.900554513720701
1789208700,2026-09-12T10:25:00.000Z,2875.589459,10158.696787298,0.28306676724474283,5751.178918,30,173877.39353234292,13.900554513720701
1789208760,2026-09-12T10:26:00.000Z,2875.589459,10158.696787298,0.28306676724474283,5751.178918,30,173877.39353234292,13.900554513720701
1789208820,2026-09-12T10:27:00.000Z,2875.589459,10158.696787298,0.28306676724474283,5751.178918,30,173877.39353234292,13.900554513720701
1789208880,2026-09-12T10:28:00.000Z,2875.589459,10158.696787298,0.28306676724474283,5751.178918,30,173877.39353234292,13.900554513720701
1789208940,2026-09-12T10:29:00.000Z,2875.589459,10158.696787298,0.28306676724474283,5751.178918,30,173877.39353234292,13.900554513720701
1789209000,2026-09-12T10:30:00.000Z,2875.589459,10158.696787298,0.28306676724474283,5751.178918,30,173877.39353234292,13.900554513720701
1789209060,2026-09-12T10:31:00.000Z,2875.589459,10158.696787298,0.28306676724474283,5751.178918,30,173877.39353234292,13.900554513720701
1789209120,2026-09-12T10:32:00.000Z,2875.589459,10158.696787298,0.28306676724474283,5751.178918,30,173877.39353234292,13.900554513720701
1789209180,2026-09-12T10:33:00.000Z,2875.589459,10158.696787298,0.28306676724474283,5751.178918,30,173877.39353234292,13.900554513720701
1789209240,2026-09-12T10:34:00.000Z,2875.589459,10158.696787298,0.28306676724474283,5751.178918,30,173877.39353234292,13.900554513720701
1789209300,2026-09-12T10:35:00.000Z,2875.589459,10158.696787298,0.28306676724474283,5751.178918,30,173877.39353234292,13.900554513720701
1789209360,2026-09-12T10:36:00.000Z,2875.589459,10158.696787298,0.28306676724474283,5751.178918,30,173877.39353234292,13.900554513720701
1789209420,2026-09-12T10:37:00.000Z,2875.589459,10158.696787298,0.28306676724474283,5751.178918,30,173877.39353234292,13.900554513720701
1789209480,2026-09-12T10:38:00.000Z,2875.589459,10158.696787298,0.28306676724474283,5751.178918,30,173877.39353234292,13.900554513720701
1789209540,2026-09-12T10:39:00.000Z,2875.589459,10158.696787298,0.28306676724474283,5751.178918,30,173877.39353234292,13.900554513720701
1789209600,2026-09-12T10:40:00.000Z,2875.589459,10158.696787298,0.28306676724474283,5751.178918,30,173877.39353234292,13.900554513720701
1789209660,2026-09-12T10:41:00.000Z,2875.589459,10158.696787298,0.28306676724474283,5751.178918,30,173877.39353234292,13.900554513720701
1789209720,2026-09-12T10:42:00.000Z,2875.589459,10158.696787298,0.28306676724474283,5751.178918,30,173877.39353234292,13.900554513720701
1789209780,2026-09-12T10:43:00.000Z,2875.589459,10158.696787298,0.28306676724474283,5751.178918,30,173877.39353234292,13.900554513720701
1789209840,2026-09-12T10:44:00.000Z,2875.589459,10158.696787298,0.28306676724474283,5751.178918,30,173877.39353234292,13.900554513720701
1789209900,2026-09-12T10:45:00.000Z,2875.589459,10158.696787298,0.28306676724474283,5751.178918,30,173877.39353234292,13.900554513720701
1789209960,2026-09-12T10:46:00.000Z,2875.589459,10158.696787298,0.28306676724474283,5751.178918,30,173877.39353234292,13.900554513720701
1789210020,2026-09-12T10:47:00.000Z,2875.589459,10158.696787298,0.28306676724474283,5751.178918,30,173877.39353234292,13.900554513720701
1789210080,2026-09-12T10:48:00.000Z,2875.589459,10158.696787298,0.28306676724474283,5751.178918,30,173877.39353234292,13.900554513720701
1789210140,2026-09-12T10:49:00.000Z,2875.589459,10158.696787298,0.28306676724474283,5751.178918,30,173877.39353234292,13.900554513720701
1789210200,2026-09-12T10:50:00.000Z,2875.589459,10158.696787298,0.28306676724474283,5751.178918,30,173877.39353234292,13.900554513720701
1789210260,2026-09-12T10:51:00.000Z,2875.589459,10158.696787298,0.28306676724474283,5751.178918,30,173877.39353234292,13.900554513720701
1789210320,2026-09-12T10:52:00.000Z,2900.604959,10101.797072436,0.28713752000766857,5801.209918,30,172377.83395791266,14.021479049853513
1789210380,2026-09-12T10:53:00.000Z,2900.604959,10101.797072436,0.28713752000766857,5801.209918,30,172377.83395791266,14.021479049853513
1789210440,2026-09-12T10:54:00.000Z,2900.604959,10101.797072436,0.28713752000766857,5801.209918,30,172377.83395791266,14.021479049853513
1789210500,2026-09-12T10:55:00.000Z,2900.604959,10101.797072436,0.28713752000766857,5801.209918,30,172377.83395791266,14.021479049853513
1789210560,2026-09-12T10:56:00.000Z,2900.604959,10101.797072436,0.28713752000766857,5801.209918,30,172377.83395791266,14.021479049853513
1789210620,2026-09-12T10:57:00.000Z,2900.604959,10101.797072436,0.28713752000766857,5801.209918,30,172377.83395791266,14.021479049853513
1789210680,2026-09-12T10:58:00.000Z,2900.604959,10101.797072436,0.28713752000766857,5801.209918,30,172377.83395791266,14.021479049853513
1789210740,2026-09-12T10:59:00.000Z,2900.604959,10101.797072436,0.28713752000766857,5801.209918,30,172377.83395791266,14.021479049853513
1789210800,2026-09-12T11:00:00.000Z,2909.681669,10081.176574858,0.2886252063332186,5819.363338,30,171840.10379109278,14.065355724169923
1789210860,2026-09-12T11:01:00.000Z,2909.681669,10081.176574858,0.2886252063332186,5819.363338,30,171840.10379109278,14.065355724169923
1789210920,2026-09-12T11:02:00.000Z,2909.681669,10081.176574858,0.2886252063332186,5819.363338,30,171840.10379109278,14.065355724169923
1789210980,2026-09-12T11:03:00.000Z,2909.681669,10081.176574858,0.2886252063332186,5819.363338,30,171840.10379109278,14.065355724169923
1789211040,2026-09-12T11:04:00.000Z,2909.681669,10081.176574858,0.2886252063332186,5819.363338,30,171840.10379109278,14.065355724169923
1789211100,2026-09-12T11:05:00.000Z,2909.681669,10081.176574858,0.2886252063332186,5819.363338,30,171840.10379109278,14.065355724169923
1789211160,2026-09-12T11:06:00.000Z,2909.681669,10081.176574858,0.2886252063332186,5819.363338,30,171840.10379109278,14.065355724169923
1789211220,2026-09-12T11:07:00.000Z,2909.681669,10081.176574858,0.2886252063332186,5819.363338,30,171840.10379109278,14.065355724169923
1789211280,2026-09-12T11:08:00.000Z,2909.681669,10081.176574858,0.2886252063332186,5819.363338,30,171840.10379109278,14.065355724169923
1789211340,2026-09-12T11:09:00.000Z,2909.681669,10081.176574858,0.2886252063332186,5819.363338,30,171840.10379109278,14.065355724169923
1789211400,2026-09-12T11:10:00.000Z,2909.681669,10081.176574858,0.2886252063332186,5819.363338,30,171840.10379109278,14.065355724169923
1789211460,2026-09-12T11:11:00.000Z,2909.681669,10081.176574858,0.2886252063332186,5819.363338,30,171840.10379109278,14.065355724169923
1789211520,2026-09-12T11:12:00.000Z,2909.681669,10081.176574858,0.2886252063332186,5819.363338,30,171840.10379109278,14.065355724169923
1789211580,2026-09-12T11:13:00.000Z,2909.681669,10081.176574858,0.2886252063332186,5819.363338,30,171840.10379109278,14.065355724169923
1789211640,2026-09-12T11:14:00.000Z,2909.681669,10081.176574858,0.2886252063332186,5819.363338,30,171840.10379109278,14.065355724169923
1789211700,2026-09-12T11:15:00.000Z,2909.681669,10081.176574858,0.2886252063332186,5819.363338,30,171840.10379109278,14.065355724169923
1789211760,2026-09-12T11:16:00.000Z,2909.681669,10081.176574858,0.2886252063332186,5819.363338,30,171840.10379109278,14.065355724169923
1789211820,2026-09-12T11:17:00.000Z,2909.654638,10081.23833628,0.28862075679024857,5819.309276,30,171841.70020387138,14.065225056738281
1789211880,2026-09-12T11:18:00.000Z,2909.654638,10081.23833628,0.28862075679024857,5819.309276,30,171841.70020387138,14.065225056738281
1789211940,2026-09-12T11:19:00.000Z,2909.654638,10081.23833628,0.28862075679024857,5819.309276,30,171841.70020387138,14.065225056738281
1789212000,2026-09-12T11:20:00.000Z,2896.997597,10110.169754674,0.2865429233431712,5793.995194,30,172592.4800620399,14.004041118310546
1789212060,2026-09-12T11:21:00.000Z,2896.997597,10110.169754674,0.2865429233431712,5793.995194,30,172592.4800620399,14.004041118310546
1789212120,2026-09-12T11:22:00.000Z,2896.997597,10110.169754674,0.2865429233431712,5793.995194,30,172592.4800620399,14.004041118310546
1789212180,2026-09-12T11:23:00.000Z,2896.997597,10110.169754674,0.2865429233431712,5793.995194,30,172592.4800620399,14.004041118310546
1789212240,2026-09-12T11:24:00.000Z,2896.997597,10110.169754674,0.2865429233431712,5793.995194,30,172592.4800620399,14.004041118310546
1789212300,2026-09-12T11:25:00.000Z,2896.997597,10110.169754674,0.2865429233431712,5793.995194,30,172592.4800620399,14.004041118310546
1789212360,2026-09-12T11:26:00.000Z,2896.996768,10110.171651793,0.28654278757831264,5793.993536,30,172592.52945083025,14.0040371109375
1789212420,2026-09-12T11:27:00.000Z,2896.996768,10110.171651793,0.28654278757831264,5793.993536,30,172592.52945083025,14.0040371109375
1789212480,2026-09-12T11:28:00.000Z,2896.996768,10110.171651793,0.28654278757831264,5793.993536,30,172592.52945083025,14.0040371109375
1789212540,2026-09-12T11:29:00.000Z,2896.996768,10110.171651793,0.28654278757831264,5793.993536,30,172592.52945083025,14.0040371109375
1789212600,2026-09-12T11:30:00.000Z,2896.996768,10110.171651793,0.28654278757831264,5793.993536,30,172592.52945083025,14.0040371109375
1789212660,2026-09-12T11:31:00.000Z,2896.93241,10110.318828462,0.28653225077776173,5793.86482,30,172596.36375154502,14.003726005371094
1789212720,2026-09-12T11:32:00.000Z,2896.93241,10110.318828462,0.28653225077776173,5793.86482,30,172596.36375154502,14.003726005371094
1789212780,2026-09-12T11:33:00.000Z,2896.93241,10110.318828462,0.28653225077776173,5793.86482,30,172596.36375154502,14.003726005371094
1789212840,2026-09-12T11:34:00.000Z,2896.93241,10110.318828462,0.28653225077776173,5793.86482,30,172596.36375154502,14.003726005371094
1789212900,2026-09-12T11:35:00.000Z,2891.203636,10123.422348371,0.2855954771525694,5782.407272,30,172938.354730265,13.976033201367187
1789212960,2026-09-12T11:36:00.000Z,2891.203636,10123.422348371,0.2855954771525694,5782.407272,30,172938.354730265,13.976033201367187
1789213020,2026-09-12T11:37:00.000Z,2891.203636,10123.422348371,0.2855954771525694,5782.407272,30,172938.354730265,13.976033201367187
1789213080,2026-09-12T11:38:00.000Z,2891.203636,10123.422348371,0.2855954771525694,5782.407272,30,172938.354730265,13.976033201367187
1789213140,2026-09-12T11:39:00.000Z,2891.203636,10123.422348371,0.2855954771525694,5782.407272,30,172938.354730265,13.976033201367187
1789213200,2026-09-12T11:40:00.000Z,2891.203636,10123.422348371,0.2855954771525694,5782.407272,30,172938.354730265,13.976033201367187
1789213260,2026-09-12T11:41:00.000Z,2891.203636,10123.422348371,0.2855954771525694,5782.407272,30,172938.354730265,13.976033201367187
1789213320,2026-09-12T11:42:00.000Z,2891.203636,10123.422348371,0.2855954771525694,5782.407272,30,172938.354730265,13.976033201367187
1789213380,2026-09-12T11:43:00.000Z,2891.203636,10123.422348371,0.2855954771525694,5782.407272,30,172938.354730265,13.976033201367187
1789213440,2026-09-12T11:44:00.000Z,2899.651734,10104.216501522,0.28697442632620007,5799.303468,30,172434.50105998144,14.016871175097656
1789213500,2026-09-12T11:45:00.000Z,2909.16232,10082.60909667,0.2885326895159323,5818.324639999999,30,171870.78100200338,14.06284519921875
1789213560,2026-09-12T11:46:00.000Z,2918.679382,10061.001698811,0.2900982893527318,5837.358764,30,171310.35463627367,14.108850528222655
1789213620,2026-09-12T11:47:00.000Z,2918.679382,10061.001698811,0.2900982893527318,5837.358764,30,171310.35463627367,14.108850528222655
1789213680,2026-09-12T11:48:00.000Z,2918.679382,10061.001698811,0.2900982893527318,5837.358764,30,171310.35463627367,14.108850528222655
1789213740,2026-09-12T11:49:00.000Z,2918.679382,10061.001698811,0.2900982893527318,5837.358764,30,171310.35463627367,14.108850528222655
1789213800,2026-09-12T11:50:00.000Z,2918.679382,10061.001698811,0.2900982893527318,5837.358764,30,171310.35463627367,14.108850528222655
1789213860,2026-09-12T11:51:00.000Z,2918.679382,10061.001698811,0.2900982893527318,5837.358764,30,171310.35463627367,14.108850528222655
1789213920,2026-09-12T11:52:00.000Z,2918.679382,10061.001698811,0.2900982893527318,5837.358764,30,171310.35463627367,14.108850528222655
1789213980,2026-09-12T11:53:00.000Z,2918.679382,10061.001698811,0.2900982893527318,5837.358764,30,171310.35463627367,14.108850528222655
1789214040,2026-09-12T11:54:00.000Z,2918.679382,10061.001698811,0.2900982893527318,5837.358764,30,171310.35463627367,14.108850528222655
1789214100,2026-09-12T11:55:00.000Z,2918.679382,10061.001698811,0.2900982893527318,5837.358764,30,171310.35463627367,14.108850528222655
1789214160,2026-09-12T11:56:00.000Z,2918.708767,10060.935008242,0.2901031330198406,5837.417534,30,171308.6299164839,14.108992574853517
1789214220,2026-09-12T11:57:00.000Z,2918.734403,10060.876824842,0.29010735881321525,5837.468806,30,171307.12526843094,14.109116498876952
1789214280,2026-09-12T11:58:00.000Z,2928.213871,10039.369485697,0.2916730851645415,5856.427742,30,170752.55497961544,14.154940099072267
1789214340,2026-09-12T11:59:00.000Z,2937.743905,10017.762115999,0.2932535102134475,5875.48781,30,170198.63411136923,14.201008134521484
1789214400,2026-09-12T12:00:00.000Z,3015.279658,9842.520297684,0.30635239418398885,6030.559316,30,165822.09834945932,14.575814753027343
1789214460,2026-09-12T12:01:00.000Z,2995.849255,9886.611155189,0.30302084384370925,5991.69851,30,166897.58310285874,14.481888488525392
1789214520,2026-09-12T12:02:00.000Z,2995.849255,9886.611155189,0.30302084384370925,5991.69851,30,166897.58310285874,14.481888488525392
1789214580,2026-09-12T12:03:00.000Z,2995.849255,9886.611155189,0.30302084384370925,5991.69851,30,166897.58310285874,14.481888488525392
1789214640,2026-09-12T12:04:00.000Z,2953.846997,8727.618782841,0.33844821485643173,5907.693994,30,169270.785016222,14.278850229638675
1789214700,2026-09-12T12:05:00.000Z,2953.846997,8727.618782841,0.33844821485643173,5907.693994,30,169270.785016222,14.278850229638675
1789214760,2026-09-12T12:06:00.000Z,2953.846997,8727.618782841,0.33844821485643173,5907.693994,30,169270.785016222,14.278850229638675
1789214820,2026-09-12T12:07:00.000Z,2953.846997,8727.618782841,0.33844821485643173,5907.693994,30,169270.785016222,14.278850229638675
1789214880,2026-09-12T12:08:00.000Z,2953.846997,8727.618782841,0.33844821485643173,5907.693994,30,169270.785016222,14.278850229638675
1789214940,2026-09-12T12:09:00.000Z,2953.357309,8728.730763189,0.33834899816763336,5906.714618,30,169298.85133651466,14.276483085498047
1789215000,2026-09-12T12:10:00.000Z,2953.357309,8728.730763189,0.33834899816763336,5906.714618,30,169298.85133651466,14.276483085498047
1789215060,2026-09-12T12:11:00.000Z,2953.357309,8728.730763189,0.33834899816763336,5906.714618,30,169298.85133651466,14.276483085498047
1789215120,2026-09-12T12:12:00.000Z,2953.357309,8728.730763189,0.33834899816763336,5906.714618,30,169298.85133651466,14.276483085498047
1789215180,2026-09-12T12:13:00.000Z,2953.357309,8728.730763189,0.33834899816763336,5906.714618,30,169298.85133651466,14.276483085498047
1789215240,2026-09-12T12:14:00.000Z,2953.357309,8728.730763189,0.33834899816763336,5906.714618,30,169298.85133651466,14.276483085498047
1789215300,2026-09-12T12:15:00.000Z,2953.357309,8728.730763189,0.33834899816763336,5906.714618,30,169298.85133651466,14.276483085498047
1789215360,2026-09-12T12:16:00.000Z,2953.357309,8728.730763189,0.33834899816763336,5906.714618,30,169298.85133651466,14.276483085498047
1789215420,2026-09-12T12:17:00.000Z,2953.357309,8728.730763189,0.33834899816763336,5906.714618,30,169298.85133651466,14.276483085498047
1789215480,2026-09-12T12:18:00.000Z,2953.356692,8728.73216519,0.3383488731362298,5906.713384,30,169298.8867055548,14.276480102929687
1789215540,2026-09-12T12:19:00.000Z,2953.356692,8728.73216519,0.3383488731362298,5906.713384,30,169298.8867055548,14.276480102929687
1789215600,2026-09-12T12:20:00.000Z,2952.831124,8729.925675257,0.3382424128041699,5905.662248,30,169329.01984678488,14.273939515429685
1789215660,2026-09-12T12:21:00.000Z,2952.831124,8729.925675257,0.3382424128041699,5905.662248,30,169329.01984678488,14.273939515429685
1789215720,2026-09-12T12:22:00.000Z,2952.831124,8729.925675257,0.3382424128041699,5905.662248,30,169329.01984678488,14.273939515429685
1789215780,2026-09-12T12:23:00.000Z,2952.831124,8729.925675257,0.3382424128041699,5905.662248,30,169329.01984678488,14.273939515429685
1789215840,2026-09-12T12:24:00.000Z,2952.831124,8729.925675257,0.3382424128041699,5905.662248,30,169329.01984678488,14.273939515429685
1789215900,2026-09-12T12:25:00.000Z,2950.076254,8736.182562308,0.3376848220558046,5900.152508,30,169487.14438213297,14.260622516894532
1789215960,2026-09-12T12:26:00.000Z,2950.076254,8736.182562308,0.3376848220558046,5900.152508,30,169487.14438213297,14.260622516894532
1789216020,2026-09-12T12:27:00.000Z,2950.076254,8736.182562308,0.3376848220558046,5900.152508,30,169487.14438213297,14.260622516894532
1789216080,2026-09-12T12:28:00.000Z,2935.853798,8768.508104884,0.3348179374282324,5871.707596,30,170308.20824273213,14.191871386816405
1789216140,2026-09-12T12:29:00.000Z,2935.853798,8768.508104884,0.3348179374282324,5871.707596,30,170308.20824273213,14.191871386816405
1789216200,2026-09-12T12:30:00.000Z,2935.853798,8768.508104884,0.3348179374282324,5871.707596,30,170308.20824273213,14.191871386816405
1789216260,2026-09-12T12:31:00.000Z,2935.853798,8768.508104884,0.3348179374282324,5871.707596,30,170308.20824273213,14.191871386816405
1789216320,2026-09-12T12:32:00.000Z,2935.853798,8768.508104884,0.3348179374282324,5871.707596,30,170308.20824273213,14.191871386816405
1789216380,2026-09-12T12:33:00.000Z,2935.853798,8768.508104884,0.3348179374282324,5871.707596,30,170308.20824273213,14.191871386816405
1789216440,2026-09-12T12:34:00.000Z,2935.853798,8768.508104884,0.3348179374282324,5871.707596,30,170308.20824273213,14.191871386816405
1789216500,2026-09-12T12:35:00.000Z,2935.853798,8768.508104884,0.3348179374282324,5871.707596,30,170308.20824273213,14.191871386816405
1789216560,2026-09-12T12:36:00.000Z,2935.853798,8768.508104884,0.3348179374282324,5871.707596,30,170308.20824273213,14.191871386816405
1789216620,2026-09-12T12:37:00.000Z,2935.853798,8768.508104884,0.3348179374282324,5871.707596,30,170308.20824273213,14.191871386816405
1789216680,2026-09-12T12:38:00.000Z,2935.853798,8768.508104884,0.3348179374282324,5871.707596,30,170308.20824273213,14.191871386816405
1789216740,2026-09-12T12:39:00.000Z,2935.853798,8768.508104884,0.3348179374282324,5871.707596,30,170308.20824273213,14.191871386816405
1789216800,2026-09-12T12:40:00.000Z,2935.853798,8768.508104884,0.3348179374282324,5871.707596,30,170308.20824273213,14.191871386816405
1789216860,2026-09-12T12:41:00.000Z,2926.746558,8789.228104884,0.33299244519250387,5853.493116,30,170838.16110872148,14.14784713095703
1789216920,2026-09-12T12:42:00.000Z,2926.746558,8789.228104884,0.33299244519250387,5853.493116,30,170838.16110872148,14.14784713095703
1789216980,2026-09-12T12:43:00.000Z,2926.746558,8789.228104884,0.33299244519250387,5853.493116,30,170838.16110872148,14.14784713095703
1789217040,2026-09-12T12:44:00.000Z,2926.746558,8789.228104884,0.33299244519250387,5853.493116,30,170838.16110872148,14.14784713095703
1789217100,2026-09-12T12:45:00.000Z,2926.746558,8789.228104884,0.33299244519250387,5853.493116,30,170838.16110872148,14.14784713095703
1789217160,2026-09-12T12:46:00.000Z,2926.746558,8789.228104884,0.33299244519250387,5853.493116,30,170838.16110872148,14.14784713095703
1789217220,2026-09-12T12:47:00.000Z,2926.746558,8789.228104884,0.33299244519250387,5853.493116,30,170838.16110872148,14.14784713095703
1789217280,2026-09-12T12:48:00.000Z,2926.746558,8789.228104884,0.33299244519250387,5853.493116,30,170838.16110872148,14.14784713095703
1789217340,2026-09-12T12:49:00.000Z,2926.746558,8789.228104884,0.33299244519250387,5853.493116,30,170838.16110872148,14.14784713095703
1789217400,2026-09-12T12:50:00.000Z,2926.746558,8789.228104884,0.33299244519250387,5853.493116,30,170838.16110872148,14.14784713095703
1789217460,2026-09-12T12:51:00.000Z,2925.877908,8791.205223161,0.332818747114626,5851.755816,30,170888.88043923123,14.14364809042969
1789217520,2026-09-12T12:52:00.000Z,2925.877908,8791.205223161,0.332818747114626,5851.755816,30,170888.88043923123,14.14364809042969
1789217580,2026-09-12T12:53:00.000Z,2903.9741,8841.108499692,0.32846266959637094,5807.9482,30,172177.84414812794,14.037765424804688
1789217640,2026-09-12T12:54:00.000Z,2903.9741,8841.108499692,0.32846266959637094,5807.9482,30,172177.84414812794,14.037765424804688
1789217700,2026-09-12T12:55:00.000Z,2903.9741,8841.108499692,0.32846266959637094,5807.9482,30,172177.84414812794,14.037765424804688
1789217760,2026-09-12T12:56:00.000Z,2888.779074,8875.782052247,0.3254675539569693,5777.558148,30,173083.50247347436,13.964312906542968
1789217820,2026-09-12T12:57:00.000Z,2888.779074,8875.782052247,0.3254675539569693,5777.558148,30,173083.50247347436,13.964312906542968
1789217880,2026-09-12T12:58:00.000Z,2888.779074,8875.782052247,0.3254675539569693,5777.558148,30,173083.50247347436,13.964312906542968
1789217940,2026-09-12T12:59:00.000Z,2888.779074,8875.782052247,0.3254675539569693,5777.558148,30,173083.50247347436,13.964312906542968
1789218000,2026-09-12T13:00:00.000Z,2888.779074,8875.782052247,0.3254675539569693,5777.558148,30,173083.50247347436,13.964312906542968
1789218060,2026-09-12T13:01:00.000Z,2888.779074,8875.782052247,0.3254675539569693,5777.558148,30,173083.50247347436,13.964312906542968
1789218120,2026-09-12T13:02:00.000Z,2888.779074,8875.782052247,0.3254675539569693,5777.558148,30,173083.50247347436,13.964312906542968
1789218180,2026-09-12T13:03:00.000Z,2888.779074,8875.782052247,0.3254675539569693,5777.558148,30,173083.50247347436,13.964312906542968
1789218240,2026-09-12T13:04:00.000Z,2888.779074,8875.782052247,0.3254675539569693,5777.558148,30,173083.50247347436,13.964312906542968
1789218300,2026-09-12T13:05:00.000Z,2888.779074,8875.782052247,0.3254675539569693,5777.558148,30,173083.50247347436,13.964312906542968
1789218360,2026-09-12T13:06:00.000Z,2888.779074,8875.782052247,0.3254675539569693,5777.558148,30,173083.50247347436,13.964312906542968
1789218420,2026-09-12T13:07:00.000Z,2888.779074,8875.782052247,0.3254675539569693,5777.558148,30,173083.50247347436,13.964312906542968
1789218480,2026-09-12T13:08:00.000Z,2888.779074,8875.782052247,0.3254675539569693,5777.558148,30,173083.50247347436,13.964312906542968
1789218540,2026-09-12T13:09:00.000Z,2888.779074,8875.782052247,0.3254675539569693,5777.558148,30,173083.50247347436,13.964312906542968
1789218600,2026-09-12T13:10:00.000Z,2888.779074,8875.782052247,0.3254675539569693,5777.558148,30,173083.50247347436,13.964312906542968
1789218660,2026-09-12T13:11:00.000Z,2888.779074,8875.782052247,0.3254675539569693,5777.558148,30,173083.50247347436,13.964312906542968
1789218720,2026-09-12T13:12:00.000Z,2888.779074,8875.782052247,0.3254675539569693,5777.558148,30,173083.50247347436,13.964312906542968
1789218780,2026-09-12T13:13:00.000Z,2888.779074,8875.782052247,0.3254675539569693,5777.558148,30,173083.50247347436,13.964312906542968
1789218840,2026-09-12T13:14:00.000Z,2888.779074,8875.782052247,0.3254675539569693,5777.558148,30,173083.50247347436,13.964312906542968
1789218900,2026-09-12T13:15:00.000Z,2885.506374,8883.255923408,0.32482531167389755,5771.012748,30,173279.81130288783,13.948492725878907
1789218960,2026-09-12T13:16:00.000Z,2864.719431,8930.775915449,0.3207693775010561,5729.438862,30,174537.16220490844,13.84800896821289
1789219020,2026-09-12T13:17:00.000Z,2864.719431,8930.775915449,0.3207693775010561,5729.438862,30,174537.16220490844,13.84800896821289
1789219080,2026-09-12T13:18:00.000Z,2864.719431,8930.775915449,0.3207693775010561,5729.438862,30,174537.16220490844,13.84800896821289
1789219140,2026-09-12T13:19:00.000Z,2864.719431,8930.775915449,0.3207693775010561,5729.438862,30,174537.16220490844,13.84800896821289
1789219200,2026-09-12T13:20:00.000Z,2864.719431,8930.775915449,0.3207693775010561,5729.438862,30,174537.16220490844,13.84800896821289
1789219260,2026-09-12T13:21:00.000Z,2864.719431,8930.775915449,0.3207693775010561,5729.438862,30,174537.16220490844,13.84800896821289
1789219320,2026-09-12T13:22:00.000Z,2864.719431,8930.775915449,0.3207693775010561,5729.438862,30,174537.16220490844,13.84800896821289
1789219380,2026-09-12T13:23:00.000Z,2864.719431,8930.775915449,0.3207693775010561,5729.438862,30,174537.16220490844,13.84800896821289
1789219440,2026-09-12T13:24:00.000Z,2864.719431,8930.775915449,0.3207693775010561,5729.438862,30,174537.16220490844,13.84800896821289
1789219500,2026-09-12T13:25:00.000Z,2864.719431,8930.775915449,0.3207693775010561,5729.438862,30,174537.16220490844,13.84800896821289
1789219560,2026-09-12T13:26:00.000Z,2864.719431,8930.775915449,0.3207693775010561,5729.438862,30,174537.16220490844,13.84800896821289
1789219620,2026-09-12T13:27:00.000Z,2864.719431,8930.775915449,0.3207693775010561,5729.438862,30,174537.16220490844,13.84800896821289
1789219680,2026-09-12T13:28:00.000Z,2864.719431,8930.775915449,0.3207693775010561,5729.438862,30,174537.16220490844,13.84800896821289
1789219740,2026-09-12T13:29:00.000Z,2873.519678,8910.768373735,0.3224772048244306,5747.039355999999,30,174002.63649769235,13.890549224707032
1789219800,2026-09-12T13:30:00.000Z,2873.519678,8910.768373735,0.3224772048244306,5747.039355999999,30,174002.63649769235,13.890549224707032
1789219860,2026-09-12T13:31:00.000Z,2873.519678,8910.768373735,0.3224772048244306,5747.039355999999,30,174002.63649769235,13.890549224707032
1789219920,2026-09-12T13:32:00.000Z,2873.519678,8910.768373735,0.3224772048244306,5747.039355999999,30,174002.63649769235,13.890549224707032
1789219980,2026-09-12T13:33:00.000Z,2873.519678,8910.768373735,0.3224772048244306,5747.039355999999,30,174002.63649769235,13.890549224707032
1789220040,2026-09-12T13:34:00.000Z,2873.519678,8910.768373735,0.3224772048244306,5747.039355999999,30,174002.63649769235,13.890549224707032
1789220100,2026-09-12T13:35:00.000Z,2873.519678,8910.768373735,0.3224772048244306,5747.039355999999,30,174002.63649769235,13.890549224707032
1789220160,2026-09-12T13:36:00.000Z,2873.519678,8910.768373735,0.3224772048244306,5747.039355999999,30,174002.63649769235,13.890549224707032
1789220220,2026-09-12T13:37:00.000Z,2873.519678,8910.768373735,0.3224772048244306,5747.039355999999,30,174002.63649769235,13.890549224707032
1789220280,2026-09-12T13:38:00.000Z,2873.519678,8910.768373735,0.3224772048244306,5747.039355999999,30,174002.63649769235,13.890549224707032
1789220340,2026-09-12T13:39:00.000Z,2873.519678,8910.768373735,0.3224772048244306,5747.039355999999,30,174002.63649769235,13.890549224707032
1789220400,2026-09-12T13:40:00.000Z,2873.519678,8910.768373735,0.3224772048244306,5747.039355999999,30,174002.63649769235,13.890549224707032
1789220460,2026-09-12T13:41:00.000Z,2873.519678,8910.768373735,0.3224772048244306,5747.039355999999,30,174002.63649769235,13.890549224707032
1789220520,2026-09-12T13:42:00.000Z,2873.519678,8910.768373735,0.3224772048244306,5747.039355999999,30,174002.63649769235,13.890549224707032
1789220580,2026-09-12T13:43:00.000Z,2873.519678,8910.768373735,0.3224772048244306,5747.039355999999,30,174002.63649769235,13.890549224707032
1789220640,2026-09-12T13:44:00.000Z,2873.519678,8910.768373735,0.3224772048244306,5747.039355999999,30,174002.63649769235,13.890549224707032
1789220700,2026-09-12T13:45:00.000Z,2873.519678,8910.768373735,0.3224772048244306,5747.039355999999,30,174002.63649769235,13.890549224707032
1789220760,2026-09-12T13:46:00.000Z,2873.519678,8910.768373735,0.3224772048244306,5747.039355999999,30,174002.63649769235,13.890549224707032
1789220820,2026-09-12T13:47:00.000Z,2873.519678,8910.768373735,0.3224772048244306,5747.039355999999,30,174002.63649769235,13.890549224707032
1789220880,2026-09-12T13:48:00.000Z,2873.519678,8910.768373735,0.3224772048244306,5747.039355999999,30,174002.63649769235,13.890549224707032
1789220940,2026-09-12T13:49:00.000Z,2873.519678,8910.768373735,0.3224772048244306,5747.039355999999,30,174002.63649769235,13.890549224707032
1789221000,2026-09-12T13:50:00.000Z,2873.519678,8910.768373735,0.3224772048244306,5747.039355999999,30,174002.63649769235,13.890549224707032
1789221060,2026-09-12T13:51:00.000Z,2864.950222,8930.368465589,0.32080985605906276,5729.900444,30,174523.10206316735,13.84912460830078
1789221120,2026-09-12T13:52:00.000Z,2864.950222,8930.368465589,0.32080985605906276,5729.900444,30,174523.10206316735,13.84912460830078
1789221180,2026-09-12T13:53:00.000Z,2864.950222,8930.368465589,0.32080985605906276,5729.900444,30,174523.10206316735,13.84912460830078
1789221240,2026-09-12T13:54:00.000Z,2864.950222,8930.368465589,0.32080985605906276,5729.900444,30,174523.10206316735,13.84912460830078
1789221300,2026-09-12T13:55:00.000Z,2864.950222,8930.368465589,0.32080985605906276,5729.900444,30,174523.10206316735,13.84912460830078
1789221360,2026-09-12T13:56:00.000Z,2864.950222,8930.368465589,0.32080985605906276,5729.900444,30,174523.10206316735,13.84912460830078
1789221420,2026-09-12T13:57:00.000Z,2864.950222,8930.368465589,0.32080985605906276,5729.900444,30,174523.10206316735,13.84912460830078
1789221480,2026-09-12T13:58:00.000Z,2864.950222,8930.368465589,0.32080985605906276,5729.900444,30,174523.10206316735,13.84912460830078
1789221540,2026-09-12T13:59:00.000Z,2864.950222,8930.368465589,0.32080985605906276,5729.900444,30,174523.10206316735,13.84912460830078
1789221600,2026-09-12T14:00:00.000Z,2864.950222,8930.368465589,0.32080985605906276,5729.900444,30,174523.10206316735,13.84912460830078
1789221660,2026-09-12T14:01:00.000Z,2864.950222,8930.368465589,0.32080985605906276,5729.900444,30,174523.10206316735,13.84912460830078
1789221720,2026-09-12T14:02:00.000Z,2864.950222,8930.368465589,0.32080985605906276,5729.900444,30,174523.10206316735,13.84912460830078
1789221780,2026-09-12T14:03:00.000Z,2864.950222,8930.368465589,0.32080985605906276,5729.900444,30,174523.10206316735,13.84912460830078
1789221840,2026-09-12T14:04:00.000Z,2873.310289,8911.361659006,0.322432238635066,5746.620578,30,174015.3167286417,13.889537041552735
1789221900,2026-09-12T14:05:00.000Z,2873.310289,8911.361659006,0.322432238635066,5746.620578,30,174015.3167286417,13.889537041552735
1789221960,2026-09-12T14:06:00.000Z,2873.310289,8911.361659006,0.322432238635066,5746.620578,30,174015.3167286417,13.889537041552735
1789222020,2026-09-12T14:07:00.000Z,2873.310289,8911.361659006,0.322432238635066,5746.620578,30,174015.3167286417,13.889537041552735
1789222080,2026-09-12T14:08:00.000Z,2878.194058,8900.264562771,0.32338297785430165,5756.388116,30,173720.04455719015,13.913145104589843
1789222140,2026-09-12T14:09:00.000Z,2878.194058,8900.264562771,0.32338297785430165,5756.388116,30,173720.04455719015,13.913145104589843
1789222200,2026-09-12T14:10:00.000Z,2878.656392,8899.214269987,0.3234730960134759,5757.312784,30,173692.1438034554,13.915380019921875
1789222260,2026-09-12T14:11:00.000Z,2883.870407,8887.372334261,0.32449078293733924,5767.740814,30,173378.10977440362,13.94058448696289
1789222320,2026-09-12T14:12:00.000Z,2883.870407,8887.372334261,0.32449078293733924,5767.740814,30,173378.10977440362,13.94058448696289
1789222380,2026-09-12T14:13:00.000Z,2883.870407,8887.372334261,0.32449078293733924,5767.740814,30,173378.10977440362,13.94058448696289
1789222440,2026-09-12T14:14:00.000Z,2883.870407,8887.372334261,0.32449078293733924,5767.740814,30,173378.10977440362,13.94058448696289
1789222500,2026-09-12T14:15:00.000Z,2883.870407,8887.372334261,0.32449078293733924,5767.740814,30,173378.10977440362,13.94058448696289
1789222560,2026-09-12T14:16:00.000Z,2883.870407,8887.372334261,0.32449078293733924,5767.740814,30,173378.10977440362,13.94058448696289
1789222620,2026-09-12T14:17:00.000Z,2883.870407,8887.372334261,0.32449078293733924,5767.740814,30,173378.10977440362,13.94058448696289
1789222680,2026-09-12T14:18:00.000Z,2883.870407,8887.372334261,0.32449078293733924,5767.740814,30,173378.10977440362,13.94058448696289
1789222740,2026-09-12T14:19:00.000Z,2883.870407,8887.372334261,0.32449078293733924,5767.740814,30,173378.10977440362,13.94058448696289
1789222800,2026-09-12T14:20:00.000Z,2883.870407,8887.372334261,0.32449078293733924,5767.740814,30,173378.10977440362,13.94058448696289
1789222860,2026-09-12T14:21:00.000Z,2883.870407,8887.372334261,0.32449078293733924,5767.740814,30,173378.10977440362,13.94058448696289
1789222920,2026-09-12T14:22:00.000Z,2883.870407,8887.372334261,0.32449078293733924,5767.740814,30,173378.10977440362,13.94058448696289
1789222980,2026-09-12T14:23:00.000Z,2883.870407,8887.372334261,0.32449078293733924,5767.740814,30,173378.10977440362,13.94058448696289
1789223040,2026-09-12T14:24:00.000Z,2883.870407,8887.372334261,0.32449078293733924,5767.740814,30,173378.10977440362,13.94058448696289
1789223100,2026-09-12T14:25:00.000Z,2883.870407,8887.372334261,0.32449078293733924,5767.740814,30,173378.10977440362,13.94058448696289
1789223160,2026-09-12T14:26:00.000Z,2883.870407,8887.372334261,0.32449078293733924,5767.740814,30,173378.10977440362,13.94058448696289
1789223220,2026-09-12T14:27:00.000Z,2883.870407,8887.372334261,0.32449078293733924,5767.740814,30,173378.10977440362,13.94058448696289
1789223280,2026-09-12T14:28:00.000Z,2883.870407,8887.372334261,0.32449078293733924,5767.740814,30,173378.10977440362,13.94058448696289
1789223340,2026-09-12T14:29:00.000Z,2883.870407,8887.372334261,0.32449078293733924,5767.740814,30,173378.10977440362,13.94058448696289
1789223400,2026-09-12T14:30:00.000Z,2883.870407,8887.372334261,0.32449078293733924,5767.740814,30,173378.10977440362,13.94058448696289
1789223460,2026-09-12T14:31:00.000Z,2883.614637,8887.956611832,0.32444067437966767,5767.229274,30,173393.48801481337,13.939348098779298
1789223520,2026-09-12T14:32:00.000Z,2883.614637,8887.956611832,0.32444067437966767,5767.229274,30,173393.48801481337,13.939348098779298
1789223580,2026-09-12T14:33:00.000Z,2883.614637,8887.956611832,0.32444067437966767,5767.229274,30,173393.48801481337,13.939348098779298
1789223640,2026-09-12T14:34:00.000Z,2883.614637,8887.956611832,0.32444067437966767,5767.229274,30,173393.48801481337,13.939348098779298
1789223700,2026-09-12T14:35:00.000Z,2883.614637,8887.956611832,0.32444067437966767,5767.229274,30,173393.48801481337,13.939348098779298
1789223760,2026-09-12T14:36:00.000Z,2883.614637,8887.956611832,0.32444067437966767,5767.229274,30,173393.48801481337,13.939348098779298
1789223820,2026-09-12T14:37:00.000Z,2883.614637,8887.956611832,0.32444067437966767,5767.229274,30,173393.48801481337,13.939348098779298
1789223880,2026-09-12T14:38:00.000Z,2883.614637,8887.956611832,0.32444067437966767,5767.229274,30,173393.48801481337,13.939348098779298
1789223940,2026-09-12T14:39:00.000Z,2883.614637,8887.956611832,0.32444067437966767,5767.229274,30,173393.48801481337,13.939348098779298
1789224000,2026-09-12T14:40:00.000Z,2883.614637,8887.956611832,0.32444067437966767,5767.229274,30,173393.48801481337,13.939348098779298
1789224060,2026-09-12T14:41:00.000Z,2883.614637,8887.956611832,0.32444067437966767,5767.229274,30,173393.48801481337,13.939348098779298
1789224120,2026-09-12T14:42:00.000Z,2883.614637,8887.956611832,0.32444067437966767,5767.229274,30,173393.48801481337,13.939348098779298
1789224180,2026-09-12T14:43:00.000Z,2883.614637,8887.956611832,0.32444067437966767,5767.229274,30,173393.48801481337,13.939348098779298
1789224240,2026-09-12T14:44:00.000Z,2883.614637,8887.956611832,0.32444067437966767,5767.229274,30,173393.48801481337,13.939348098779298
1789224300,2026-09-12T14:45:00.000Z,2883.614637,8887.956611832,0.32444067437966767,5767.229274,30,173393.48801481337,13.939348098779298
1789224360,2026-09-12T14:46:00.000Z,2883.614637,8887.956611832,0.32444067437966767,5767.229274,30,173393.48801481337,13.939348098779298
1789224420,2026-09-12T14:47:00.000Z,2883.614637,8887.956611832,0.32444067437966767,5767.229274,30,173393.48801481337,13.939348098779298
1789224480,2026-09-12T14:48:00.000Z,2883.614637,8887.956611832,0.32444067437966767,5767.229274,30,173393.48801481337,13.939348098779298
1789224540,2026-09-12T14:49:00.000Z,2899.380482,8852.200474374,0.3275321758011852,5798.760964,30,172450.63319702653,14.015559947167969
1789224600,2026-09-12T14:50:00.000Z,2898.938865,8853.207972976,0.32744502036424245,5797.87773,30,172476.90388945126,14.013425177490234
1789224660,2026-09-12T14:51:00.000Z,2898.938865,8853.207972976,0.32744502036424245,5797.87773,30,172476.90388945126,14.013425177490234
1789224720,2026-09-12T14:52:00.000Z,2899.038055,8852.983035756,0.3274645442435818,5798.07611,30,172471.0026271111,14.01390466040039
1789224780,2026-09-12T14:53:00.000Z,2899.447991,8852.053423654,0.3275452431468889,5798.895982,30,172446.61796039093,14.015886284619143
1789224840,2026-09-12T14:54:00.000Z,2899.447991,8852.053423654,0.3275452431468889,5798.895982,30,172446.61796039093,14.015886284619143
1789224900,2026-09-12T14:55:00.000Z,2899.447991,8852.053423654,0.3275452431468889,5798.895982,30,172446.61796039093,14.015886284619143
1789224960,2026-09-12T14:56:00.000Z,2899.447991,8852.053423654,0.3275452431468889,5798.895982,30,172446.61796039093,14.015886284619143
1789225020,2026-09-12T14:57:00.000Z,2899.447991,8852.053423654,0.3275452431468889,5798.895982,30,172446.61796039093,14.015886284619143
1789225080,2026-09-12T14:58:00.000Z,2899.447991,8852.053423654,0.3275452431468889,5798.895982,30,172446.61796039093,14.015886284619143
1789225140,2026-09-12T14:59:00.000Z,2899.447991,8852.053423654,0.3275452431468889,5798.895982,30,172446.61796039093,14.015886284619143
1789225200,2026-09-12T15:00:00.000Z,2899.447991,8852.053423654,0.3275452431468889,5798.895982,30,172446.61796039093,14.015886284619143
1789225260,2026-09-12T15:01:00.000Z,2899.447991,8852.053423654,0.3275452431468889,5798.895982,30,172446.61796039093,14.015886284619143
1789225320,2026-09-12T15:02:00.000Z,2899.447991,8852.053423654,0.3275452431468889,5798.895982,30,172446.61796039093,14.015886284619143
1789225380,2026-09-12T15:03:00.000Z,2907.965132,8832.74642488,0.32922547440158245,5815.930263999999,30,171941.53894689828,14.057058011132812
1789225440,2026-09-12T15:04:00.000Z,2918.610163,8808.635500336,0.3313351043857668,5837.220326,30,171314.41750550774,14.108515924658203
1789225500,2026-09-12T15:05:00.000Z,2918.610163,8808.635500336,0.3313351043857668,5837.220326,30,171314.41750550774,14.108515924658203
1789225560,2026-09-12T15:06:00.000Z,2918.610163,8808.635500336,0.3313351043857668,5837.220326,30,171314.41750550774,14.108515924658203
1789225620,2026-09-12T15:07:00.000Z,2918.610163,8808.635500336,0.3313351043857668,5837.220326,30,171314.41750550774,14.108515924658203
1789225680,2026-09-12T15:08:00.000Z,2918.610163,8808.635500336,0.3313351043857668,5837.220326,30,171314.41750550774,14.108515924658203
1789225740,2026-09-12T15:09:00.000Z,2942.533653,8754.52851722,0.3361156054506064,5885.067306,30,169921.5910377899,14.224161701513673
1789225800,2026-09-12T15:10:00.000Z,2953.165699,8730.517641912,0.3382578009834078,5906.331398,30,169309.83593955118,14.275556845751954
1789225860,2026-09-12T15:11:00.000Z,2974.478978,8682.450032144,0.34258521120051844,5948.957956,30,168096.66623907135,14.378584903417968
1789225920,2026-09-12T15:12:00.000Z,2974.478978,8682.450032144,0.34258521120051844,5948.957956,30,168096.66623907135,14.378584903417968
1789225980,2026-09-12T15:13:00.000Z,2974.478978,8682.450032144,0.34258521120051844,5948.957956,30,168096.66623907135,14.378584903417968
1789226040,2026-09-12T15:14:00.000Z,2970.438712,8691.610208144,0.3417593105149506,5940.877424,30,168325.30426569527,14.359054320703127
1789226100,2026-09-12T15:15:00.000Z,2970.438712,8691.610208144,0.3417593105149506,5940.877424,30,168325.30426569527,14.359054320703127
1789226160,2026-09-12T15:16:00.000Z,2970.438712,8691.610208144,0.3417593105149506,5940.877424,30,168325.30426569527,14.359054320703127
1789226220,2026-09-12T15:17:00.000Z,2970.438712,8691.610208144,0.3417593105149506,5940.877424,30,168325.30426569527,14.359054320703127
1789226280,2026-09-12T15:18:00.000Z,2970.438712,8691.610208144,0.3417593105149506,5940.877424,30,168325.30426569527,14.359054320703127
1789226340,2026-09-12T15:19:00.000Z,2970.438712,8691.610208144,0.3417593105149506,5940.877424,30,168325.30426569527,14.359054320703127
1789226400,2026-09-12T15:20:00.000Z,2970.438712,8691.610208144,0.3417593105149506,5940.877424,30,168325.30426569527,14.359054320703127
1789226460,2026-09-12T15:21:00.000Z,2970.438712,8691.610208144,0.3417593105149506,5940.877424,30,168325.30426569527,14.359054320703127
1789226520,2026-09-12T15:22:00.000Z,2970.438712,8691.610208144,0.3417593105149506,5940.877424,30,168325.30426569527,14.359054320703127
1789226580,2026-09-12T15:23:00.000Z,2970.438712,8691.610208144,0.3417593105149506,5940.877424,30,168325.30426569527,14.359054320703127
1789226640,2026-09-12T15:24:00.000Z,2970.438712,8691.610208144,0.3417593105149506,5940.877424,30,168325.30426569527,14.359054320703127
1789226700,2026-09-12T15:25:00.000Z,2970.438712,8691.610208144,0.3417593105149506,5940.877424,30,168325.30426569527,14.359054320703127
1789226760,2026-09-12T15:26:00.000Z,2970.438712,8691.610208144,0.3417593105149506,5940.877424,30,168325.30426569527,14.359054320703127
1789226820,2026-09-12T15:27:00.000Z,2970.438712,8691.610208144,0.3417593105149506,5940.877424,30,168325.30426569527,14.359054320703127
1789226880,2026-09-12T15:28:00.000Z,2970.438712,8691.610208144,0.3417593105149506,5940.877424,30,168325.30426569527,14.359054320703127
1789226940,2026-09-12T15:29:00.000Z,2971.558059,8689.087293656,0.34198736398580865,5943.116118,30,168261.8983282669,14.364465226611328
1789227000,2026-09-12T15:30:00.000Z,2971.558059,8689.087293656,0.34198736398580865,5943.116118,30,168261.8983282669,14.364465226611328
1789227060,2026-09-12T15:31:00.000Z,2971.558059,8689.087293656,0.34198736398580865,5943.116118,30,168261.8983282669,14.364465226611328
1789227120,2026-09-12T15:32:00.000Z,2971.558059,8689.087293656,0.34198736398580865,5943.116118,30,168261.8983282669,14.364465226611328
1789227180,2026-09-12T15:33:00.000Z,2971.558059,8689.087293656,0.34198736398580865,5943.116118,30,168261.8983282669,14.364465226611328
1789227240,2026-09-12T15:34:00.000Z,2971.558059,8689.087293656,0.34198736398580865,5943.116118,30,168261.8983282669,14.364465226611328
1789227300,2026-09-12T15:35:00.000Z,2971.558059,8689.087293656,0.34198736398580865,5943.116118,30,168261.8983282669,14.364465226611328
1789227360,2026-09-12T15:36:00.000Z,2971.558059,8689.087293656,0.34198736398580865,5943.116118,30,168261.8983282669,14.364465226611328
1789227420,2026-09-12T15:37:00.000Z,2971.558059,8689.087293656,0.34198736398580865,5943.116118,30,168261.8983282669,14.364465226611328
1789227480,2026-09-12T15:38:00.000Z,2971.558059,8689.087293656,0.34198736398580865,5943.116118,30,168261.8983282669,14.364465226611328
1789227540,2026-09-12T15:39:00.000Z,2971.558059,8689.087293656,0.34198736398580865,5943.116118,30,168261.8983282669,14.364465226611328
1789227600,2026-09-12T15:40:00.000Z,2971.558059,8689.087293656,0.34198736398580865,5943.116118,30,168261.8983282669,14.364465226611328
1789227660,2026-09-12T15:41:00.000Z,2971.558059,8689.087293656,0.34198736398580865,5943.116118,30,168261.8983282669,14.364465226611328
1789227720,2026-09-12T15:42:00.000Z,2971.558059,8689.087293656,0.34198736398580865,5943.116118,30,168261.8983282669,14.364465226611328
1789227780,2026-09-12T15:43:00.000Z,2971.558059,8689.087293656,0.34198736398580865,5943.116118,30,168261.8983282669,14.364465226611328
1789227840,2026-09-12T15:44:00.000Z,2971.558059,8689.087293656,0.34198736398580865,5943.116118,30,168261.8983282669,14.364465226611328
1789227900,2026-09-12T15:45:00.000Z,2971.558059,8689.087293656,0.34198736398580865,5943.116118,30,168261.8983282669,14.364465226611328
1789227960,2026-09-12T15:46:00.000Z,2971.558059,8689.087293656,0.34198736398580865,5943.116118,30,168261.8983282669,14.364465226611328
1789228020,2026-09-12T15:47:00.000Z,2971.558059,8689.087293656,0.34198736398580865,5943.116118,30,168261.8983282669,14.364465226611328
1789228080,2026-09-12T15:48:00.000Z,2971.558059,8689.087293656,0.34198736398580865,5943.116118,30,168261.8983282669,14.364465226611328
1789228140,2026-09-12T15:49:00.000Z,2971.558059,8689.087293656,0.34198736398580865,5943.116118,30,168261.8983282669,14.364465226611328
1789228200,2026-09-12T15:50:00.000Z,2971.558059,8689.087293656,0.34198736398580865,5943.116118,30,168261.8983282669,14.364465226611328
1789228260,2026-09-12T15:51:00.000Z,2971.558059,8689.087293656,0.34198736398580865,5943.116118,30,168261.8983282669,14.364465226611328
1789228320,2026-09-12T15:52:00.000Z,2971.558059,8689.087293656,0.34198736398580865,5943.116118,30,168261.8983282669,14.364465226611328
1789228380,2026-09-12T15:53:00.000Z,2971.558059,8689.087293656,0.34198736398580865,5943.116118,30,168261.8983282669,14.364465226611328
1789228440,2026-09-12T15:54:00.000Z,2971.558059,8689.087293656,0.34198736398580865,5943.116118,30,168261.8983282669,14.364465226611328
1789228500,2026-09-12T15:55:00.000Z,2971.558059,8689.087293656,0.34198736398580865,5943.116118,30,168261.8983282669,14.364465226611328
1789228560,2026-09-12T15:56:00.000Z,2971.558059,8689.087293656,0.34198736398580865,5943.116118,30,168261.8983282669,14.364465226611328
1789228620,2026-09-12T15:57:00.000Z,2971.558059,8689.087293656,0.34198736398580865,5943.116118,30,168261.8983282669,14.364465226611328
1789228680,2026-09-12T15:58:00.000Z,2971.558059,8689.087293656,0.34198736398580865,5943.116118,30,168261.8983282669,14.364465226611328
1789228740,2026-09-12T15:59:00.000Z,2971.558059,8689.087293656,0.34198736398580865,5943.116118,30,168261.8983282669,14.364465226611328
1789228800,2026-09-12T16:00:00.000Z,2971.558059,8689.087293656,0.34198736398580865,5943.116118,30,168261.8983282669,14.364465226611328
1789228860,2026-09-12T16:01:00.000Z,2971.558059,8689.087293656,0.34198736398580865,5943.116118,30,168261.8983282669,14.364465226611328
1789228920,2026-09-12T16:02:00.000Z,2971.558059,8689.087293656,0.34198736398580865,5943.116118,30,168261.8983282669,14.364465226611328
1789228980,2026-09-12T16:03:00.000Z,2979.994276,8670.080456227,0.34371010638773447,5959.988552,30,167785.557182728,14.405245767773435
1789229040,2026-09-12T16:04:00.000Z,2979.994276,8670.080456227,0.34371010638773447,5959.988552,30,167785.557182728,14.405245767773435
1789229100,2026-09-12T16:05:00.000Z,3009.176827,8604.436791773,0.3497238575658058,6018.353654,30,166158.3977098731,14.546313763330076
1789229160,2026-09-12T16:06:00.000Z,3009.176827,8604.436791773,0.3497238575658058,6018.353654,30,166158.3977098731,14.546313763330076
1789229220,2026-09-12T16:07:00.000Z,3009.176827,8604.436791773,0.3497238575658058,6018.353654,30,166158.3977098731,14.546313763330076
1789229280,2026-09-12T16:08:00.000Z,3009.176827,8604.436791773,0.3497238575658058,6018.353654,30,166158.3977098731,14.546313763330076
1789229340,2026-09-12T16:09:00.000Z,3009.176827,8604.436791773,0.3497238575658058,6018.353654,30,166158.3977098731,14.546313763330076
1789229400,2026-09-12T16:10:00.000Z,3009.176827,8604.436791773,0.3497238575658058,6018.353654,30,166158.3977098731,14.546313763330076
1789229460,2026-09-12T16:11:00.000Z,3009.176827,8604.436791773,0.3497238575658058,6018.353654,30,166158.3977098731,14.546313763330076
1789229520,2026-09-12T16:12:00.000Z,3009.176827,8604.436791773,0.3497238575658058,6018.353654,30,166158.3977098731,14.546313763330076
1789229580,2026-09-12T16:13:00.000Z,3009.176827,8604.436791773,0.3497238575658058,6018.353654,30,166158.3977098731,14.546313763330076
1789229640,2026-09-12T16:14:00.000Z,3009.176827,8604.436791773,0.3497238575658058,6018.353654,30,166158.3977098731,14.546313763330076
1789229700,2026-09-12T16:15:00.000Z,3009.176827,8604.436791773,0.3497238575658058,6018.353654,30,166158.3977098731,14.546313763330076
1789229760,2026-09-12T16:16:00.000Z,3009.176827,8604.436791773,0.3497238575658058,6018.353654,30,166158.3977098731,14.546313763330076
1789229820,2026-09-12T16:17:00.000Z,3025.160827,8568.55088042,0.3530539608410095,6050.321654,30,165280.46890513302,14.623580169580078
1789229880,2026-09-12T16:18:00.000Z,3025.160827,8568.55088042,0.3530539608410095,6050.321654,30,165280.46890513302,14.623580169580078
1789229940,2026-09-12T16:19:00.000Z,3025.160827,8568.55088042,0.3530539608410095,6050.321654,30,165280.46890513302,14.623580169580078
1789230000,2026-09-12T16:20:00.000Z,3025.160827,8568.55088042,0.3530539608410095,6050.321654,30,165280.46890513302,14.623580169580078
1789230060,2026-09-12T16:21:00.000Z,3025.160827,8568.55088042,0.3530539608410095,6050.321654,30,165280.46890513302,14.623580169580078
1789230120,2026-09-12T16:22:00.000Z,3025.160827,8568.55088042,0.3530539608410095,6050.321654,30,165280.46890513302,14.623580169580078
1789230180,2026-09-12T16:23:00.000Z,3025.160827,8568.55088042,0.3530539608410095,6050.321654,30,165280.46890513302,14.623580169580078
1789230240,2026-09-12T16:24:00.000Z,3025.160827,8568.55088042,0.3530539608410095,6050.321654,30,165280.46890513302,14.623580169580078
1789230300,2026-09-12T16:25:00.000Z,3025.160827,8568.55088042,0.3530539608410095,6050.321654,30,165280.46890513302,14.623580169580078
1789230360,2026-09-12T16:26:00.000Z,3025.160827,8568.55088042,0.3530539608410095,6050.321654,30,165280.46890513302,14.623580169580078
1789230420,2026-09-12T16:27:00.000Z,3025.160827,8568.55088042,0.3530539608410095,6050.321654,30,165280.46890513302,14.623580169580078
1789230480,2026-09-12T16:28:00.000Z,3025.160827,8568.55088042,0.3530539608410095,6050.321654,30,165280.46890513302,14.623580169580078
1789230540,2026-09-12T16:29:00.000Z,3025.160827,8568.55088042,0.3530539608410095,6050.321654,30,165280.46890513302,14.623580169580078
1789230600,2026-09-12T16:30:00.000Z,3033.750613,8549.28588016,0.354854271517614,6067.501226,30,164812.4924499191,14.665103060888672
1789230660,2026-09-12T16:31:00.000Z,3033.750613,8549.28588016,0.354854271517614,6067.501226,30,164812.4924499191,14.665103060888672
1789230720,2026-09-12T16:32:00.000Z,3033.750613,8549.28588016,0.354854271517614,6067.501226,30,164812.4924499191,14.665103060888672
1789230780,2026-09-12T16:33:00.000Z,3033.750613,8549.28588016,0.354854271517614,6067.501226,30,164812.4924499191,14.665103060888672
1789230840,2026-09-12T16:34:00.000Z,3033.750613,8549.28588016,0.354854271517614,6067.501226,30,164812.4924499191,14.665103060888672
1789230900,2026-09-12T16:35:00.000Z,3033.750613,8549.28588016,0.354854271517614,6067.501226,30,164812.4924499191,14.665103060888672
1789230960,2026-09-12T16:36:00.000Z,3033.750613,8549.28588016,0.354854271517614,6067.501226,30,164812.4924499191,14.665103060888672
1789231020,2026-09-12T16:37:00.000Z,3033.750613,8549.28588016,0.354854271517614,6067.501226,30,164812.4924499191,14.665103060888672
1789231080,2026-09-12T16:38:00.000Z,3033.750613,8549.28588016,0.354854271517614,6067.501226,30,164812.4924499191,14.665103060888672
1789231140,2026-09-12T16:39:00.000Z,3033.750613,8549.28588016,0.354854271517614,6067.501226,30,164812.4924499191,14.665103060888672
1789231200,2026-09-12T16:40:00.000Z,3033.750613,8549.28588016,0.354854271517614,6067.501226,30,164812.4924499191,14.665103060888672
1789231260,2026-09-12T16:41:00.000Z,3040.008073,8535.260588517,0.3561705048689323,6080.016146,30,164473.2474366689,14.695351524755859
1789231320,2026-09-12T16:42:00.000Z,3040.008073,8535.260588517,0.3561705048689323,6080.016146,30,164473.2474366689,14.695351524755859
1789231380,2026-09-12T16:43:00.000Z,3048.559935,8516.104692331,0.3579758639821933,6097.11987,30,164011.8648347978,14.736691092041017
1789231440,2026-09-12T16:44:00.000Z,3056.872495,8497.498098357,0.3597379439944858,6113.74499,30,163565.86701533326,14.776873877197266
1789231500,2026-09-12T16:45:00.000Z,3067.473779,8473.787453585,0.36199560064516906,6134.947558,30,163000.57833354996,14.828120318408201
1789231560,2026-09-12T16:46:00.000Z,3067.473779,8473.787453585,0.36199560064516906,6134.947558,30,163000.57833354996,14.828120318408201
1789231620,2026-09-12T16:47:00.000Z,3067.473779,8473.787453585,0.36199560064516906,6134.947558,30,163000.57833354996,14.828120318408201
1789231680,2026-09-12T16:48:00.000Z,3078.039766,8450.176878972,0.364257436274453,6156.079532,30,162441.0462538514,14.879196134472656
1789231740,2026-09-12T16:49:00.000Z,3078.039766,8450.176878972,0.364257436274453,6156.079532,30,162441.0462538514,14.879196134472656
1789231800,2026-09-12T16:50:00.000Z,3078.039766,8450.176878972,0.364257436274453,6156.079532,30,162441.0462538514,14.879196134472656
1789231860,2026-09-12T16:51:00.000Z,3078.039766,8450.176878972,0.364257436274453,6156.079532,30,162441.0462538514,14.879196134472656
1789231920,2026-09-12T16:52:00.000Z,3078.039766,8450.176878972,0.364257436274453,6156.079532,30,162441.0462538514,14.879196134472656
1789231980,2026-09-12T16:53:00.000Z,3099.196361,8402.963996502,0.36882180648282425,6198.392722,30,161332.14606597813,14.981466784130859
1789232040,2026-09-12T16:54:00.000Z,3120.309412,8355.932246139,0.3734244510469543,6240.618824,30,160240.51912195433,15.083526942773439
1789232100,2026-09-12T16:55:00.000Z,3119.82694,8357.0125459,0.37331844637837786,6239.65388,30,160265.2998438433,15.081194680664064
1789232160,2026-09-12T16:56:00.000Z,3119.82694,8357.0125459,0.37331844637837786,6239.65388,30,160265.2998438433,15.081194680664064
1789232220,2026-09-12T16:57:00.000Z,3144.039926,8303.176096228,0.3786550940944498,6288.079852,30,159031.0593275844,15.198239876660157
1789232280,2026-09-12T16:58:00.000Z,3144.039926,8303.176096228,0.3786550940944498,6288.079852,30,159031.0593275844,15.198239876660157
1789232340,2026-09-12T16:59:00.000Z,3144.039926,8303.176096228,0.3786550940944498,6288.079852,30,159031.0593275844,15.198239876660157
1789232400,2026-09-12T17:00:00.000Z,3144.039926,8303.176096228,0.3786550940944498,6288.079852,30,159031.0593275844,15.198239876660157
1789232460,2026-09-12T17:01:00.000Z,3144.039926,8303.176096228,0.3786550940944498,6288.079852,30,159031.0593275844,15.198239876660157
1789232520,2026-09-12T17:02:00.000Z,3144.039926,8303.176096228,0.3786550940944498,6288.079852,30,159031.0593275844,15.198239876660157
1789232580,2026-09-12T17:03:00.000Z,3144.039926,8303.176096228,0.3786550940944498,6288.079852,30,159031.0593275844,15.198239876660157
1789232640,2026-09-12T17:04:00.000Z,3154.584215,8279.765663049,0.3809992146369917,6309.16843,30,158499.49341105163,15.24921080493164
1789232700,2026-09-12T17:05:00.000Z,3175.655718,8233.04491671,0.3857206841608027,6351.311436,30,157447.79799835972,15.351070121191405
1789232760,2026-09-12T17:06:00.000Z,3196.719384,8186.424242082,0.39049031536472134,6393.438768,30,156410.35071847896,15.452891553515624
1789232820,2026-09-12T17:07:00.000Z,3207.219932,8163.213961726,0.3928869128063228,6414.439864,30,155898.25786852214,15.503651038476562
1789232880,2026-09-12T17:08:00.000Z,3207.219932,8163.213961726,0.3928869128063228,6414.439864,30,155898.25786852214,15.503651038476562
1789232940,2026-09-12T17:09:00.000Z,3207.219932,8163.213961726,0.3928869128063228,6414.439864,30,155898.25786852214,15.503651038476562
1789233000,2026-09-12T17:10:00.000Z,3207.219932,8163.213961726,0.3928869128063228,6414.439864,30,155898.25786852214,15.503651038476562
1789233060,2026-09-12T17:11:00.000Z,3207.219932,8163.213961726,0.3928869128063228,6414.439864,30,155898.25786852214,15.503651038476562
1789233120,2026-09-12T17:12:00.000Z,3207.219932,8163.213961726,0.3928869128063228,6414.439864,30,155898.25786852214,15.503651038476562
1789233180,2026-09-12T17:13:00.000Z,3207.219932,8163.213961726,0.3928869128063228,6414.439864,30,155898.25786852214,15.503651038476562
1789233240,2026-09-12T17:14:00.000Z,3207.219932,8163.213961726,0.3928869128063228,6414.439864,30,155898.25786852214,15.503651038476562
1789233300,2026-09-12T17:15:00.000Z,3207.219932,8163.213961726,0.3928869128063228,6414.439864,30,155898.25786852214,15.503651038476562
1789233360,2026-09-12T17:16:00.000Z,3217.002157,8141.609868929,0.3951309641201446,6434.004314,30,155424.20414982643,15.550938161279296
1789233420,2026-09-12T17:17:00.000Z,3227.520602,8118.399621179,0.3975562614065161,6455.041204,30,154917.6788182745,15.601784160058592
1789233480,2026-09-12T17:18:00.000Z,3227.520602,8118.399621179,0.3975562614065161,6455.041204,30,154917.6788182745,15.601784160058592
1789233540,2026-09-12T17:19:00.000Z,3227.520602,8118.399621179,0.3975562614065161,6455.041204,30,154917.6788182745,15.601784160058592
1789233600,2026-09-12T17:20:00.000Z,3227.520602,8118.399621179,0.3975562614065161,6455.041204,30,154917.6788182745,15.601784160058592
1789233660,2026-09-12T17:21:00.000Z,3227.520602,8118.399621179,0.3975562614065161,6455.041204,30,154917.6788182745,15.601784160058592
1789233720,2026-09-12T17:22:00.000Z,3227.520602,8118.399621179,0.3975562614065161,6455.041204,30,154917.6788182745,15.601784160058592
1789233780,2026-09-12T17:23:00.000Z,3227.520602,8118.399621179,0.3975562614065161,6455.041204,30,154917.6788182745,15.601784160058592
1789233840,2026-09-12T17:24:00.000Z,3218.150468,8139.199621179,0.39538905762011967,6436.300936,30,155368.74517577715,15.556489078710936
1789233900,2026-09-12T17:25:00.000Z,3207.617899,8162.599621179,0.3929652375301355,6415.235798,30,155878.9156762964,15.505574804736327
1789233960,2026-09-12T17:26:00.000Z,3207.617899,8162.599621179,0.3929652375301355,6415.235798,30,155878.9156762964,15.505574804736327
1789234020,2026-09-12T17:27:00.000Z,3207.617899,8162.599621179,0.3929652375301355,6415.235798,30,155878.9156762964,15.505574804736327
1789234080,2026-09-12T17:28:00.000Z,3207.617899,8162.599621179,0.3929652375301355,6415.235798,30,155878.9156762964,15.505574804736327
1789234140,2026-09-12T17:29:00.000Z,3207.617899,8162.599621179,0.3929652375301355,6415.235798,30,155878.9156762964,15.505574804736327
1789234200,2026-09-12T17:30:00.000Z,3207.581987,8162.679441978,0.39295699528569644,6415.163974,30,155880.66089236332,15.505401206689454
1789234260,2026-09-12T17:31:00.000Z,3207.581987,8162.679441978,0.39295699528569644,6415.163974,30,155880.66089236332,15.505401206689454
1789234320,2026-09-12T17:32:00.000Z,3207.581987,8162.679441978,0.39295699528569644,6415.163974,30,155880.66089236332,15.505401206689454
1789234380,2026-09-12T17:33:00.000Z,3207.581987,8162.679441978,0.39295699528569644,6415.163974,30,155880.66089236332,15.505401206689454
1789234440,2026-09-12T17:34:00.000Z,3190.776628,8200.058719434,0.38911631455003043,6381.553256,30,156701.66178740104,15.424164363867188
1789234500,2026-09-12T17:35:00.000Z,3190.166794,8201.416137194,0.3889775546850219,6380.333588,30,156731.61696134185,15.421216435839845
1789234560,2026-09-12T17:36:00.000Z,3190.166794,8201.416137194,0.3889775546850219,6380.333588,30,156731.61696134185,15.421216435839845
1789234620,2026-09-12T17:37:00.000Z,3190.166794,8201.416137194,0.3889775546850219,6380.333588,30,156731.61696134185,15.421216435839845
1789234680,2026-09-12T17:38:00.000Z,3190.166794,8201.416137194,0.3889775546850219,6380.333588,30,156731.61696134185,15.421216435839845
1789234740,2026-09-12T17:39:00.000Z,3190.166794,8201.416137194,0.3889775546850219,6380.333588,30,156731.61696134185,15.421216435839845
1789234800,2026-09-12T17:40:00.000Z,3193.147794,8194.821196435,0.3896543582170064,6386.295588,30,156585.2983502711,15.43562654326172
1789234860,2026-09-12T17:41:00.000Z,3193.147794,8194.821196435,0.3896543582170064,6386.295588,30,156585.2983502711,15.43562654326172
1789234920,2026-09-12T17:42:00.000Z,3194.731639,8191.317889826,0.39001436422922936,6389.463278,30,156507.6684051333,15.44328282524414
1789234980,2026-09-12T17:43:00.000Z,3194.731639,8191.317889826,0.39001436422922936,6389.463278,30,156507.6684051333,15.44328282524414
1789235040,2026-09-12T17:44:00.000Z,3194.731639,8191.317889826,0.39001436422922936,6389.463278,30,156507.6684051333,15.44328282524414
1789235100,2026-09-12T17:45:00.000Z,3194.731639,8191.317889826,0.39001436422922936,6389.463278,30,156507.6684051333,15.44328282524414
1789235160,2026-09-12T17:46:00.000Z,3194.731639,8191.317889826,0.39001436422922936,6389.463278,30,156507.6684051333,15.44328282524414
1789235220,2026-09-12T17:47:00.000Z,3194.731639,8191.317889826,0.39001436422922936,6389.463278,30,156507.6684051333,15.44328282524414
1789235280,2026-09-12T17:48:00.000Z,3194.731639,8191.317889826,0.39001436422922936,6389.463278,30,156507.6684051333,15.44328282524414
1789235340,2026-09-12T17:49:00.000Z,3194.731639,8191.317889826,0.39001436422922936,6389.463278,30,156507.6684051333,15.44328282524414
1789235400,2026-09-12T17:50:00.000Z,3194.731639,8191.317889826,0.39001436422922936,6389.463278,30,156507.6684051333,15.44328282524414
1789235460,2026-09-12T17:51:00.000Z,3194.731639,8191.317889826,0.39001436422922936,6389.463278,30,156507.6684051333,15.44328282524414
1789235520,2026-09-12T17:52:00.000Z,3194.731639,8191.317889826,0.39001436422922936,6389.463278,30,156507.6684051333,15.44328282524414
1789235580,2026-09-12T17:53:00.000Z,3195.52435,8189.564668964,0.3901946537048644,6391.0487,30,156468.84368131947,15.447114777832033
1789235640,2026-09-12T17:54:00.000Z,3227.867152,8118.132229328,0.3976120443491711,6455.734304,30,154901.04655955185,15.603459377343748
1789235700,2026-09-12T17:55:00.000Z,3238.349702,8095.022019817,0.40004211156836456,6476.699404,30,154399.631297139,15.654131860253907
1789235760,2026-09-12T17:56:00.000Z,3272.467624,8019.944940774,0.4080411584077753,6544.935248,30,152789.89968702593,15.819057362109374
1789235820,2026-09-12T17:57:00.000Z,3272.467624,8019.944940774,0.4080411584077753,6544.935248,30,152789.89968702593,15.819057362109374
1789235880,2026-09-12T17:58:00.000Z,3272.467624,8019.944940774,0.4080411584077753,6544.935248,30,152789.89968702593,15.819057362109374
1789235940,2026-09-12T17:59:00.000Z,3272.467624,8019.944940774,0.4080411584077753,6544.935248,30,152789.89968702593,15.819057362109374
1789236000,2026-09-12T18:00:00.000Z,3272.467624,8019.944940774,0.4080411584077753,6544.935248,30,152789.89968702593,15.819057362109374
1789236060,2026-09-12T18:01:00.000Z,3272.467624,8019.944940774,0.4080411584077753,6544.935248,30,152789.89968702593,15.819057362109374
1789236120,2026-09-12T18:02:00.000Z,3272.467624,8019.944940774,0.4080411584077753,6544.935248,30,152789.89968702593,15.819057362109374
1789236180,2026-09-12T18:03:00.000Z,3272.467624,8019.944940774,0.4080411584077753,6544.935248,30,152789.89968702593,15.819057362109374
1789236240,2026-09-12T18:04:00.000Z,3272.467624,8019.944940774,0.4080411584077753,6544.935248,30,152789.89968702593,15.819057362109374
1789236300,2026-09-12T18:05:00.000Z,3272.467624,8019.944940774,0.4080411584077753,6544.935248,30,152789.89968702593,15.819057362109374
1789236360,2026-09-12T18:06:00.000Z,3272.467624,8019.944940774,0.4080411584077753,6544.935248,30,152789.89968702593,15.819057362109374
1789236420,2026-09-12T18:07:00.000Z,3272.467624,8019.944940774,0.4080411584077753,6544.935248,30,152789.89968702593,15.819057362109374
1789236480,2026-09-12T18:08:00.000Z,3272.467624,8019.944940774,0.4080411584077753,6544.935248,30,152789.89968702593,15.819057362109374
1789236540,2026-09-12T18:09:00.000Z,3272.467624,8019.944940774,0.4080411584077753,6544.935248,30,152789.89968702593,15.819057362109374
1789236600,2026-09-12T18:10:00.000Z,3248.985022,8071.907233068,0.40250524791587744,6497.970044,30,153894.2151516019,15.705542830957032
1789236660,2026-09-12T18:11:00.000Z,3247.877237,8074.361075054,0.4022457265423046,6495.754474,30,153946.7053446392,15.700187815576172
1789236720,2026-09-12T18:12:00.000Z,3247.877237,8074.361075054,0.4022457265423046,6495.754474,30,153946.7053446392,15.700187815576172
1789236780,2026-09-12T18:13:00.000Z,3247.877237,8074.361075054,0.4022457265423046,6495.754474,30,153946.7053446392,15.700187815576172
1789236840,2026-09-12T18:14:00.000Z,3247.877237,8074.361075054,0.4022457265423046,6495.754474,30,153946.7053446392,15.700187815576172
1789236900,2026-09-12T18:15:00.000Z,3247.877237,8074.361075054,0.4022457265423046,6495.754474,30,153946.7053446392,15.700187815576172
1789236960,2026-09-12T18:16:00.000Z,3247.877237,8074.361075054,0.4022457265423046,6495.754474,30,153946.7053446392,15.700187815576172
1789237020,2026-09-12T18:17:00.000Z,3247.877237,8074.361075054,0.4022457265423046,6495.754474,30,153946.7053446392,15.700187815576172
1789237080,2026-09-12T18:18:00.000Z,3236.369325,8099.865647274,0.3995583958962574,6472.73865,30,154494.11046435498,15.644558748779298
1789237140,2026-09-12T18:19:00.000Z,3236.369325,8099.865647274,0.3995583958962574,6472.73865,30,154494.11046435498,15.644558748779298
1789237200,2026-09-12T18:20:00.000Z,3226.722027,8121.265647274,0.3973176309142267,6453.444054,30,154956.01908568124,15.597923860986327
1789237260,2026-09-12T18:21:00.000Z,3199.648449,8181.414221011,0.39108745292260855,6399.296898,30,156267.16746218392,15.467050607958983
1789237320,2026-09-12T18:22:00.000Z,3199.648449,8181.414221011,0.39108745292260855,6399.296898,30,156267.16746218392,15.467050607958983
1789237380,2026-09-12T18:23:00.000Z,3199.648449,8181.414221011,0.39108745292260855,6399.296898,30,156267.16746218392,15.467050607958983
1789237440,2026-09-12T18:24:00.000Z,3199.648449,8181.414221011,0.39108745292260855,6399.296898,30,156267.16746218392,15.467050607958983
1789237500,2026-09-12T18:25:00.000Z,3200.958034,8178.519045221,0.3913860218825845,6401.916068,30,156203.23499686344,15.473381121386721
1789237560,2026-09-12T18:26:00.000Z,3210.01209,8158.511427146,0.39345560996816825,6420.02418,30,155762.65321791978,15.517148286621094
1789237620,2026-09-12T18:27:00.000Z,3210.033031,8158.465169831,0.3934604075862586,6420.066062,30,155761.63708329143,15.51724951508789
1789237680,2026-09-12T18:28:00.000Z,3225.246685,8124.880395649,0.3969592816070462,6450.49337,30,155026.90145389608,15.590792080810546
1789237740,2026-09-12T18:29:00.000Z,3225.246685,8124.880395649,0.3969592816070462,6450.49337,30,155026.90145389608,15.590792080810546
1789237800,2026-09-12T18:30:00.000Z,3225.246685,8124.880395649,0.3969592816070462,6450.49337,30,155026.90145389608,15.590792080810546
1789237860,2026-09-12T18:31:00.000Z,3225.246685,8124.880395649,0.3969592816070462,6450.49337,30,155026.90145389608,15.590792080810546
1789237920,2026-09-12T18:32:00.000Z,3225.246685,8124.880395649,0.3969592816070462,6450.49337,30,155026.90145389608,15.590792080810546
1789237980,2026-09-12T18:33:00.000Z,3225.246685,8124.880395649,0.3969592816070462,6450.49337,30,155026.90145389608,15.590792080810546
1789238040,2026-09-12T18:34:00.000Z,3225.246685,8124.880395649,0.3969592816070462,6450.49337,30,155026.90145389608,15.590792080810546
1789238100,2026-09-12T18:35:00.000Z,3225.246685,8124.880395649,0.3969592816070462,6450.49337,30,155026.90145389608,15.590792080810546
1789238160,2026-09-12T18:36:00.000Z,3225.21401,8124.952915589,0.39695171695234316,6450.42802,30,155028.47204858818,15.590634130371095
1789238220,2026-09-12T18:37:00.000Z,3225.21401,8124.952915589,0.39695171695234316,6450.42802,30,155028.47204858818,15.590634130371095
1789238280,2026-09-12T18:38:00.000Z,3223.911178,8127.844626472,0.396650197704306,6447.822356,30,155091.12143411543,15.584336260839844
1789238340,2026-09-12T18:39:00.000Z,3223.911178,8127.844626472,0.396650197704306,6447.822356,30,155091.12143411543,15.584336260839844
1789238400,2026-09-12T18:40:00.000Z,3223.911178,8127.844626472,0.396650197704306,6447.822356,30,155091.12143411543,15.584336260839844
1789238460,2026-09-12T18:41:00.000Z,3223.911178,8127.844626472,0.396650197704306,6447.822356,30,155091.12143411543,15.584336260839844
1789238520,2026-09-12T18:42:00.000Z,3223.911178,8127.844626472,0.396650197704306,6447.822356,30,155091.12143411543,15.584336260839844
1789238580,2026-09-12T18:43:00.000Z,3191.75046,8199.327861834,0.389269768666877,6383.50092,30,156653.85068981862,15.428871852539062
1789238640,2026-09-12T18:44:00.000Z,3191.75046,8199.327861834,0.389269768666877,6383.50092,30,156653.85068981862,15.428871852539062
1789238700,2026-09-12T18:45:00.000Z,3191.75046,8199.327861834,0.389269768666877,6383.50092,30,156653.85068981862,15.428871852539062
1789238760,2026-09-12T18:46:00.000Z,3191.75046,8199.327861834,0.389269768666877,6383.50092,30,156653.85068981862,15.428871852539062
1789238820,2026-09-12T18:47:00.000Z,3191.75046,8199.327861834,0.389269768666877,6383.50092,30,156653.85068981862,15.428871852539062
1789238880,2026-09-12T18:48:00.000Z,3191.75046,8199.327861834,0.389269768666877,6383.50092,30,156653.85068981862,15.428871852539062
1789238940,2026-09-12T18:49:00.000Z,3191.75046,8199.327861834,0.389269768666877,6383.50092,30,156653.85068981862,15.428871852539062
1789239000,2026-09-12T18:50:00.000Z,3191.75046,8199.327861834,0.389269768666877,6383.50092,30,156653.85068981862,15.428871852539062
1789239060,2026-09-12T18:51:00.000Z,3191.75046,8199.327861834,0.389269768666877,6383.50092,30,156653.85068981862,15.428871852539062
1789239120,2026-09-12T18:52:00.000Z,3191.75046,8199.327861834,0.389269768666877,6383.50092,30,156653.85068981862,15.428871852539062
1789239180,2026-09-12T18:53:00.000Z,3149.994585,8292.427861834,0.3798639719855615,6299.98917,30,158730.43159532922,15.227024605224608
1789239240,2026-09-12T18:54:00.000Z,3149.994585,8292.427861834,0.3798639719855615,6299.98917,30,158730.43159532922,15.227024605224608
1789239300,2026-09-12T18:55:00.000Z,3149.994585,8292.427861834,0.3798639719855615,6299.98917,30,158730.43159532922,15.227024605224608
1789239360,2026-09-12T18:56:00.000Z,3149.994585,8292.427861834,0.3798639719855615,6299.98917,30,158730.43159532922,15.227024605224608
1789239420,2026-09-12T18:57:00.000Z,3149.994585,8292.427861834,0.3798639719855615,6299.98917,30,158730.43159532922,15.227024605224608
1789239480,2026-09-12T18:58:00.000Z,3149.994585,8292.427861834,0.3798639719855615,6299.98917,30,158730.43159532922,15.227024605224608
1789239540,2026-09-12T18:59:00.000Z,3149.994585,8292.427861834,0.3798639719855615,6299.98917,30,158730.43159532922,15.227024605224608
1789239600,2026-09-12T19:00:00.000Z,3149.994585,8292.427861834,0.3798639719855615,6299.98917,30,158730.43159532922,15.227024605224608
1789239660,2026-09-12T19:01:00.000Z,3149.994585,8292.427861834,0.3798639719855615,6299.98917,30,158730.43159532922,15.227024605224608
1789239720,2026-09-12T19:02:00.000Z,3149.258721,8294.071509029,0.3796999721513962,6298.517442,30,158767.52096164157,15.223467450146485
1789239780,2026-09-12T19:03:00.000Z,3120.929282,8357.426699035,0.37343184623567943,6241.858564,30,160208.69261080553,15.086523384667968
1789239840,2026-09-12T19:04:00.000Z,3120.929282,8357.426699035,0.37343184623567943,6241.858564,30,160208.69261080553,15.086523384667968
1789239900,2026-09-12T19:05:00.000Z,3120.929282,8357.426699035,0.37343184623567943,6241.858564,30,160208.69261080553,15.086523384667968
1789239960,2026-09-12T19:06:00.000Z,3120.929282,8357.426699035,0.37343184623567943,6241.858564,30,160208.69261080553,15.086523384667968
1789240020,2026-09-12T19:07:00.000Z,3120.929282,8357.426699035,0.37343184623567943,6241.858564,30,160208.69261080553,15.086523384667968
1789240080,2026-09-12T19:08:00.000Z,3120.929282,8357.426699035,0.37343184623567943,6241.858564,30,160208.69261080553,15.086523384667968
1789240140,2026-09-12T19:09:00.000Z,3120.929282,8357.426699035,0.37343184623567943,6241.858564,30,160208.69261080553,15.086523384667968
1789240200,2026-09-12T19:10:00.000Z,3097.059355,8410.926699035,0.3682185644722514,6194.11871,30,161443.4670723319,14.971136530517578
1789240260,2026-09-12T19:11:00.000Z,3097.059355,8410.926699035,0.3682185644722514,6194.11871,30,161443.4670723319,14.971136530517578
1789240320,2026-09-12T19:12:00.000Z,3086.456063,8434.726699035,0.3659224742104703,6172.912126,30,161998.0941876768,14.919880382666015
1789240380,2026-09-12T19:13:00.000Z,3086.456063,8434.726699035,0.3659224742104703,6172.912126,30,161998.0941876768,14.919880382666015
1789240440,2026-09-12T19:14:00.000Z,3086.456063,8434.726699035,0.3659224742104703,6172.912126,30,161998.0941876768,14.919880382666015
1789240500,2026-09-12T19:15:00.000Z,3086.456063,8434.726699035,0.3659224742104703,6172.912126,30,161998.0941876768,14.919880382666015
1789240560,2026-09-12T19:16:00.000Z,3086.456063,8434.726699035,0.3659224742104703,6172.912126,30,161998.0941876768,14.919880382666015
1789240620,2026-09-12T19:17:00.000Z,3086.456063,8434.726699035,0.3659224742104703,6172.912126,30,161998.0941876768,14.919880382666015
1789240680,2026-09-12T19:18:00.000Z,3086.456063,8434.726699035,0.3659224742104703,6172.912126,30,161998.0941876768,14.919880382666015
1789240740,2026-09-12T19:19:00.000Z,3076.30721,8457.526699035,0.3637360329410495,6152.61442,30,162532.53198337107,14.870820985839842
1789240800,2026-09-12T19:20:00.000Z,3065.67808,8481.426699035,0.3614578288283511,6131.35616,30,163096.05475601665,14.8194399375
1789240860,2026-09-12T19:21:00.000Z,3055.058518,8505.326699035,0.3591935531819867,6110.117036,30,163662.9861765548,14.768105140722655
1789240920,2026-09-12T19:22:00.000Z,3055.058518,8505.326699035,0.3591935531819867,6110.117036,30,163662.9861765548,14.768105140722655
1789240980,2026-09-12T19:23:00.000Z,3039.018034,8541.467669027,0.35579576622646036,6078.036068,30,164526.82886580066,14.69056569169922
1789241040,2026-09-12T19:24:00.000Z,3039.018034,8541.467669027,0.35579576622646036,6078.036068,30,164526.82886580066,14.69056569169922
1789241100,2026-09-12T19:25:00.000Z,3039.018034,8541.467669027,0.35579576622646036,6078.036068,30,164526.82886580066,14.69056569169922
1789241160,2026-09-12T19:26:00.000Z,3039.018034,8541.467669027,0.35579576622646036,6078.036068,30,164526.82886580066,14.69056569169922
1789241220,2026-09-12T19:27:00.000Z,3028.511079,8565.167669027,0.3535845643689586,6057.022158,30,165097.62948105103,14.63977523540039
1789241280,2026-09-12T19:28:00.000Z,3028.511079,8565.167669027,0.3535845643689586,6057.022158,30,165097.62948105103,14.63977523540039
1789241340,2026-09-12T19:29:00.000Z,3028.511079,8565.167669027,0.3535845643689586,6057.022158,30,165097.62948105103,14.63977523540039
1789241400,2026-09-12T19:30:00.000Z,3028.511079,8565.167669027,0.3535845643689586,6057.022158,30,165097.62948105103,14.63977523540039
1789241460,2026-09-12T19:31:00.000Z,3012.569058,8601.167669027,0.3502511721575118,6025.138116,30,165971.2990386825,14.562711754980468
1789241520,2026-09-12T19:32:00.000Z,3012.569058,8601.167669027,0.3502511721575118,6025.138116,30,165971.2990386825,14.562711754980468
1789241580,2026-09-12T19:33:00.000Z,3012.031168,8602.383174075,0.35013915412154134,6024.062336,30,166000.93827448736,14.560111603125
1789241640,2026-09-12T19:34:00.000Z,2993.394225,8644.532596934,0.3462760064160881,5986.78845,30,167034.46402887342,14.470020911865234
1789241700,2026-09-12T19:35:00.000Z,2993.394225,8644.532596934,0.3462760064160881,5986.78845,30,167034.46402887342,14.470020911865234
1789241760,2026-09-12T19:36:00.000Z,2993.394225,8644.532596934,0.3462760064160881,5986.78845,30,167034.46402887342,14.470020911865234
1789241820,2026-09-12T19:37:00.000Z,2993.394225,8644.532596934,0.3462760064160881,5986.78845,30,167034.46402887342,14.470020911865234
1789241880,2026-09-12T19:38:00.000Z,2984.8334,8663.916204747,0.3445131888931008,5969.6668,30,167513.53693643335,14.428638017578123
1789241940,2026-09-12T19:39:00.000Z,2984.8334,8663.916204747,0.3445131888931008,5969.6668,30,167513.53693643335,14.428638017578123
1789242000,2026-09-12T19:40:00.000Z,2984.8334,8663.916204747,0.3445131888931008,5969.6668,30,167513.53693643335,14.428638017578123
1789242060,2026-09-12T19:41:00.000Z,2984.8334,8663.916204747,0.3445131888931008,5969.6668,30,167513.53693643335,14.428638017578123
1789242120,2026-09-12T19:42:00.000Z,2984.8334,8663.916204747,0.3445131888931008,5969.6668,30,167513.53693643335,14.428638017578123
1789242180,2026-09-12T19:43:00.000Z,2984.8334,8663.916204747,0.3445131888931008,5969.6668,30,167513.53693643335,14.428638017578123
1789242240,2026-09-12T19:44:00.000Z,2984.8334,8663.916204747,0.3445131888931008,5969.6668,30,167513.53693643335,14.428638017578123
1789242300,2026-09-12T19:45:00.000Z,2984.8334,8663.916204747,0.3445131888931008,5969.6668,30,167513.53693643335,14.428638017578123
1789242360,2026-09-12T19:46:00.000Z,2983.192865,8667.632355039,0.3441762113116964,5966.38573,30,167605.65696780724,14.420707697021484
1789242420,2026-09-12T19:47:00.000Z,2983.192865,8667.632355039,0.3441762113116964,5966.38573,30,167605.65696780724,14.420707697021484
1789242480,2026-09-12T19:48:00.000Z,2983.192865,8667.632355039,0.3441762113116964,5966.38573,30,167605.65696780724,14.420707697021484
1789242540,2026-09-12T19:49:00.000Z,2983.192865,8667.632355039,0.3441762113116964,5966.38573,30,167605.65696780724,14.420707697021484
1789242600,2026-09-12T19:50:00.000Z,2983.192865,8667.632355039,0.3441762113116964,5966.38573,30,167605.65696780724,14.420707697021484
1789242660,2026-09-12T19:51:00.000Z,2983.192865,8667.632355039,0.3441762113116964,5966.38573,30,167605.65696780724,14.420707697021484
1789242720,2026-09-12T19:52:00.000Z,2983.192865,8667.632355039,0.3441762113116964,5966.38573,30,167605.65696780724,14.420707697021484
1789242780,2026-09-12T19:53:00.000Z,2983.192865,8667.632355039,0.3441762113116964,5966.38573,30,167605.65696780724,14.420707697021484
1789242840,2026-09-12T19:54:00.000Z,2983.192865,8667.632355039,0.3441762113116964,5966.38573,30,167605.65696780724,14.420707697021484
1789242900,2026-09-12T19:55:00.000Z,2983.192865,8667.632355039,0.3441762113116964,5966.38573,30,167605.65696780724,14.420707697021484
1789242960,2026-09-12T19:56:00.000Z,2983.192865,8667.632355039,0.3441762113116964,5966.38573,30,167605.65696780724,14.420707697021484
1789243020,2026-09-12T19:57:00.000Z,2983.192865,8667.632355039,0.3441762113116964,5966.38573,30,167605.65696780724,14.420707697021484
1789243080,2026-09-12T19:58:00.000Z,2983.192865,8667.632355039,0.3441762113116964,5966.38573,30,167605.65696780724,14.420707697021484
1789243140,2026-09-12T19:59:00.000Z,2983.192865,8667.632355039,0.3441762113116964,5966.38573,30,167605.65696780724,14.420707697021484
1789243200,2026-09-12T20:00:00.000Z,2983.192865,8667.632355039,0.3441762113116964,5966.38573,30,167605.65696780724,14.420707697021484
1789243260,2026-09-12T20:01:00.000Z,2983.118956,8667.799787827,0.3441610361362375,5966.237912,30,167609.8095231305,14.42035042207031
1789243320,2026-09-12T20:02:00.000Z,2983.118956,8667.799787827,0.3441610361362375,5966.237912,30,167609.8095231305,14.42035042207031
1789243380,2026-09-12T20:03:00.000Z,2983.118956,8667.799787827,0.3441610361362375,5966.237912,30,167609.8095231305,14.42035042207031
1789243440,2026-09-12T20:04:00.000Z,2983.118956,8667.799787827,0.3441610361362375,5966.237912,30,167609.8095231305,14.42035042207031
1789243500,2026-09-12T20:05:00.000Z,2983.118956,8667.799787827,0.3441610361362375,5966.237912,30,167609.8095231305,14.42035042207031
1789243560,2026-09-12T20:06:00.000Z,2983.118956,8667.799787827,0.3441610361362375,5966.237912,30,167609.8095231305,14.42035042207031
1789243620,2026-09-12T20:07:00.000Z,2983.118956,8667.799787827,0.3441610361362375,5966.237912,30,167609.8095231305,14.42035042207031
1789243680,2026-09-12T20:08:00.000Z,2983.118956,8667.799787827,0.3441610361362375,5966.237912,30,167609.8095231305,14.42035042207031
1789243740,2026-09-12T20:09:00.000Z,2983.118956,8667.799787827,0.3441610361362375,5966.237912,30,167609.8095231305,14.42035042207031
1789243800,2026-09-12T20:10:00.000Z,2982.605603,8668.962752989,0.34405564863819693,5965.211206,30,167638.657788708,14.417868881689454
1789243860,2026-09-12T20:11:00.000Z,2981.440042,8671.60343424,0.3438164653872114,5962.880084,30,167704.1942673419,14.412234578027345
1789243920,2026-09-12T20:12:00.000Z,2981.440042,8671.60343424,0.3438164653872114,5962.880084,30,167704.1942673419,14.412234578027345
1789243980,2026-09-12T20:13:00.000Z,2981.440042,8671.60343424,0.3438164653872114,5962.880084,30,167704.1942673419,14.412234578027345
1789244040,2026-09-12T20:14:00.000Z,2981.440042,8671.60343424,0.3438164653872114,5962.880084,30,167704.1942673419,14.412234578027345
1789244100,2026-09-12T20:15:00.000Z,2981.440042,8671.60343424,0.3438164653872114,5962.880084,30,167704.1942673419,14.412234578027345
1789244160,2026-09-12T20:16:00.000Z,2981.440042,8671.60343424,0.3438164653872114,5962.880084,30,167704.1942673419,14.412234578027345
1789244220,2026-09-12T20:17:00.000Z,2981.440042,8671.60343424,0.3438164653872114,5962.880084,30,167704.1942673419,14.412234578027345
1789244280,2026-09-12T20:18:00.000Z,2981.440042,8671.60343424,0.3438164653872114,5962.880084,30,167704.1942673419,14.412234578027345
1789244340,2026-09-12T20:19:00.000Z,2981.440042,8671.60343424,0.3438164653872114,5962.880084,30,167704.1942673419,14.412234578027345
1789244400,2026-09-12T20:20:00.000Z,2981.440042,8671.60343424,0.3438164653872114,5962.880084,30,167704.1942673419,14.412234578027345
1789244460,2026-09-12T20:21:00.000Z,2967.957295,8702.168827512,0.34105949376858463,5935.91459,30,168466.0358295351,14.347059189697267
1789244520,2026-09-12T20:22:00.000Z,2967.957295,8702.168827512,0.34105949376858463,5935.91459,30,168466.0358295351,14.347059189697267
1789244580,2026-09-12T20:23:00.000Z,2967.957295,8702.168827512,0.34105949376858463,5935.91459,30,168466.0358295351,14.347059189697267
1789244640,2026-09-12T20:24:00.000Z,2967.957295,8702.168827512,0.34105949376858463,5935.91459,30,168466.0358295351,14.347059189697267
1789244700,2026-09-12T20:25:00.000Z,2967.957295,8702.168827512,0.34105949376858463,5935.91459,30,168466.0358295351,14.347059189697267
1789244760,2026-09-12T20:26:00.000Z,2967.957295,8702.168827512,0.34105949376858463,5935.91459,30,168466.0358295351,14.347059189697267
1789244820,2026-09-12T20:27:00.000Z,2967.957295,8702.168827512,0.34105949376858463,5935.91459,30,168466.0358295351,14.347059189697267
1789244880,2026-09-12T20:28:00.000Z,2967.957295,8702.168827512,0.34105949376858463,5935.91459,30,168466.0358295351,14.347059189697267
1789244940,2026-09-12T20:29:00.000Z,2967.957295,8702.168827512,0.34105949376858463,5935.91459,30,168466.0358295351,14.347059189697267
1789245000,2026-09-12T20:30:00.000Z,2967.957295,8702.168827512,0.34105949376858463,5935.91459,30,168466.0358295351,14.347059189697267
1789245060,2026-09-12T20:31:00.000Z,2967.957295,8702.168827512,0.34105949376858463,5935.91459,30,168466.0358295351,14.347059189697267
1789245120,2026-09-12T20:32:00.000Z,2967.957295,8702.168827512,0.34105949376858463,5935.91459,30,168466.0358295351,14.347059189697267
1789245180,2026-09-12T20:33:00.000Z,2967.957295,8702.168827512,0.34105949376858463,5935.91459,30,168466.0358295351,14.347059189697267
1789245240,2026-09-12T20:34:00.000Z,2967.957295,8702.168827512,0.34105949376858463,5935.91459,30,168466.0358295351,14.347059189697267
1789245300,2026-09-12T20:35:00.000Z,2967.957295,8702.168827512,0.34105949376858463,5935.91459,30,168466.0358295351,14.347059189697267
1789245360,2026-09-12T20:36:00.000Z,2967.957295,8702.168827512,0.34105949376858463,5935.91459,30,168466.0358295351,14.347059189697267
1789245420,2026-09-12T20:37:00.000Z,2967.957295,8702.168827512,0.34105949376858463,5935.91459,30,168466.0358295351,14.347059189697267
1789245480,2026-09-12T20:38:00.000Z,2967.957295,8702.168827512,0.34105949376858463,5935.91459,30,168466.0358295351,14.347059189697267
1789245540,2026-09-12T20:39:00.000Z,2967.957295,8702.168827512,0.34105949376858463,5935.91459,30,168466.0358295351,14.347059189697267
1789245600,2026-09-12T20:40:00.000Z,2960.334317,8719.465650266,0.3395086850201297,5920.668634,30,168899.84253761568,14.310209833154296
1789245660,2026-09-12T20:41:00.000Z,2960.334317,8719.465650266,0.3395086850201297,5920.668634,30,168899.84253761568,14.310209833154296
1789245720,2026-09-12T20:42:00.000Z,2960.334317,8719.465650266,0.3395086850201297,5920.668634,30,168899.84253761568,14.310209833154296
1789245780,2026-09-12T20:43:00.000Z,2960.334317,8719.465650266,0.3395086850201297,5920.668634,30,168899.84253761568,14.310209833154296
1789245840,2026-09-12T20:44:00.000Z,2960.334317,8719.465650266,0.3395086850201297,5920.668634,30,168899.84253761568,14.310209833154296
1789245900,2026-09-12T20:45:00.000Z,2960.334317,8719.465650266,0.3395086850201297,5920.668634,30,168899.84253761568,14.310209833154296
1789245960,2026-09-12T20:46:00.000Z,2960.334317,8719.465650266,0.3395086850201297,5920.668634,30,168899.84253761568,14.310209833154296
1789246020,2026-09-12T20:47:00.000Z,2960.334317,8719.465650266,0.3395086850201297,5920.668634,30,168899.84253761568,14.310209833154296
1789246080,2026-09-12T20:48:00.000Z,2960.334317,8719.465650266,0.3395086850201297,5920.668634,30,168899.84253761568,14.310209833154296
1789246140,2026-09-12T20:49:00.000Z,2960.334317,8719.465650266,0.3395086850201297,5920.668634,30,168899.84253761568,14.310209833154296
1789246200,2026-09-12T20:50:00.000Z,2960.334317,8719.465650266,0.3395086850201297,5920.668634,30,168899.84253761568,14.310209833154296
1789246260,2026-09-12T20:51:00.000Z,2960.334317,8719.465650266,0.3395086850201297,5920.668634,30,168899.84253761568,14.310209833154296
1789246320,2026-09-12T20:52:00.000Z,2960.334317,8719.465650266,0.3395086850201297,5920.668634,30,168899.84253761568,14.310209833154296
1789246380,2026-09-12T20:53:00.000Z,2960.334317,8719.465650266,0.3395086850201297,5920.668634,30,168899.84253761568,14.310209833154296
1789246440,2026-09-12T20:54:00.000Z,2959.827758,8720.61544963,0.3394058338079315,5919.655516,30,168928.74885998687,14.307761134863282
1789246500,2026-09-12T20:55:00.000Z,2959.827758,8720.61544963,0.3394058338079315,5919.655516,30,168928.74885998687,14.307761134863282
1789246560,2026-09-12T20:56:00.000Z,2959.827758,8720.61544963,0.3394058338079315,5919.655516,30,168928.74885998687,14.307761134863282
1789246620,2026-09-12T20:57:00.000Z,2959.827758,8720.61544963,0.3394058338079315,5919.655516,30,168928.74885998687,14.307761134863282
1789246680,2026-09-12T20:58:00.000Z,2957.195184,8726.591725403,0.3388717241568254,5914.390368,30,169079.13373634111,14.29503531328125
1789246740,2026-09-12T20:59:00.000Z,2957.195184,8726.591725403,0.3388717241568254,5914.390368,30,169079.13373634111,14.29503531328125
1789246800,2026-09-12T21:00:00.000Z,2957.195184,8726.591725403,0.3388717241568254,5914.390368,30,169079.13373634111,14.29503531328125
1789246860,2026-09-12T21:01:00.000Z,2957.195165,8726.591691404,0.33887172329982407,5914.39033,30,169079.13482267578,14.295035221435548
1789246920,2026-09-12T21:02:00.000Z,2957.195165,8726.591691404,0.33887172329982407,5914.39033,30,169079.13482267578,14.295035221435548
1789246980,2026-09-12T21:03:00.000Z,2957.195165,8726.591691404,0.33887172329982407,5914.39033,30,169079.13482267578,14.295035221435548
1789247040,2026-09-12T21:04:00.000Z,2957.195165,8726.591691404,0.33887172329982407,5914.39033,30,169079.13482267578,14.295035221435548
1789247100,2026-09-12T21:05:00.000Z,2957.195165,8726.591691404,0.33887172329982407,5914.39033,30,169079.13482267578,14.295035221435548
1789247160,2026-09-12T21:06:00.000Z,2957.195165,8726.591691404,0.33887172329982407,5914.39033,30,169079.13482267578,14.295035221435548
1789247220,2026-09-12T21:07:00.000Z,2957.195165,8726.591691404,0.33887172329982407,5914.39033,30,169079.13482267578,14.295035221435548
1789247280,2026-09-12T21:08:00.000Z,2957.195165,8726.591691404,0.33887172329982407,5914.39033,30,169079.13482267578,14.295035221435548
1789247340,2026-09-12T21:09:00.000Z,2957.195165,8726.591691404,0.33887172329982407,5914.39033,30,169079.13482267578,14.295035221435548
1789247400,2026-09-12T21:10:00.000Z,2957.195165,8726.591691404,0.33887172329982407,5914.39033,30,169079.13482267578,14.295035221435548
1789247460,2026-09-12T21:11:00.000Z,2957.195165,8726.591691404,0.33887172329982407,5914.39033,30,169079.13482267578,14.295035221435548
1789247520,2026-09-12T21:12:00.000Z,2957.195165,8726.591691404,0.33887172329982407,5914.39033,30,169079.13482267578,14.295035221435548
1789247580,2026-09-12T21:13:00.000Z,2957.195165,8726.591691404,0.33887172329982407,5914.39033,30,169079.13482267578,14.295035221435548
1789247640,2026-09-12T21:14:00.000Z,2957.195165,8726.591691404,0.33887172329982407,5914.39033,30,169079.13482267578,14.295035221435548
1789247700,2026-09-12T21:15:00.000Z,2957.195165,8726.591691404,0.33887172329982407,5914.39033,30,169079.13482267578,14.295035221435548
1789247760,2026-09-12T21:16:00.000Z,2956.053424,8729.184004734,0.338640292425601,5912.106848,30,169144.4396574613,14.289516063281251
1789247820,2026-09-12T21:17:00.000Z,2956.053424,8729.184004734,0.338640292425601,5912.106848,30,169144.4396574613,14.289516063281251
1789247880,2026-09-12T21:18:00.000Z,2950.910875,8740.86324219,0.3375994788199726,5901.82175,30,169439.20747860605,14.264657061767577
1789247940,2026-09-12T21:19:00.000Z,2950.761669,8741.202180625,0.3375693191882011,5901.523338,30,169447.77521440684,14.263935802294924
1789248000,2026-09-12T21:20:00.000Z,2950.761669,8741.202180625,0.3375693191882011,5901.523338,30,169447.77521440684,14.263935802294924
1789248060,2026-09-12T21:21:00.000Z,2950.761669,8741.202180625,0.3375693191882011,5901.523338,30,169447.77521440684,14.263935802294924
1789248120,2026-09-12T21:22:00.000Z,2950.761669,8741.202180625,0.3375693191882011,5901.523338,30,169447.77521440684,14.263935802294924
1789248180,2026-09-12T21:23:00.000Z,2950.761669,8741.202180625,0.3375693191882011,5901.523338,30,169447.77521440684,14.263935802294924
1789248240,2026-09-12T21:24:00.000Z,2950.761669,8741.202180625,0.3375693191882011,5901.523338,30,169447.77521440684,14.263935802294924
1789248300,2026-09-12T21:25:00.000Z,2950.761669,8741.202180625,0.3375693191882011,5901.523338,30,169447.77521440684,14.263935802294924
1789248360,2026-09-12T21:26:00.000Z,2950.761669,8741.202180625,0.3375693191882011,5901.523338,30,169447.77521440684,14.263935802294924
1789248420,2026-09-12T21:27:00.000Z,2950.761669,8741.202180625,0.3375693191882011,5901.523338,30,169447.77521440684,14.263935802294924
1789248480,2026-09-12T21:28:00.000Z,2950.761669,8741.202180625,0.3375693191882011,5901.523338,30,169447.77521440684,14.263935802294924
1789248540,2026-09-12T21:29:00.000Z,2950.761669,8741.202180625,0.3375693191882011,5901.523338,30,169447.77521440684,14.263935802294924
1789248600,2026-09-12T21:30:00.000Z,2950.761669,8741.202180625,0.3375693191882011,5901.523338,30,169447.77521440684,14.263935802294924
1789248660,2026-09-12T21:31:00.000Z,2950.761669,8741.202180625,0.3375693191882011,5901.523338,30,169447.77521440684,14.263935802294924
1789248720,2026-09-12T21:32:00.000Z,2950.761669,8741.202180625,0.3375693191882011,5901.523338,30,169447.77521440684,14.263935802294924
1789248780,2026-09-12T21:33:00.000Z,2950.761669,8741.202180625,0.3375693191882011,5901.523338,30,169447.77521440684,14.263935802294924
1789248840,2026-09-12T21:34:00.000Z,2950.761669,8741.202180625,0.3375693191882011,5901.523338,30,169447.77521440684,14.263935802294924
1789248900,2026-09-12T21:35:00.000Z,2950.761669,8741.202180625,0.3375693191882011,5901.523338,30,169447.77521440684,14.263935802294924
1789248960,2026-09-12T21:36:00.000Z,2949.717037,8743.575299302,0.3373582242993294,5899.434074,30,169507.78455296287,14.258886067529298
1789249020,2026-09-12T21:37:00.000Z,2949.717037,8743.575299302,0.3373582242993294,5899.434074,30,169507.78455296287,14.258886067529298
1789249080,2026-09-12T21:38:00.000Z,2949.717037,8743.575299302,0.3373582242993294,5899.434074,30,169507.78455296287,14.258886067529298
1789249140,2026-09-12T21:39:00.000Z,2949.717037,8743.575299302,0.3373582242993294,5899.434074,30,169507.78455296287,14.258886067529298
1789249200,2026-09-12T21:40:00.000Z,2949.717037,8743.575299302,0.3373582242993294,5899.434074,30,169507.78455296287,14.258886067529298
1789249260,2026-09-12T21:41:00.000Z,2949.717037,8743.575299302,0.3373582242993294,5899.434074,30,169507.78455296287,14.258886067529298
1789249320,2026-09-12T21:42:00.000Z,2949.717037,8743.575299302,0.3373582242993294,5899.434074,30,169507.78455296287,14.258886067529298
1789249380,2026-09-12T21:43:00.000Z,2949.717037,8743.575299302,0.3373582242993294,5899.434074,30,169507.78455296287,14.258886067529298
1789249440,2026-09-12T21:44:00.000Z,2949.717037,8743.575299302,0.3373582242993294,5899.434074,30,169507.78455296287,14.258886067529298
1789249500,2026-09-12T21:45:00.000Z,2949.717037,8743.575299302,0.3373582242993294,5899.434074,30,169507.78455296287,14.258886067529298
1789249560,2026-09-12T21:46:00.000Z,2949.717037,8743.575299302,0.3373582242993294,5899.434074,30,169507.78455296287,14.258886067529298
1789249620,2026-09-12T21:47:00.000Z,2949.717037,8743.575299302,0.3373582242993294,5899.434074,30,169507.78455296287,14.258886067529298
1789249680,2026-09-12T21:48:00.000Z,2949.717037,8743.575299302,0.3373582242993294,5899.434074,30,169507.78455296287,14.258886067529298
1789249740,2026-09-12T21:49:00.000Z,2949.717037,8743.575299302,0.3373582242993294,5899.434074,30,169507.78455296287,14.258886067529298
1789249800,2026-09-12T21:50:00.000Z,2933.667887,8780.061135969,0.3341284122705861,5867.335774,30,170435.10692388064,14.181304727197267
1789249860,2026-09-12T21:51:00.000Z,2933.667887,8780.061135969,0.3341284122705861,5867.335774,30,170435.10692388064,14.181304727197267
1789249920,2026-09-12T21:52:00.000Z,2933.667887,8780.061135969,0.3341284122705861,5867.335774,30,170435.10692388064,14.181304727197267
1789249980,2026-09-12T21:53:00.000Z,2933.667887,8780.061135969,0.3341284122705861,5867.335774,30,170435.10692388064,14.181304727197267
1789250040,2026-09-12T21:54:00.000Z,2933.667887,8780.061135969,0.3341284122705861,5867.335774,30,170435.10692388064,14.181304727197267
1789250100,2026-09-12T21:55:00.000Z,2933.667887,8780.061135969,0.3341284122705861,5867.335774,30,170435.10692388064,14.181304727197267
1789250160,2026-09-12T21:56:00.000Z,2933.667887,8780.061135969,0.3341284122705861,5867.335774,30,170435.10692388064,14.181304727197267
1789250220,2026-09-12T21:57:00.000Z,2933.667887,8780.061135969,0.3341284122705861,5867.335774,30,170435.10692388064,14.181304727197267
1789250280,2026-09-12T21:58:00.000Z,2924.396567,8801.161135969,0.3322739490643386,5848.793134,30,170975.44349565642,14.136487311181641
1789250340,2026-09-12T21:59:00.000Z,2924.396567,8801.161135969,0.3322739490643386,5848.793134,30,170975.44349565642,14.136487311181641
1789250400,2026-09-12T22:00:00.000Z,2924.396567,8801.161135969,0.3322739490643386,5848.793134,30,170975.44349565642,14.136487311181641
1789250460,2026-09-12T22:01:00.000Z,2924.396567,8801.161135969,0.3322739490643386,5848.793134,30,170975.44349565642,14.136487311181641
1789250520,2026-09-12T22:02:00.000Z,2924.396567,8801.161135969,0.3322739490643386,5848.793134,30,170975.44349565642,14.136487311181641
1789250580,2026-09-12T22:03:00.000Z,2924.396567,8801.161135969,0.3322739490643386,5848.793134,30,170975.44349565642,14.136487311181641
1789250640,2026-09-12T22:04:00.000Z,2924.396567,8801.161135969,0.3322739490643386,5848.793134,30,170975.44349565642,14.136487311181641
1789250700,2026-09-12T22:05:00.000Z,2895.005344,8868.161135969,0.32644933934025444,5790.010688,30,172711.25286047137,13.9944105984375
1789250760,2026-09-12T22:06:00.000Z,2895.005344,8868.161135969,0.32644933934025444,5790.010688,30,172711.25286047137,13.9944105984375
1789250820,2026-09-12T22:07:00.000Z,2895.005344,8868.161135969,0.32644933934025444,5790.010688,30,172711.25286047137,13.9944105984375
1789250880,2026-09-12T22:08:00.000Z,2895.005344,8868.161135969,0.32644933934025444,5790.010688,30,172711.25286047137,13.9944105984375
1789250940,2026-09-12T22:09:00.000Z,2895.005344,8868.161135969,0.32644933934025444,5790.010688,30,172711.25286047137,13.9944105984375
1789251000,2026-09-12T22:10:00.000Z,2888.437978,8883.155042522,0.3251590188591315,5776.875956,30,173103.94192580442,13.962664053808593
1789251060,2026-09-12T22:11:00.000Z,2888.437978,8883.155042522,0.3251590188591315,5776.875956,30,173103.94192580442,13.962664053808593
1789251120,2026-09-12T22:12:00.000Z,2888.437978,8883.155042522,0.3251590188591315,5776.875956,30,173103.94192580442,13.962664053808593
1789251180,2026-09-12T22:13:00.000Z,2888.437978,8883.155042522,0.3251590188591315,5776.875956,30,173103.94192580442,13.962664053808593
1789251240,2026-09-12T22:14:00.000Z,2888.437978,8883.155042522,0.3251590188591315,5776.875956,30,173103.94192580442,13.962664053808593
1789251300,2026-09-12T22:15:00.000Z,2888.437978,8883.155042522,0.3251590188591315,5776.875956,30,173103.94192580442,13.962664053808593
1789251360,2026-09-12T22:16:00.000Z,2888.437978,8883.155042522,0.3251590188591315,5776.875956,30,173103.94192580442,13.962664053808593
1789251420,2026-09-12T22:17:00.000Z,2888.437978,8883.155042522,0.3251590188591315,5776.875956,30,173103.94192580442,13.962664053808593
1789251480,2026-09-12T22:18:00.000Z,2888.437978,8883.155042522,0.3251590188591315,5776.875956,30,173103.94192580442,13.962664053808593
1789251540,2026-09-12T22:19:00.000Z,2888.437978,8883.155042522,0.3251590188591315,5776.875956,30,173103.94192580442,13.962664053808593
1789251600,2026-09-12T22:20:00.000Z,2888.437978,8883.155042522,0.3251590188591315,5776.875956,30,173103.94192580442,13.962664053808593
1789251660,2026-09-12T22:21:00.000Z,2888.437978,8883.155042522,0.3251590188591315,5776.875956,30,173103.94192580442,13.962664053808593
1789251720,2026-09-12T22:22:00.000Z,2888.437978,8883.155042522,0.3251590188591315,5776.875956,30,173103.94192580442,13.962664053808593
1789251780,2026-09-12T22:23:00.000Z,2888.437978,8883.155042522,0.3251590188591315,5776.875956,30,173103.94192580442,13.962664053808593
1789251840,2026-09-12T22:24:00.000Z,2888.437978,8883.155042522,0.3251590188591315,5776.875956,30,173103.94192580442,13.962664053808593
1789251900,2026-09-12T22:25:00.000Z,2888.437978,8883.155042522,0.3251590188591315,5776.875956,30,173103.94192580442,13.962664053808593
1789251960,2026-09-12T22:26:00.000Z,2888.437978,8883.155042522,0.3251590188591315,5776.875956,30,173103.94192580442,13.962664053808593
1789252020,2026-09-12T22:27:00.000Z,2888.437978,8883.155042522,0.3251590188591315,5776.875956,30,173103.94192580442,13.962664053808593
1789252080,2026-09-12T22:28:00.000Z,2879.114857,8904.455042522,0.32333420105454885,5758.229714,30,173664.48538318943,13.917596232568359
1789252140,2026-09-12T22:29:00.000Z,2863.024787,8941.255042522,0.32020390575867586,5726.049574,30,174640.47194782458,13.839817085595701
1789252200,2026-09-12T22:30:00.000Z,2863.024787,8941.255042522,0.32020390575867586,5726.049574,30,174640.47194782458,13.839817085595701
1789252260,2026-09-12T22:31:00.000Z,2838.88751,8996.555042522,0.31555273063767925,5677.77502,30,176125.33016498428,13.723137865722657
1789252320,2026-09-12T22:32:00.000Z,2838.88751,8996.555042522,0.31555273063767925,5677.77502,30,176125.33016498428,13.723137865722657
1789252380,2026-09-12T22:33:00.000Z,2838.88751,8996.555042522,0.31555273063767925,5677.77502,30,176125.33016498428,13.723137865722657
1789252440,2026-09-12T22:34:00.000Z,2838.88751,8996.555042522,0.31555273063767925,5677.77502,30,176125.33016498428,13.723137865722657
1789252500,2026-09-12T22:35:00.000Z,2838.88751,8996.555042522,0.31555273063767925,5677.77502,30,176125.33016498428,13.723137865722657
1789252560,2026-09-12T22:36:00.000Z,2838.88751,8996.555042522,0.31555273063767925,5677.77502,30,176125.33016498428,13.723137865722657
1789252620,2026-09-12T22:37:00.000Z,2838.88751,8996.555042522,0.31555273063767925,5677.77502,30,176125.33016498428,13.723137865722657
1789252680,2026-09-12T22:38:00.000Z,2838.88751,8996.555042522,0.31555273063767925,5677.77502,30,176125.33016498428,13.723137865722657
1789252740,2026-09-12T22:39:00.000Z,2838.88751,8996.555042522,0.31555273063767925,5677.77502,30,176125.33016498428,13.723137865722657
1789252800,2026-09-12T22:40:00.000Z,2838.88751,8996.555042522,0.31555273063767925,5677.77502,30,176125.33016498428,13.723137865722657
1789252860,2026-09-12T22:41:00.000Z,2838.88751,8996.555042522,0.31555273063767925,5677.77502,30,176125.33016498428,13.723137865722657
1789252920,2026-09-12T22:42:00.000Z,2838.88751,8996.555042522,0.31555273063767925,5677.77502,30,176125.33016498428,13.723137865722657
1789252980,2026-09-12T22:43:00.000Z,2838.88751,8996.555042522,0.31555273063767925,5677.77502,30,176125.33016498428,13.723137865722657
1789253040,2026-09-12T22:44:00.000Z,2838.88751,8996.555042522,0.31555273063767925,5677.77502,30,176125.33016498428,13.723137865722657
1789253100,2026-09-12T22:45:00.000Z,2838.88751,8996.555042522,0.31555273063767925,5677.77502,30,176125.33016498428,13.723137865722657
1789253160,2026-09-12T22:46:00.000Z,2838.88751,8996.555042522,0.31555273063767925,5677.77502,30,176125.33016498428,13.723137865722657
1789253220,2026-09-12T22:47:00.000Z,2838.88751,8996.555042522,0.31555273063767925,5677.77502,30,176125.33016498428,13.723137865722657
1789253280,2026-09-12T22:48:00.000Z,2838.88751,8996.555042522,0.31555273063767925,5677.77502,30,176125.33016498428,13.723137865722657
1789253340,2026-09-12T22:49:00.000Z,2838.88751,8996.555042522,0.31555273063767925,5677.77502,30,176125.33016498428,13.723137865722657
1789253400,2026-09-12T22:50:00.000Z,2838.88751,8996.555042522,0.31555273063767925,5677.77502,30,176125.33016498428,13.723137865722657
1789253460,2026-09-12T22:51:00.000Z,2838.88751,8996.555042522,0.31555273063767925,5677.77502,30,176125.33016498428,13.723137865722657
1789253520,2026-09-12T22:52:00.000Z,2838.88751,8996.555042522,0.31555273063767925,5677.77502,30,176125.33016498428,13.723137865722657
1789253580,2026-09-12T22:53:00.000Z,2838.88751,8996.555042522,0.31555273063767925,5677.77502,30,176125.33016498428,13.723137865722657
1789253640,2026-09-12T22:54:00.000Z,2838.88751,8996.555042522,0.31555273063767925,5677.77502,30,176125.33016498428,13.723137865722657
1789253700,2026-09-12T22:55:00.000Z,2838.88751,8996.555042522,0.31555273063767925,5677.77502,30,176125.33016498428,13.723137865722657
1789253760,2026-09-12T22:56:00.000Z,2838.88751,8996.555042522,0.31555273063767925,5677.77502,30,176125.33016498428,13.723137865722657
1789253820,2026-09-12T22:57:00.000Z,2838.88751,8996.555042522,0.31555273063767925,5677.77502,30,176125.33016498428,13.723137865722657
1789253880,2026-09-12T22:58:00.000Z,2838.88751,8996.555042522,0.31555273063767925,5677.77502,30,176125.33016498428,13.723137865722657
1789253940,2026-09-12T22:59:00.000Z,2838.88751,8996.555042522,0.31555273063767925,5677.77502,30,176125.33016498428,13.723137865722657
1789254000,2026-09-12T23:00:00.000Z,2838.88751,8996.555042522,0.31555273063767925,5677.77502,30,176125.33016498428,13.723137865722657
1789254060,2026-09-12T23:01:00.000Z,2838.88751,8996.555042522,0.31555273063767925,5677.77502,30,176125.33016498428,13.723137865722657
1789254120,2026-09-12T23:02:00.000Z,2838.88751,8996.555042522,0.31555273063767925,5677.77502,30,176125.33016498428,13.723137865722657
1789254180,2026-09-12T23:03:00.000Z,2838.88751,8996.555042522,0.31555273063767925,5677.77502,30,176125.33016498428,13.723137865722657
1789254240,2026-09-12T23:04:00.000Z,2838.88751,8996.555042522,0.31555273063767925,5677.77502,30,176125.33016498428,13.723137865722657
1789254300,2026-09-12T23:05:00.000Z,2838.88751,8996.555042522,0.31555273063767925,5677.77502,30,176125.33016498428,13.723137865722657
1789254360,2026-09-12T23:06:00.000Z,2838.88751,8996.555042522,0.31555273063767925,5677.77502,30,176125.33016498428,13.723137865722657
1789254420,2026-09-12T23:07:00.000Z,2838.88751,8996.555042522,0.31555273063767925,5677.77502,30,176125.33016498428,13.723137865722657
1789254480,2026-09-12T23:08:00.000Z,2838.88751,8996.555042522,0.31555273063767925,5677.77502,30,176125.33016498428,13.723137865722657
1789254540,2026-09-12T23:09:00.000Z,2838.88751,8996.555042522,0.31555273063767925,5677.77502,30,176125.33016498428,13.723137865722657
1789254600,2026-09-12T23:10:00.000Z,2838.88751,8996.555042522,0.31555273063767925,5677.77502,30,176125.33016498428,13.723137865722657
1789254660,2026-09-12T23:11:00.000Z,2838.88751,8996.555042522,0.31555273063767925,5677.77502,30,176125.33016498428,13.723137865722657
1789254720,2026-09-12T23:12:00.000Z,2838.88751,8996.555042522,0.31555273063767925,5677.77502,30,176125.33016498428,13.723137865722657
1789254780,2026-09-12T23:13:00.000Z,2838.88751,8996.555042522,0.31555273063767925,5677.77502,30,176125.33016498428,13.723137865722657
1789254840,2026-09-12T23:14:00.000Z,2838.88751,8996.555042522,0.31555273063767925,5677.77502,30,176125.33016498428,13.723137865722657
1789254900,2026-09-12T23:15:00.000Z,2838.88751,8996.555042522,0.31555273063767925,5677.77502,30,176125.33016498428,13.723137865722657
1789254960,2026-09-12T23:16:00.000Z,2838.88751,8996.555042522,0.31555273063767925,5677.77502,30,176125.33016498428,13.723137865722657
1789255020,2026-09-12T23:17:00.000Z,2838.88751,8996.555042522,0.31555273063767925,5677.77502,30,176125.33016498428,13.723137865722657
1789255080,2026-09-12T23:18:00.000Z,2838.88751,8996.555042522,0.31555273063767925,5677.77502,30,176125.33016498428,13.723137865722657
1789255140,2026-09-12T23:19:00.000Z,2838.88751,8996.555042522,0.31555273063767925,5677.77502,30,176125.33016498428,13.723137865722657
1789255200,2026-09-12T23:20:00.000Z,2838.88751,8996.555042522,0.31555273063767925,5677.77502,30,176125.33016498428,13.723137865722657
1789255260,2026-09-12T23:21:00.000Z,2838.88751,8996.555042522,0.31555273063767925,5677.77502,30,176125.33016498428,13.723137865722657
1789255320,2026-09-12T23:22:00.000Z,2838.88751,8996.555042522,0.31555273063767925,5677.77502,30,176125.33016498428,13.723137865722657
1789255380,2026-09-12T23:23:00.000Z,2838.88751,8996.555042522,0.31555273063767925,5677.77502,30,176125.33016498428,13.723137865722657
1789255440,2026-09-12T23:24:00.000Z,2828.296822,9020.855042522,0.31352868532618394,5656.593644,30,176784.8395934732,13.671942645410155
1789255500,2026-09-12T23:25:00.000Z,2828.296822,9020.855042522,0.31352868532618394,5656.593644,30,176784.8395934732,13.671942645410155
1789255560,2026-09-12T23:26:00.000Z,2828.296822,9020.855042522,0.31352868532618394,5656.593644,30,176784.8395934732,13.671942645410155
1789255620,2026-09-12T23:27:00.000Z,2828.296822,9020.855042522,0.31352868532618394,5656.593644,30,176784.8395934732,13.671942645410155
1789255680,2026-09-12T23:28:00.000Z,2828.296822,9020.855042522,0.31352868532618394,5656.593644,30,176784.8395934732,13.671942645410155
1789255740,2026-09-12T23:29:00.000Z,2828.296822,9020.855042522,0.31352868532618394,5656.593644,30,176784.8395934732,13.671942645410155
1789255800,2026-09-12T23:30:00.000Z,2828.296822,9020.855042522,0.31352868532618394,5656.593644,30,176784.8395934732,13.671942645410155
1789255860,2026-09-12T23:31:00.000Z,2821.443734,9036.590985157,0.3122243486104822,5642.887468,30,177214.23751064602,13.638814925097655
1789255920,2026-09-12T23:32:00.000Z,2821.443734,9036.590985157,0.3122243486104822,5642.887468,30,177214.23751064602,13.638814925097655
1789255980,2026-09-12T23:33:00.000Z,2821.443734,9036.590985157,0.3122243486104822,5642.887468,30,177214.23751064602,13.638814925097655
1789256040,2026-09-12T23:34:00.000Z,2821.443734,9036.590985157,0.3122243486104822,5642.887468,30,177214.23751064602,13.638814925097655
1789256100,2026-09-12T23:35:00.000Z,2821.443734,9036.590985157,0.3122243486104822,5642.887468,30,177214.23751064602,13.638814925097655
1789256160,2026-09-12T23:36:00.000Z,2821.443734,9036.590985157,0.3122243486104822,5642.887468,30,177214.23751064602,13.638814925097655
1789256220,2026-09-12T23:37:00.000Z,2821.443734,9036.590985157,0.3122243486104822,5642.887468,30,177214.23751064602,13.638814925097655
1789256280,2026-09-12T23:38:00.000Z,2820.712263,9038.271122325,0.31208537836762756,5641.424526,30,177260.19295148508,13.63527900571289
1789256340,2026-09-12T23:39:00.000Z,2820.712263,9038.271122325,0.31208537836762756,5641.424526,30,177260.19295148508,13.63527900571289
1789256400,2026-09-12T23:40:00.000Z,2820.712263,9038.271122325,0.31208537836762756,5641.424526,30,177260.19295148508,13.63527900571289
1789256460,2026-09-12T23:41:00.000Z,2820.712263,9038.271122325,0.31208537836762756,5641.424526,30,177260.19295148508,13.63527900571289
1789256520,2026-09-12T23:42:00.000Z,2820.712263,9038.271122325,0.31208537836762756,5641.424526,30,177260.19295148508,13.63527900571289
1789256580,2026-09-12T23:43:00.000Z,2820.712263,9038.271122325,0.31208537836762756,5641.424526,30,177260.19295148508,13.63527900571289
1789256640,2026-09-12T23:44:00.000Z,2820.712263,9038.271122325,0.31208537836762756,5641.424526,30,177260.19295148508,13.63527900571289
1789256700,2026-09-12T23:45:00.000Z,2820.712263,9038.271122325,0.31208537836762756,5641.424526,30,177260.19295148508,13.63527900571289
1789256760,2026-09-12T23:46:00.000Z,2820.712263,9038.271122325,0.31208537836762756,5641.424526,30,177260.19295148508,13.63527900571289
1789256820,2026-09-12T23:47:00.000Z,2820.712263,9038.271122325,0.31208537836762756,5641.424526,30,177260.19295148508,13.63527900571289
1789256880,2026-09-12T23:48:00.000Z,2820.712263,9038.271122325,0.31208537836762756,5641.424526,30,177260.19295148508,13.63527900571289
1789256940,2026-09-12T23:49:00.000Z,2820.712263,9038.271122325,0.31208537836762756,5641.424526,30,177260.19295148508,13.63527900571289
1789257000,2026-09-12T23:50:00.000Z,2820.712263,9038.271122325,0.31208537836762756,5641.424526,30,177260.19295148508,13.63527900571289
1789257060,2026-09-12T23:51:00.000Z,2822.703263,9033.725579709,0.31246280818405453,5645.406526000001,30,177135.1620816828,13.644903468603514
1789257120,2026-09-12T23:52:00.000Z,2822.703263,9033.725579709,0.31246280818405453,5645.406526000001,30,177135.1620816828,13.644903468603514
1789257180,2026-09-12T23:53:00.000Z,2822.703263,9033.725579709,0.31246280818405453,5645.406526000001,30,177135.1620816828,13.644903468603514
1789257240,2026-09-12T23:54:00.000Z,2822.703263,9033.725579709,0.31246280818405453,5645.406526000001,30,177135.1620816828,13.644903468603514
1789257300,2026-09-12T23:55:00.000Z,2822.703263,9033.725579709,0.31246280818405453,5645.406526000001,30,177135.1620816828,13.644903468603514
1789257360,2026-09-12T23:56:00.000Z,2822.703263,9033.725579709,0.31246280818405453,5645.406526000001,30,177135.1620816828,13.644903468603514
1789257420,2026-09-12T23:57:00.000Z,2826.783987,9024.411519819,0.3132374870972967,5653.567974,30,176879.45110041412,13.664629624658202
1789257480,2026-09-12T23:58:00.000Z,2826.783987,9024.411519819,0.3132374870972967,5653.567974,30,176879.45110041412,13.664629624658202
1789257540,2026-09-12T23:59:00.000Z,2826.783987,9024.411519819,0.3132374870972967,5653.567974,30,176879.45110041412,13.664629624658202
1789257600,2026-09-13T00:00:00.000Z,2826.783987,9024.411519819,0.3132374870972967,5653.567974,30,176879.45110041412,13.664629624658202
1789257660,2026-09-13T00:01:00.000Z,2826.783987,9024.411519819,0.3132374870972967,5653.567974,30,176879.45110041412,13.664629624658202
1789257720,2026-09-13T00:02:00.000Z,2826.783987,9024.411519819,0.3132374870972967,5653.567974,30,176879.45110041412,13.664629624658202
1789257780,2026-09-13T00:03:00.000Z,2826.783987,9024.411519819,0.3132374870972967,5653.567974,30,176879.45110041412,13.664629624658202
1789257840,2026-09-13T00:04:00.000Z,2835.466827,9004.604138636,0.31489078068783505,5670.933654,30,176337.80626134615,13.70660233754883
1789257900,2026-09-13T00:05:00.000Z,2835.466827,9004.604138636,0.31489078068783505,5670.933654,30,176337.80626134615,13.70660233754883
1789257960,2026-09-13T00:06:00.000Z,2843.497362,8986.297863068,0.31642589699660867,5686.994724,30,175839.79738540022,13.745421818261718
1789258020,2026-09-13T00:07:00.000Z,2854.170574,8961.986787852,0.31847520438981647,5708.341148,30,175182.24192861427,13.797015958300783
1789258080,2026-09-13T00:08:00.000Z,2864.809537,8937.775734565,0.3205282412626378,5729.619074,30,174531.6725395975,13.848444539208984
1789258140,2026-09-13T00:09:00.000Z,2872.816197,8919.56947898,0.32208014117386774,5745.632394,30,174045.24540140634,13.887148608544923
1789258200,2026-09-13T00:10:00.000Z,2872.816197,8919.56947898,0.32208014117386774,5745.632394,30,174045.24540140634,13.887148608544923
1789258260,2026-09-13T00:11:00.000Z,2872.816197,8919.56947898,0.32208014117386774,5745.632394,30,174045.24540140634,13.887148608544923
1789258320,2026-09-13T00:12:00.000Z,2872.816197,8919.56947898,0.32208014117386774,5745.632394,30,174045.24540140634,13.887148608544923
1789258380,2026-09-13T00:13:00.000Z,2872.816197,8919.56947898,0.32208014117386774,5745.632394,30,174045.24540140634,13.887148608544923
1789258440,2026-09-13T00:14:00.000Z,2872.816197,8919.56947898,0.32208014117386774,5745.632394,30,174045.24540140634,13.887148608544923
1789258500,2026-09-13T00:15:00.000Z,2872.816197,8919.56947898,0.32208014117386774,5745.632394,30,174045.24540140634,13.887148608544923
1789258560,2026-09-13T00:16:00.000Z,2872.816197,8919.56947898,0.32208014117386774,5745.632394,30,174045.24540140634,13.887148608544923
1789258620,2026-09-13T00:17:00.000Z,2872.816197,8919.56947898,0.32208014117386774,5745.632394,30,174045.24540140634,13.887148608544923
1789258680,2026-09-13T00:18:00.000Z,2881.987572,8898.730049784,0.32386504095266433,5763.975144,30,173491.37964984952,13.931482891992188
1789258740,2026-09-13T00:19:00.000Z,2881.987572,8898.730049784,0.32386504095266433,5763.975144,30,173491.37964984952,13.931482891992188
1789258800,2026-09-13T00:20:00.000Z,2881.987572,8898.730049784,0.32386504095266433,5763.975144,30,173491.37964984952,13.931482891992188
1789258860,2026-09-13T00:21:00.000Z,2881.987572,8898.730049784,0.32386504095266433,5763.975144,30,173491.37964984952,13.931482891992188
1789258920,2026-09-13T00:22:00.000Z,2881.987572,8898.730049784,0.32386504095266433,5763.975144,30,173491.37964984952,13.931482891992188
1789258980,2026-09-13T00:23:00.000Z,2881.987572,8898.730049784,0.32386504095266433,5763.975144,30,173491.37964984952,13.931482891992188
1789259040,2026-09-13T00:24:00.000Z,2881.987572,8898.730049784,0.32386504095266433,5763.975144,30,173491.37964984952,13.931482891992188
1789259100,2026-09-13T00:25:00.000Z,2881.987572,8898.730049784,0.32386504095266433,5763.975144,30,173491.37964984952,13.931482891992188
1789259160,2026-09-13T00:26:00.000Z,2881.987572,8898.730049784,0.32386504095266433,5763.975144,30,173491.37964984952,13.931482891992188
1789259220,2026-09-13T00:27:00.000Z,2881.987572,8898.730049784,0.32386504095266433,5763.975144,30,173491.37964984952,13.931482891992188
1789259280,2026-09-13T00:28:00.000Z,2881.987572,8898.730049784,0.32386504095266433,5763.975144,30,173491.37964984952,13.931482891992188
1789259340,2026-09-13T00:29:00.000Z,2903.321607,8850.317237156,0.328047179462797,5806.643214,30,172216.5394265948,14.03461128383789
1789259400,2026-09-13T00:30:00.000Z,2903.321607,8850.317237156,0.328047179462797,5806.643214,30,172216.5394265948,14.03461128383789
1789259460,2026-09-13T00:31:00.000Z,2903.321607,8850.317237156,0.328047179462797,5806.643214,30,172216.5394265948,14.03461128383789
1789259520,2026-09-13T00:32:00.000Z,2903.321607,8850.317237156,0.328047179462797,5806.643214,30,172216.5394265948,14.03461128383789
1789259580,2026-09-13T00:33:00.000Z,2903.321607,8850.317237156,0.328047179462797,5806.643214,30,172216.5394265948,14.03461128383789
1789259640,2026-09-13T00:34:00.000Z,2903.321607,8850.317237156,0.328047179462797,5806.643214,30,172216.5394265948,14.03461128383789
1789259700,2026-09-13T00:35:00.000Z,2903.321607,8850.317237156,0.328047179462797,5806.643214,30,172216.5394265948,14.03461128383789
1789259760,2026-09-13T00:36:00.000Z,2903.321607,8850.317237156,0.328047179462797,5806.643214,30,172216.5394265948,14.03461128383789
1789259820,2026-09-13T00:37:00.000Z,2903.321607,8850.317237156,0.328047179462797,5806.643214,30,172216.5394265948,14.03461128383789
1789259880,2026-09-13T00:38:00.000Z,2903.321607,8850.317237156,0.328047179462797,5806.643214,30,172216.5394265948,14.03461128383789
1789259940,2026-09-13T00:39:00.000Z,2903.321607,8850.317237156,0.328047179462797,5806.643214,30,172216.5394265948,14.03461128383789
1789260000,2026-09-13T00:40:00.000Z,2903.321607,8850.317237156,0.328047179462797,5806.643214,30,172216.5394265948,14.03461128383789
1789260060,2026-09-13T00:41:00.000Z,2903.321607,8850.317237156,0.328047179462797,5806.643214,30,172216.5394265948,14.03461128383789
1789260120,2026-09-13T00:42:00.000Z,2903.321607,8850.317237156,0.328047179462797,5806.643214,30,172216.5394265948,14.03461128383789
1789260180,2026-09-13T00:43:00.000Z,2903.321607,8850.317237156,0.328047179462797,5806.643214,30,172216.5394265948,14.03461128383789
1789260240,2026-09-13T00:44:00.000Z,2903.321607,8850.317237156,0.328047179462797,5806.643214,30,172216.5394265948,14.03461128383789
1789260300,2026-09-13T00:45:00.000Z,2903.321607,8850.317237156,0.328047179462797,5806.643214,30,172216.5394265948,14.03461128383789
1789260360,2026-09-13T00:46:00.000Z,2903.321607,8850.317237156,0.328047179462797,5806.643214,30,172216.5394265948,14.03461128383789
1789260420,2026-09-13T00:47:00.000Z,2903.321607,8850.317237156,0.328047179462797,5806.643214,30,172216.5394265948,14.03461128383789
1789260480,2026-09-13T00:48:00.000Z,2898.080302,8862.274705835,0.3270131425842485,5796.160604,30,172528.00057160045,14.00927489736328
1789260540,2026-09-13T00:49:00.000Z,2898.080302,8862.274705835,0.3270131425842485,5796.160604,30,172528.00057160045,14.00927489736328
1789260600,2026-09-13T00:50:00.000Z,2898.080302,8862.274705835,0.3270131425842485,5796.160604,30,172528.00057160045,14.00927489736328
1789260660,2026-09-13T00:51:00.000Z,2897.713247,8863.112303738,0.32694082481363745,5795.426494,30,172549.85479244695,14.007500559228516
1789260720,2026-09-13T00:52:00.000Z,2897.713247,8863.112303738,0.32694082481363745,5795.426494,30,172549.85479244695,14.007500559228516
1789260780,2026-09-13T00:53:00.000Z,2894.214506,8871.097531413,0.32625213461484803,5788.429012,30,172758.44584547877,13.990587699902344
1789260840,2026-09-13T00:54:00.000Z,2894.214506,8871.097531413,0.32625213461484803,5788.429012,30,172758.44584547877,13.990587699902344
1789260900,2026-09-13T00:55:00.000Z,2894.214506,8871.097531413,0.32625213461484803,5788.429012,30,172758.44584547877,13.990587699902344
1789260960,2026-09-13T00:56:00.000Z,2894.214506,8871.097531413,0.32625213461484803,5788.429012,30,172758.44584547877,13.990587699902344
1789261020,2026-09-13T00:57:00.000Z,2894.214506,8871.097531413,0.32625213461484803,5788.429012,30,172758.44584547877,13.990587699902344
1789261080,2026-09-13T00:58:00.000Z,2894.214506,8871.097531413,0.32625213461484803,5788.429012,30,172758.44584547877,13.990587699902344
1789261140,2026-09-13T00:59:00.000Z,2894.212915,8871.101163196,0.3262518217025156,5788.42583,30,172758.54081385027,13.990580009033206
1789261200,2026-09-13T01:00:00.000Z,2894.212915,8871.101163196,0.3262518217025156,5788.42583,30,172758.54081385027,13.990580009033206
1789261260,2026-09-13T01:01:00.000Z,2894.212915,8871.101163196,0.3262518217025156,5788.42583,30,172758.54081385027,13.990580009033206
1789261320,2026-09-13T01:02:00.000Z,2894.212915,8871.101163196,0.3262518217025156,5788.42583,30,172758.54081385027,13.990580009033206
1789261380,2026-09-13T01:03:00.000Z,2894.212915,8871.101163196,0.3262518217025156,5788.42583,30,172758.54081385027,13.990580009033206
1789261440,2026-09-13T01:04:00.000Z,2894.212915,8871.101163196,0.3262518217025156,5788.42583,30,172758.54081385027,13.990580009033206
1789261500,2026-09-13T01:05:00.000Z,2894.212915,8871.101163196,0.3262518217025156,5788.42583,30,172758.54081385027,13.990580009033206
1789261560,2026-09-13T01:06:00.000Z,2884.754073,8892.701163196,0.32439570610323215,5769.508146,30,173325.00010305038,13.944856114599608
1789261620,2026-09-13T01:07:00.000Z,2876.746308,8911.001163196,0.3228308756014383,5753.492616,30,173807.47082547398,13.906146703710938
1789261680,2026-09-13T01:08:00.000Z,2876.746308,8911.001163196,0.3228308756014383,5753.492616,30,173807.47082547398,13.906146703710938
1789261740,2026-09-13T01:09:00.000Z,2876.746308,8911.001163196,0.3228308756014383,5753.492616,30,173807.47082547398,13.906146703710938
1789261800,2026-09-13T01:10:00.000Z,2876.746308,8911.001163196,0.3228308756014383,5753.492616,30,173807.47082547398,13.906146703710938
1789261860,2026-09-13T01:11:00.000Z,2876.745619,8911.002738539,0.3228307412092273,5753.491238,30,173807.51245353685,13.906143373095704
1789261920,2026-09-13T01:12:00.000Z,2876.745619,8911.002738539,0.3228307412092273,5753.491238,30,173807.51245353685,13.906143373095704
1789261980,2026-09-13T01:13:00.000Z,2876.745619,8911.002738539,0.3228307412092273,5753.491238,30,173807.51245353685,13.906143373095704
1789262040,2026-09-13T01:14:00.000Z,2876.745619,8911.002738539,0.3228307412092273,5753.491238,30,173807.51245353685,13.906143373095704
1789262100,2026-09-13T01:15:00.000Z,2876.745619,8911.002738539,0.3228307412092273,5753.491238,30,173807.51245353685,13.906143373095704
1789262160,2026-09-13T01:16:00.000Z,2876.745619,8911.002738539,0.3228307412092273,5753.491238,30,173807.51245353685,13.906143373095704
1789262220,2026-09-13T01:17:00.000Z,2866.601186,8934.203616531,0.32085693465681864,5733.202372,30,174422.5888281622,13.85710534248047
1789262280,2026-09-13T01:18:00.000Z,2861.772896,8945.253251943,0.31992083571008945,5723.545792,30,174716.86893773696,13.833765464062498
1789262340,2026-09-13T01:19:00.000Z,2861.772896,8945.253251943,0.31992083571008945,5723.545792,30,174716.86893773696,13.833765464062498
1789262400,2026-09-13T01:20:00.000Z,2861.694974,8945.431617413,0.3199057459038065,5723.389948,30,174721.62635877068,13.83338879033203
1789262460,2026-09-13T01:21:00.000Z,2861.694974,8945.431617413,0.3199057459038065,5723.389948,30,174721.62635877068,13.83338879033203
1789262520,2026-09-13T01:22:00.000Z,2861.694974,8945.431617413,0.3199057459038065,5723.389948,30,174721.62635877068,13.83338879033203
1789262580,2026-09-13T01:23:00.000Z,2861.694974,8945.431617413,0.3199057459038065,5723.389948,30,174721.62635877068,13.83338879033203
1789262640,2026-09-13T01:24:00.000Z,2861.694974,8945.431617413,0.3199057459038065,5723.389948,30,174721.62635877068,13.83338879033203
1789262700,2026-09-13T01:25:00.000Z,2861.694974,8945.431617413,0.3199057459038065,5723.389948,30,174721.62635877068,13.83338879033203
1789262760,2026-09-13T01:26:00.000Z,2861.694974,8945.431617413,0.3199057459038065,5723.389948,30,174721.62635877068,13.83338879033203
1789262820,2026-09-13T01:27:00.000Z,2861.694974,8945.431617413,0.3199057459038065,5723.389948,30,174721.62635877068,13.83338879033203
1789262880,2026-09-13T01:28:00.000Z,2861.101921,8946.789156079,0.31979091840517904,5722.203842,30,174757.84288916283,13.830521981396485
1789262940,2026-09-13T01:29:00.000Z,2861.101921,8946.789156079,0.31979091840517904,5722.203842,30,174757.84288916283,13.830521981396485
1789263000,2026-09-13T01:30:00.000Z,2861.101921,8946.789156079,0.31979091840517904,5722.203842,30,174757.84288916283,13.830521981396485
1789263060,2026-09-13T01:31:00.000Z,2853.255343,8964.756964061,0.3182747010809634,5706.510686,30,175238.4346625931,13.792591745947265
1789263120,2026-09-13T01:32:00.000Z,2853.255343,8964.756964061,0.3182747010809634,5706.510686,30,175238.4346625931,13.792591745947265
1789263180,2026-09-13T01:33:00.000Z,2853.255343,8964.756964061,0.3182747010809634,5706.510686,30,175238.4346625931,13.792591745947265
1789263240,2026-09-13T01:34:00.000Z,2836.460029,9003.256964061,0.315048214254299,5672.920058,30,176276.0606135797,13.711403460498047
1789263300,2026-09-13T01:35:00.000Z,2836.460029,9003.256964061,0.315048214254299,5672.920058,30,176276.0606135797,13.711403460498047
1789263360,2026-09-13T01:36:00.000Z,2836.460029,9003.256964061,0.315048214254299,5672.920058,30,176276.0606135797,13.711403460498047
1789263420,2026-09-13T01:37:00.000Z,2836.460029,9003.256964061,0.315048214254299,5672.920058,30,176276.0606135797,13.711403460498047
1789263480,2026-09-13T01:38:00.000Z,2836.460029,9003.256964061,0.315048214254299,5672.920058,30,176276.0606135797,13.711403460498047
1789263540,2026-09-13T01:39:00.000Z,2836.460029,9003.256964061,0.315048214254299,5672.920058,30,176276.0606135797,13.711403460498047
1789263600,2026-09-13T01:40:00.000Z,2836.460029,9003.256964061,0.315048214254299,5672.920058,30,176276.0606135797,13.711403460498047
1789263660,2026-09-13T01:41:00.000Z,2836.460029,9003.256964061,0.315048214254299,5672.920058,30,176276.0606135797,13.711403460498047
1789263720,2026-09-13T01:42:00.000Z,2836.460029,9003.256964061,0.315048214254299,5672.920058,30,176276.0606135797,13.711403460498047
1789263780,2026-09-13T01:43:00.000Z,2836.460029,9003.256964061,0.315048214254299,5672.920058,30,176276.0606135797,13.711403460498047
1789263840,2026-09-13T01:44:00.000Z,2836.460029,9003.256964061,0.315048214254299,5672.920058,30,176276.0606135797,13.711403460498047
1789263900,2026-09-13T01:45:00.000Z,2836.460029,9003.256964061,0.315048214254299,5672.920058,30,176276.0606135797,13.711403460498047
1789263960,2026-09-13T01:46:00.000Z,2836.460029,9003.256964061,0.315048214254299,5672.920058,30,176276.0606135797,13.711403460498047
1789264020,2026-09-13T01:47:00.000Z,2828.398134,9021.756964061,0.31350857103191593,5656.796268,30,176778.50723684576,13.672432386035155
1789264080,2026-09-13T01:48:00.000Z,2828.398134,9021.756964061,0.31350857103191593,5656.796268,30,176778.50723684576,13.672432386035155
1789264140,2026-09-13T01:49:00.000Z,2828.398134,9021.756964061,0.31350857103191593,5656.796268,30,176778.50723684576,13.672432386035155
1789264200,2026-09-13T01:50:00.000Z,2828.398134,9021.756964061,0.31350857103191593,5656.796268,30,176778.50723684576,13.672432386035155
1789264260,2026-09-13T01:51:00.000Z,2828.398134,9021.756964061,0.31350857103191593,5656.796268,30,176778.50723684576,13.672432386035155
1789264320,2026-09-13T01:52:00.000Z,2828.398134,9021.756964061,0.31350857103191593,5656.796268,30,176778.50723684576,13.672432386035155
1789264380,2026-09-13T01:53:00.000Z,2828.398134,9021.756964061,0.31350857103191593,5656.796268,30,176778.50723684576,13.672432386035155
1789264440,2026-09-13T01:54:00.000Z,2828.398134,9021.756964061,0.31350857103191593,5656.796268,30,176778.50723684576,13.672432386035155
1789264500,2026-09-13T01:55:00.000Z,2828.398134,9021.756964061,0.31350857103191593,5656.796268,30,176778.50723684576,13.672432386035155
1789264560,2026-09-13T01:56:00.000Z,2812.291022,9058.756964061,0.310449991445544,5624.582044,30,177790.98823293828,13.59457085830078
1789264620,2026-09-13T01:57:00.000Z,2812.291022,9058.756964061,0.310449991445544,5624.582044,30,177790.98823293828,13.59457085830078
1789264680,2026-09-13T01:58:00.000Z,2812.291022,9058.756964061,0.310449991445544,5624.582044,30,177790.98823293828,13.59457085830078
1789264740,2026-09-13T01:59:00.000Z,2812.291022,9058.756964061,0.310449991445544,5624.582044,30,177790.98823293828,13.59457085830078
1789264800,2026-09-13T02:00:00.000Z,2812.291022,9058.756964061,0.310449991445544,5624.582044,30,177790.98823293828,13.59457085830078
1789264860,2026-09-13T02:01:00.000Z,2812.291022,9058.756964061,0.310449991445544,5624.582044,30,177790.98823293828,13.59457085830078
1789264920,2026-09-13T02:02:00.000Z,2812.291022,9058.756964061,0.310449991445544,5624.582044,30,177790.98823293828,13.59457085830078
1789264980,2026-09-13T02:03:00.000Z,2812.291022,9058.756964061,0.310449991445544,5624.582044,30,177790.98823293828,13.59457085830078
1789265040,2026-09-13T02:04:00.000Z,2788.345618,9113.856964061,0.30594572956272886,5576.691236,30,179317.79933315283,13.478819149511718
1789265100,2026-09-13T02:05:00.000Z,2766.832391,9163.456964061,0.301941985633969,5533.664782,30,180712.06684814324,13.37482454633789
1789265160,2026-09-13T02:06:00.000Z,2766.832391,9163.456964061,0.301941985633969,5533.664782,30,180712.06684814324,13.37482454633789
1789265220,2026-09-13T02:07:00.000Z,2758.775162,9182.056964061,0.3004528476351187,5517.550324,30,181239.85125251033,13.335876027246094
1789265280,2026-09-13T02:08:00.000Z,2758.775162,9182.056964061,0.3004528476351187,5517.550324,30,181239.85125251033,13.335876027246094
1789265340,2026-09-13T02:09:00.000Z,2758.775162,9182.056964061,0.3004528476351187,5517.550324,30,181239.85125251033,13.335876027246094
1789265400,2026-09-13T02:10:00.000Z,2758.775162,9182.056964061,0.3004528476351187,5517.550324,30,181239.85125251033,13.335876027246094
1789265460,2026-09-13T02:11:00.000Z,2758.775162,9182.056964061,0.3004528476351187,5517.550324,30,181239.85125251033,13.335876027246094
1789265520,2026-09-13T02:12:00.000Z,2758.775162,9182.056964061,0.3004528476351187,5517.550324,30,181239.85125251033,13.335876027246094
1789265580,2026-09-13T02:13:00.000Z,2758.775162,9182.056964061,0.3004528476351187,5517.550324,30,181239.85125251033,13.335876027246094
1789265640,2026-09-13T02:14:00.000Z,2758.775162,9182.056964061,0.3004528476351187,5517.550324,30,181239.85125251033,13.335876027246094
1789265700,2026-09-13T02:15:00.000Z,2758.775162,9182.056964061,0.3004528476351187,5517.550324,30,181239.85125251033,13.335876027246094
1789265760,2026-09-13T02:16:00.000Z,2758.775162,9182.056964061,0.3004528476351187,5517.550324,30,181239.85125251033,13.335876027246094
1789265820,2026-09-13T02:17:00.000Z,2758.775162,9182.056964061,0.3004528476351187,5517.550324,30,181239.85125251033,13.335876027246094
1789265880,2026-09-13T02:18:00.000Z,2758.775162,9182.056964061,0.3004528476351187,5517.550324,30,181239.85125251033,13.335876027246094
1789265940,2026-09-13T02:19:00.000Z,2758.775162,9182.056964061,0.3004528476351187,5517.550324,30,181239.85125251033,13.335876027246094
1789266000,2026-09-13T02:20:00.000Z,2758.775162,9182.056964061,0.3004528476351187,5517.550324,30,181239.85125251033,13.335876027246094
1789266060,2026-09-13T02:21:00.000Z,2758.775162,9182.056964061,0.3004528476351187,5517.550324,30,181239.85125251033,13.335876027246094
1789266120,2026-09-13T02:22:00.000Z,2751.347922,9199.214047799,0.2990851074563578,5502.695844,30,181729.10666875666,13.299972865136716
1789266180,2026-09-13T02:23:00.000Z,2751.347922,9199.214047799,0.2990851074563578,5502.695844,30,181729.10666875666,13.299972865136716
1789266240,2026-09-13T02:24:00.000Z,2751.347922,9199.214047799,0.2990851074563578,5502.695844,30,181729.10666875666,13.299972865136716
1789266300,2026-09-13T02:25:00.000Z,2751.347922,9199.214047799,0.2990851074563578,5502.695844,30,181729.10666875666,13.299972865136716
1789266360,2026-09-13T02:26:00.000Z,2751.347922,9199.214047799,0.2990851074563578,5502.695844,30,181729.10666875666,13.299972865136716
1789266420,2026-09-13T02:27:00.000Z,2751.347922,9199.214047799,0.2990851074563578,5502.695844,30,181729.10666875666,13.299972865136716
1789266480,2026-09-13T02:28:00.000Z,2751.347922,9199.214047799,0.2990851074563578,5502.695844,30,181729.10666875666,13.299972865136716
1789266540,2026-09-13T02:29:00.000Z,2751.347922,9199.214047799,0.2990851074563578,5502.695844,30,181729.10666875666,13.299972865136716
1789266600,2026-09-13T02:30:00.000Z,2751.347922,9199.214047799,0.2990851074563578,5502.695844,30,181729.10666875666,13.299972865136716
1789266660,2026-09-13T02:31:00.000Z,2751.347922,9199.214047799,0.2990851074563578,5502.695844,30,181729.10666875666,13.299972865136716
1789266720,2026-09-13T02:32:00.000Z,2751.347922,9199.214047799,0.2990851074563578,5502.695844,30,181729.10666875666,13.299972865136716
1789266780,2026-09-13T02:33:00.000Z,2751.347922,9199.214047799,0.2990851074563578,5502.695844,30,181729.10666875666,13.299972865136716
1789266840,2026-09-13T02:34:00.000Z,2751.347922,9199.214047799,0.2990851074563578,5502.695844,30,181729.10666875666,13.299972865136716
1789266900,2026-09-13T02:35:00.000Z,2751.347922,9199.214047799,0.2990851074563578,5502.695844,30,181729.10666875666,13.299972865136716
1789266960,2026-09-13T02:36:00.000Z,2751.347922,9199.214047799,0.2990851074563578,5502.695844,30,181729.10666875666,13.299972865136716
1789267020,2026-09-13T02:37:00.000Z,2751.347922,9199.214047799,0.2990851074563578,5502.695844,30,181729.10666875666,13.299972865136716
1789267080,2026-09-13T02:38:00.000Z,2751.347922,9199.214047799,0.2990851074563578,5502.695844,30,181729.10666875666,13.299972865136716
1789267140,2026-09-13T02:39:00.000Z,2751.347922,9199.214047799,0.2990851074563578,5502.695844,30,181729.10666875666,13.299972865136716
1789267200,2026-09-13T02:40:00.000Z,2751.347922,9199.214047799,0.2990851074563578,5502.695844,30,181729.10666875666,13.299972865136716
1789267260,2026-09-13T02:41:00.000Z,2751.347922,9199.214047799,0.2990851074563578,5502.695844,30,181729.10666875666,13.299972865136716
1789267320,2026-09-13T02:42:00.000Z,2751.347922,9199.214047799,0.2990851074563578,5502.695844,30,181729.10666875666,13.299972865136716
1789267380,2026-09-13T02:43:00.000Z,2751.347922,9199.214047799,0.2990851074563578,5502.695844,30,181729.10666875666,13.299972865136716
1789267440,2026-09-13T02:44:00.000Z,2751.347922,9199.214047799,0.2990851074563578,5502.695844,30,181729.10666875666,13.299972865136716
1789267500,2026-09-13T02:45:00.000Z,2751.347922,9199.214047799,0.2990851074563578,5502.695844,30,181729.10666875666,13.299972865136716
1789267560,2026-09-13T02:46:00.000Z,2751.347922,9199.214047799,0.2990851074563578,5502.695844,30,181729.10666875666,13.299972865136716
1789267620,2026-09-13T02:47:00.000Z,2751.347922,9199.214047799,0.2990851074563578,5502.695844,30,181729.10666875666,13.299972865136716
1789267680,2026-09-13T02:48:00.000Z,2751.347922,9199.214047799,0.2990851074563578,5502.695844,30,181729.10666875666,13.299972865136716
1789267740,2026-09-13T02:49:00.000Z,2751.347922,9199.214047799,0.2990851074563578,5502.695844,30,181729.10666875666,13.299972865136716
1789267800,2026-09-13T02:50:00.000Z,2751.347922,9199.214047799,0.2990851074563578,5502.695844,30,181729.10666875666,13.299972865136716
1789267860,2026-09-13T02:51:00.000Z,2751.347922,9199.214047799,0.2990851074563578,5502.695844,30,181729.10666875666,13.299972865136716
1789267920,2026-09-13T02:52:00.000Z,2751.347922,9199.214047799,0.2990851074563578,5502.695844,30,181729.10666875666,13.299972865136716
1789267980,2026-09-13T02:53:00.000Z,2751.347922,9199.214047799,0.2990851074563578,5502.695844,30,181729.10666875666,13.299972865136716
1789268040,2026-09-13T02:54:00.000Z,2751.347922,9199.214047799,0.2990851074563578,5502.695844,30,181729.10666875666,13.299972865136716
1789268100,2026-09-13T02:55:00.000Z,2751.347922,9199.214047799,0.2990851074563578,5502.695844,30,181729.10666875666,13.299972865136716
1789268160,2026-09-13T02:56:00.000Z,2751.347922,9199.214047799,0.2990851074563578,5502.695844,30,181729.10666875666,13.299972865136716
1789268220,2026-09-13T02:57:00.000Z,2751.347922,9199.214047799,0.2990851074563578,5502.695844,30,181729.10666875666,13.299972865136716
1789268280,2026-09-13T02:58:00.000Z,2751.347922,9199.214047799,0.2990851074563578,5502.695844,30,181729.10666875666,13.299972865136716
1789268340,2026-09-13T02:59:00.000Z,2751.347922,9199.214047799,0.2990851074563578,5502.695844,30,181729.10666875666,13.299972865136716
1789268400,2026-09-13T03:00:00.000Z,2751.347922,9199.214047799,0.2990851074563578,5502.695844,30,181729.10666875666,13.299972865136716
1789268460,2026-09-13T03:01:00.000Z,2751.239915,9199.463628564,0.29906525272381096,5502.47983,30,181736.24091230886,13.299450760986328
1789268520,2026-09-13T03:02:00.000Z,2751.239915,9199.463628564,0.29906525272381096,5502.47983,30,181736.24091230886,13.299450760986328
1789268580,2026-09-13T03:03:00.000Z,2751.239915,9199.463628564,0.29906525272381096,5502.47983,30,181736.24091230886,13.299450760986328
1789268640,2026-09-13T03:04:00.000Z,2751.239915,9199.463628564,0.29906525272381096,5502.47983,30,181736.24091230886,13.299450760986328
1789268700,2026-09-13T03:05:00.000Z,2751.239915,9199.463628564,0.29906525272381096,5502.47983,30,181736.24091230886,13.299450760986328
1789268760,2026-09-13T03:06:00.000Z,2751.239915,9199.463628564,0.29906525272381096,5502.47983,30,181736.24091230886,13.299450760986328
1789268820,2026-09-13T03:07:00.000Z,2751.239915,9199.463628564,0.29906525272381096,5502.47983,30,181736.24091230886,13.299450760986328
1789268880,2026-09-13T03:08:00.000Z,2751.239915,9199.463628564,0.29906525272381096,5502.47983,30,181736.24091230886,13.299450760986328
1789268940,2026-09-13T03:09:00.000Z,2751.239915,9199.463628564,0.29906525272381096,5502.47983,30,181736.24091230886,13.299450760986328
1789269000,2026-09-13T03:10:00.000Z,2751.239915,9199.463628564,0.29906525272381096,5502.47983,30,181736.24091230886,13.299450760986328
1789269060,2026-09-13T03:11:00.000Z,2751.239915,9199.463628564,0.29906525272381096,5502.47983,30,181736.24091230886,13.299450760986328
1789269120,2026-09-13T03:12:00.000Z,2751.239915,9199.463628564,0.29906525272381096,5502.47983,30,181736.24091230886,13.299450760986328
1789269180,2026-09-13T03:13:00.000Z,2751.239915,9199.463628564,0.29906525272381096,5502.47983,30,181736.24091230886,13.299450760986328
1789269240,2026-09-13T03:14:00.000Z,2751.239915,9199.463628564,0.29906525272381096,5502.47983,30,181736.24091230886,13.299450760986328
1789269300,2026-09-13T03:15:00.000Z,2751.239915,9199.463628564,0.29906525272381096,5502.47983,30,181736.24091230886,13.299450760986328
1789269360,2026-09-13T03:16:00.000Z,2751.239915,9199.463628564,0.29906525272381096,5502.47983,30,181736.24091230886,13.299450760986328
1789269420,2026-09-13T03:17:00.000Z,2751.239915,9199.463628564,0.29906525272381096,5502.47983,30,181736.24091230886,13.299450760986328
1789269480,2026-09-13T03:18:00.000Z,2751.239915,9199.463628564,0.29906525272381096,5502.47983,30,181736.24091230886,13.299450760986328
1789269540,2026-09-13T03:19:00.000Z,2751.239915,9199.463628564,0.29906525272381096,5502.47983,30,181736.24091230886,13.299450760986328
1789269600,2026-09-13T03:20:00.000Z,2751.239915,9199.463628564,0.29906525272381096,5502.47983,30,181736.24091230886,13.299450760986328
1789269660,2026-09-13T03:21:00.000Z,2751.239915,9199.463628564,0.29906525272381096,5502.47983,30,181736.24091230886,13.299450760986328
1789269720,2026-09-13T03:22:00.000Z,2751.239915,9199.463628564,0.29906525272381096,5502.47983,30,181736.24091230886,13.299450760986328
1789269780,2026-09-13T03:23:00.000Z,2751.239915,9199.463628564,0.29906525272381096,5502.47983,30,181736.24091230886,13.299450760986328
1789269840,2026-09-13T03:24:00.000Z,2751.239915,9199.463628564,0.29906525272381096,5502.47983,30,181736.24091230886,13.299450760986328
1789269900,2026-09-13T03:25:00.000Z,2751.239915,9199.463628564,0.29906525272381096,5502.47983,30,181736.24091230886,13.299450760986328
1789269960,2026-09-13T03:26:00.000Z,2751.239915,9199.463628564,0.29906525272381096,5502.47983,30,181736.24091230886,13.299450760986328
1789270020,2026-09-13T03:27:00.000Z,2751.239915,9199.463628564,0.29906525272381096,5502.47983,30,181736.24091230886,13.299450760986328
1789270080,2026-09-13T03:28:00.000Z,2751.239915,9199.463628564,0.29906525272381096,5502.47983,30,181736.24091230886,13.299450760986328
1789270140,2026-09-13T03:29:00.000Z,2751.239915,9199.463628564,0.29906525272381096,5502.47983,30,181736.24091230886,13.299450760986328
1789270200,2026-09-13T03:30:00.000Z,2751.239915,9199.463628564,0.29906525272381096,5502.47983,30,181736.24091230886,13.299450760986328
1789270260,2026-09-13T03:31:00.000Z,2751.239915,9199.463628564,0.29906525272381096,5502.47983,30,181736.24091230886,13.299450760986328
1789270320,2026-09-13T03:32:00.000Z,2751.239915,9199.463628564,0.29906525272381096,5502.47983,30,181736.24091230886,13.299450760986328
1789270380,2026-09-13T03:33:00.000Z,2751.239915,9199.463628564,0.29906525272381096,5502.47983,30,181736.24091230886,13.299450760986328
1789270440,2026-09-13T03:34:00.000Z,2751.239915,9199.463628564,0.29906525272381096,5502.47983,30,181736.24091230886,13.299450760986328
1789270500,2026-09-13T03:35:00.000Z,2751.239915,9199.463628564,0.29906525272381096,5502.47983,30,181736.24091230886,13.299450760986328
1789270560,2026-09-13T03:36:00.000Z,2751.239915,9199.463628564,0.29906525272381096,5502.47983,30,181736.24091230886,13.299450760986328
1789270620,2026-09-13T03:37:00.000Z,2751.239915,9199.463628564,0.29906525272381096,5502.47983,30,181736.24091230886,13.299450760986328
1789270680,2026-09-13T03:38:00.000Z,2751.239915,9199.463628564,0.29906525272381096,5502.47983,30,181736.24091230886,13.299450760986328
1789270740,2026-09-13T03:39:00.000Z,2751.239915,9199.463628564,0.29906525272381096,5502.47983,30,181736.24091230886,13.299450760986328
1789270800,2026-09-13T03:40:00.000Z,2751.239915,9199.463628564,0.29906525272381096,5502.47983,30,181736.24091230886,13.299450760986328
1789270860,2026-09-13T03:41:00.000Z,2751.239915,9199.463628564,0.29906525272381096,5502.47983,30,181736.24091230886,13.299450760986328
1789270920,2026-09-13T03:42:00.000Z,2751.239915,9199.463628564,0.29906525272381096,5502.47983,30,181736.24091230886,13.299450760986328
1789270980,2026-09-13T03:43:00.000Z,2751.239915,9199.463628564,0.29906525272381096,5502.47983,30,181736.24091230886,13.299450760986328
1789271040,2026-09-13T03:44:00.000Z,2751.239915,9199.463628564,0.29906525272381096,5502.47983,30,181736.24091230886,13.299450760986328
1789271100,2026-09-13T03:45:00.000Z,2751.239915,9199.463628564,0.29906525272381096,5502.47983,30,181736.24091230886,13.299450760986328
1789271160,2026-09-13T03:46:00.000Z,2751.239915,9199.463628564,0.29906525272381096,5502.47983,30,181736.24091230886,13.299450760986328
1789271220,2026-09-13T03:47:00.000Z,2751.239915,9199.463628564,0.29906525272381096,5502.47983,30,181736.24091230886,13.299450760986328
1789271280,2026-09-13T03:48:00.000Z,2751.239915,9199.463628564,0.29906525272381096,5502.47983,30,181736.24091230886,13.299450760986328
1789271340,2026-09-13T03:49:00.000Z,2751.239915,9199.463628564,0.29906525272381096,5502.47983,30,181736.24091230886,13.299450760986328
1789271400,2026-09-13T03:50:00.000Z,2751.239915,9199.463628564,0.29906525272381096,5502.47983,30,181736.24091230886,13.299450760986328
1789271460,2026-09-13T03:51:00.000Z,2751.239915,9199.463628564,0.29906525272381096,5502.47983,30,181736.24091230886,13.299450760986328
1789271520,2026-09-13T03:52:00.000Z,2751.239915,9199.463628564,0.29906525272381096,5502.47983,30,181736.24091230886,13.299450760986328
1789271580,2026-09-13T03:53:00.000Z,2751.239915,9199.463628564,0.29906525272381096,5502.47983,30,181736.24091230886,13.299450760986328
1789271640,2026-09-13T03:54:00.000Z,2751.239915,9199.463628564,0.29906525272381096,5502.47983,30,181736.24091230886,13.299450760986328
1789271700,2026-09-13T03:55:00.000Z,2751.239915,9199.463628564,0.29906525272381096,5502.47983,30,181736.24091230886,13.299450760986328
1789271760,2026-09-13T03:56:00.000Z,2751.239915,9199.463628564,0.29906525272381096,5502.47983,30,181736.24091230886,13.299450760986328
1789271820,2026-09-13T03:57:00.000Z,2751.239915,9199.463628564,0.29906525272381096,5502.47983,30,181736.24091230886,13.299450760986328
1789271880,2026-09-13T03:58:00.000Z,2751.239915,9199.463628564,0.29906525272381096,5502.47983,30,181736.24091230886,13.299450760986328
1789271940,2026-09-13T03:59:00.000Z,2751.239915,9199.463628564,0.29906525272381096,5502.47983,30,181736.24091230886,13.299450760986328
1789272000,2026-09-13T04:00:00.000Z,2751.239915,9199.463628564,0.29906525272381096,5502.47983,30,181736.24091230886,13.299450760986328
1789272060,2026-09-13T04:01:00.000Z,2751.239915,9199.463628564,0.29906525272381096,5502.47983,30,181736.24091230886,13.299450760986328
1789272120,2026-09-13T04:02:00.000Z,2751.239915,9199.463628564,0.29906525272381096,5502.47983,30,181736.24091230886,13.299450760986328
1789272180,2026-09-13T04:03:00.000Z,2751.239915,9199.463628564,0.29906525272381096,5502.47983,30,181736.24091230886,13.299450760986328
1789272240,2026-09-13T04:04:00.000Z,2751.239915,9199.463628564,0.29906525272381096,5502.47983,30,181736.24091230886,13.299450760986328
1789272300,2026-09-13T04:05:00.000Z,2751.239915,9199.463628564,0.29906525272381096,5502.47983,30,181736.24091230886,13.299450760986328
1789272360,2026-09-13T04:06:00.000Z,2751.239915,9199.463628564,0.29906525272381096,5502.47983,30,181736.24091230886,13.299450760986328
1789272420,2026-09-13T04:07:00.000Z,2754.64189,9191.650648441,0.2996895764818059,5509.28378,30,181511.7971650391,13.315895854980468
1789272480,2026-09-13T04:08:00.000Z,2754.64189,9191.650648441,0.2996895764818059,5509.28378,30,181511.7971650391,13.315895854980468
1789272540,2026-09-13T04:09:00.000Z,2754.64189,9191.650648441,0.2996895764818059,5509.28378,30,181511.7971650391,13.315895854980468
1789272600,2026-09-13T04:10:00.000Z,2754.64189,9191.650648441,0.2996895764818059,5509.28378,30,181511.7971650391,13.315895854980468
1789272660,2026-09-13T04:11:00.000Z,2754.64189,9191.650648441,0.2996895764818059,5509.28378,30,181511.7971650391,13.315895854980468
1789272720,2026-09-13T04:12:00.000Z,2754.64189,9191.650648441,0.2996895764818059,5509.28378,30,181511.7971650391,13.315895854980468
1789272780,2026-09-13T04:13:00.000Z,2754.64189,9191.650648441,0.2996895764818059,5509.28378,30,181511.7971650391,13.315895854980468
1789272840,2026-09-13T04:14:00.000Z,2754.64189,9191.650648441,0.2996895764818059,5509.28378,30,181511.7971650391,13.315895854980468
1789272900,2026-09-13T04:15:00.000Z,2754.64189,9191.650648441,0.2996895764818059,5509.28378,30,181511.7971650391,13.315895854980468
1789272960,2026-09-13T04:16:00.000Z,2754.64189,9191.650648441,0.2996895764818059,5509.28378,30,181511.7971650391,13.315895854980468
1789273020,2026-09-13T04:17:00.000Z,2754.64189,9191.650648441,0.2996895764818059,5509.28378,30,181511.7971650391,13.315895854980468
1789273080,2026-09-13T04:18:00.000Z,2754.64189,9191.650648441,0.2996895764818059,5509.28378,30,181511.7971650391,13.315895854980468
1789273140,2026-09-13T04:19:00.000Z,2754.64189,9191.650648441,0.2996895764818059,5509.28378,30,181511.7971650391,13.315895854980468
1789273200,2026-09-13T04:20:00.000Z,2754.64189,9191.650648441,0.2996895764818059,5509.28378,30,181511.7971650391,13.315895854980468
1789273260,2026-09-13T04:21:00.000Z,2754.64189,9191.650648441,0.2996895764818059,5509.28378,30,181511.7971650391,13.315895854980468
1789273320,2026-09-13T04:22:00.000Z,2754.64189,9191.650648441,0.2996895764818059,5509.28378,30,181511.7971650391,13.315895854980468
1789273380,2026-09-13T04:23:00.000Z,2754.64189,9191.650648441,0.2996895764818059,5509.28378,30,181511.7971650391,13.315895854980468
1789273440,2026-09-13T04:24:00.000Z,2754.64189,9191.650648441,0.2996895764818059,5509.28378,30,181511.7971650391,13.315895854980468
1789273500,2026-09-13T04:25:00.000Z,2754.64189,9191.650648441,0.2996895764818059,5509.28378,30,181511.7971650391,13.315895854980468
1789273560,2026-09-13T04:26:00.000Z,2754.64189,9191.650648441,0.2996895764818059,5509.28378,30,181511.7971650391,13.315895854980468
1789273620,2026-09-13T04:27:00.000Z,2754.64189,9191.650648441,0.2996895764818059,5509.28378,30,181511.7971650391,13.315895854980468
1789273680,2026-09-13T04:28:00.000Z,2754.64189,9191.650648441,0.2996895764818059,5509.28378,30,181511.7971650391,13.315895854980468
1789273740,2026-09-13T04:29:00.000Z,2754.64189,9191.650648441,0.2996895764818059,5509.28378,30,181511.7971650391,13.315895854980468
1789273800,2026-09-13T04:30:00.000Z,2754.64189,9191.650648441,0.2996895764818059,5509.28378,30,181511.7971650391,13.315895854980468
1789273860,2026-09-13T04:31:00.000Z,2754.64189,9191.650648441,0.2996895764818059,5509.28378,30,181511.7971650391,13.315895854980468
1789273920,2026-09-13T04:32:00.000Z,2754.64189,9191.650648441,0.2996895764818059,5509.28378,30,181511.7971650391,13.315895854980468
1789273980,2026-09-13T04:33:00.000Z,2754.64189,9191.650648441,0.2996895764818059,5509.28378,30,181511.7971650391,13.315895854980468
1789274040,2026-09-13T04:34:00.000Z,2754.64189,9191.650648441,0.2996895764818059,5509.28378,30,181511.7971650391,13.315895854980468
1789274100,2026-09-13T04:35:00.000Z,2761.306282,9176.351794478,0.30091547750617575,5522.612564,30,181073.71980403876,13.348111421777343
1789274160,2026-09-13T04:36:00.000Z,2761.327899,9176.302184788,0.3009194600824705,5522.655798,30,181072.30227205993,13.34821591801758
1789274220,2026-09-13T04:37:00.000Z,2761.556545,9175.777460669,0.3009615868341533,5523.11309,30,181057.31019894796,13.349321189208986
1789274280,2026-09-13T04:38:00.000Z,2761.556545,9175.777460669,0.3009615868341533,5523.11309,30,181057.31019894796,13.349321189208986
1789274340,2026-09-13T04:39:00.000Z,2761.556545,9175.777460669,0.3009615868341533,5523.11309,30,181057.31019894796,13.349321189208986
1789274400,2026-09-13T04:40:00.000Z,2761.556545,9175.777460669,0.3009615868341533,5523.11309,30,181057.31019894796,13.349321189208986
1789274460,2026-09-13T04:41:00.000Z,2761.556545,9175.777460669,0.3009615868341533,5523.11309,30,181057.31019894796,13.349321189208986
1789274520,2026-09-13T04:42:00.000Z,2761.556545,9175.777460669,0.3009615868341533,5523.11309,30,181057.31019894796,13.349321189208986
1789274580,2026-09-13T04:43:00.000Z,2761.556545,9175.777460669,0.3009615868341533,5523.11309,30,181057.31019894796,13.349321189208986
1789274640,2026-09-13T04:44:00.000Z,2761.556545,9175.777460669,0.3009615868341533,5523.11309,30,181057.31019894796,13.349321189208986
1789274700,2026-09-13T04:45:00.000Z,2761.556545,9175.777460669,0.3009615868341533,5523.11309,30,181057.31019894796,13.349321189208986
1789274760,2026-09-13T04:46:00.000Z,2761.556545,9175.777460669,0.3009615868341533,5523.11309,30,181057.31019894796,13.349321189208986
1789274820,2026-09-13T04:47:00.000Z,2761.556545,9175.777460669,0.3009615868341533,5523.11309,30,181057.31019894796,13.349321189208986
1789274880,2026-09-13T04:48:00.000Z,2761.556545,9175.777460669,0.3009615868341533,5523.11309,30,181057.31019894796,13.349321189208986
1789274940,2026-09-13T04:49:00.000Z,2761.556545,9175.777460669,0.3009615868341533,5523.11309,30,181057.31019894796,13.349321189208986
1789275000,2026-09-13T04:50:00.000Z,2761.556545,9175.777460669,0.3009615868341533,5523.11309,30,181057.31019894796,13.349321189208986
1789275060,2026-09-13T04:51:00.000Z,2699.006778,9320.577460669,0.289575060063529,5398.013556,30,185253.33247606983,13.046956592871094
1789275120,2026-09-13T04:52:00.000Z,2699.006778,9320.577460669,0.289575060063529,5398.013556,30,185253.33247606983,13.046956592871094
1789275180,2026-09-13T04:53:00.000Z,2699.006778,9320.577460669,0.289575060063529,5398.013556,30,185253.33247606983,13.046956592871094
1789275240,2026-09-13T04:54:00.000Z,2699.006778,9320.577460669,0.289575060063529,5398.013556,30,185253.33247606983,13.046956592871094
1789275300,2026-09-13T04:55:00.000Z,2699.014839,9320.558863547,0.28957650270907387,5398.029678,30,185252.77919007392,13.046995559619141
1789275360,2026-09-13T04:56:00.000Z,2699.476568,9319.493547147,0.2896591487878006,5398.953136,30,185221.09283224566,13.049227550390626
1789275420,2026-09-13T04:57:00.000Z,2699.476568,9319.493547147,0.2896591487878006,5398.953136,30,185221.09283224566,13.049227550390626
1789275480,2026-09-13T04:58:00.000Z,2700.765243,9316.520494004,0.2898899052213946,5401.530486,30,185132.71425420226,13.055456985205076
1789275540,2026-09-13T04:59:00.000Z,2708.398165,9298.917597689,0.29125950806071244,5416.79633,30,184610.9654264959,13.092354410888671
1789275600,2026-09-13T05:00:00.000Z,2708.398165,9298.917597689,0.29125950806071244,5416.79633,30,184610.9654264959,13.092354410888671
1789275660,2026-09-13T05:01:00.000Z,2708.399065,9298.915523501,0.291259669813658,5416.798129999999,30,184610.90408034093,13.09235876147461
1789275720,2026-09-13T05:02:00.000Z,2708.399965,9298.913449313,0.29125983156667573,5416.79993,30,184610.84273422667,13.092363112060546
1789275780,2026-09-13T05:03:00.000Z,2708.409525,9298.8914102,0.29126154995520565,5416.81905,30,184610.1911046853,13.09240932495117
1789275840,2026-09-13T05:04:00.000Z,2708.409525,9298.8914102,0.29126154995520565,5416.81905,30,184610.1911046853,13.09240932495117
1789275900,2026-09-13T05:05:00.000Z,2708.714895,9298.187414433,0.2913164441916314,5417.42979,30,184589.37886853536,13.093885478759766
1789275960,2026-09-13T05:06:00.000Z,2709.965581,9295.304286492,0.2915413522221258,5419.931162,30,184504.18835780778,13.099931275341795
1789276020,2026-09-13T05:07:00.000Z,2709.965581,9295.304286492,0.2915413522221258,5419.931162,30,184504.18835780778,13.099931275341795
1789276080,2026-09-13T05:08:00.000Z,2709.965581,9295.304286492,0.2915413522221258,5419.931162,30,184504.18835780778,13.099931275341795
1789276140,2026-09-13T05:09:00.000Z,2709.965581,9295.304286492,0.2915413522221258,5419.931162,30,184504.18835780778,13.099931275341795
1789276200,2026-09-13T05:10:00.000Z,2709.992264,9295.242783683,0.29154615183985927,5419.984528,30,184502.37170123524,13.100060260546876
1789276260,2026-09-13T05:11:00.000Z,2718.65824,9275.274180279,0.29310812674199815,5437.31648,30,183914.25323103502,13.141951453125
1789276320,2026-09-13T05:12:00.000Z,2719.402159,9273.560699442,0.29324250383821066,5438.804318,30,183863.94169219307,13.145547545947267
1789276380,2026-09-13T05:13:00.000Z,2731.280282,9246.216344978,0.2953943732328382,5462.560564,30,183064.33187950644,13.202966206933596
1789276440,2026-09-13T05:14:00.000Z,2739.28264,9227.809994731,0.29685078491690947,5478.565279999999,30,182529.5399236349,13.241649480468748
1789276500,2026-09-13T05:15:00.000Z,2739.28264,9227.809994731,0.29685078491690947,5478.565279999999,30,182529.5399236349,13.241649480468748
1789276560,2026-09-13T05:16:00.000Z,2739.28264,9227.809994731,0.29685078491690947,5478.565279999999,30,182529.5399236349,13.241649480468748
1789276620,2026-09-13T05:17:00.000Z,2739.292783,9227.786673981,0.2968526343076188,5478.585566,30,182528.86405680716,13.241698511572263
1789276680,2026-09-13T05:18:00.000Z,2739.292783,9227.786673981,0.2968526343076188,5478.585566,30,182528.86405680716,13.241698511572263
1789276740,2026-09-13T05:19:00.000Z,2739.312923,9227.740366947,0.2968563065354538,5478.625846,30,182527.52206652515,13.24179586801758
1789276800,2026-09-13T05:20:00.000Z,2739.312923,9227.740366947,0.2968563065354538,5478.625846,30,182527.52206652515,13.24179586801758
1789276860,2026-09-13T05:21:00.000Z,2739.331012,9227.698776246,0.2968596048076042,5478.662024,30,182526.3167575164,13.241883309960937
1789276920,2026-09-13T05:22:00.000Z,2739.331012,9227.698776246,0.2968596048076042,5478.662024,30,182526.3167575164,13.241883309960937
1789276980,2026-09-13T05:23:00.000Z,2739.351173,9227.652423238,0.2968632808601992,5478.702346,30,182524.9734054452,13.24198076791992
1789277040,2026-09-13T05:24:00.000Z,2739.351173,9227.652423238,0.2968632808601992,5478.702346,30,182524.9734054452,13.24198076791992
1789277100,2026-09-13T05:25:00.000Z,2739.361194,9227.629383985,0.29686510803677213,5478.722388,30,182524.30570132405,13.242029209277344
1789277160,2026-09-13T05:26:00.000Z,2739.371011,9227.606812916,0.2968668980526638,5478.742022,30,182523.6515945594,13.242076664501955
1789277220,2026-09-13T05:27:00.000Z,2739.371011,9227.606812916,0.2968668980526638,5478.742022,30,182523.6515945594,13.242076664501955
1789277280,2026-09-13T05:28:00.000Z,2739.371011,9227.606812916,0.2968668980526638,5478.742022,30,182523.6515945594,13.242076664501955
1789277340,2026-09-13T05:29:00.000Z,2739.381102,9227.583612266,0.2968687380256959,5478.762204,30,182522.97923605962,13.24212544423828
1789277400,2026-09-13T05:30:00.000Z,2740.051401,9226.04243524,0.2969909818032093,5480.102802,30,182478.32862460962,13.245365659130862
1789277460,2026-09-13T05:31:00.000Z,2740.051401,9226.04243524,0.2969909818032093,5480.102802,30,182478.32862460962,13.245365659130862
1789277520,2026-09-13T05:32:00.000Z,2740.953482,9223.968474258,0.29715555616320444,5481.906964,30,182418.27279577305,13.249726304589844
1789277580,2026-09-13T05:33:00.000Z,2751.051125,9200.764053442,0.29900246425413257,5502.10225,30,181748.71250347997,13.298538153076173
1789277640,2026-09-13T05:34:00.000Z,2751.061331,9200.740611048,0.29900433533541854,5502.122662,30,181748.03824466246,13.298587488720703
1789277700,2026-09-13T05:35:00.000Z,2751.071446,9200.717378331,0.2990061897215933,5502.142892,30,181747.37000269096,13.298636384472655
1789277760,2026-09-13T05:36:00.000Z,2751.071446,9200.717378331,0.2990061897215933,5502.142892,30,181747.37000269096,13.298636384472655
1789277820,2026-09-13T05:37:00.000Z,2751.071446,9200.717378331,0.2990061897215933,5502.142892,30,181747.37000269096,13.298636384472655
1789277880,2026-09-13T05:38:00.000Z,2751.078287,9200.701665616,0.29900744388670614,5502.156574,30,181746.9180585336,13.298669453759764
1789277940,2026-09-13T05:39:00.000Z,2751.078287,9200.701665616,0.29900744388670614,5502.156574,30,181746.9180585336,13.298669453759764
1789278000,2026-09-13T05:40:00.000Z,2751.098369,9200.655541247,0.29901112552977205,5502.196738,30,181745.59137329052,13.298766529833983
1789278060,2026-09-13T05:41:00.000Z,2751.108437,9200.632416887,0.29901297132038096,5502.216874,30,181744.9262542464,13.29881519838867
1789278120,2026-09-13T05:42:00.000Z,2751.108437,9200.632416887,0.29901297132038096,5502.216874,30,181744.9262542464,13.29881519838867
1789278180,2026-09-13T05:43:00.000Z,2751.108437,9200.632416887,0.29901297132038096,5502.216874,30,181744.9262542464,13.29881519838867
1789278240,2026-09-13T05:44:00.000Z,2751.108437,9200.632416887,0.29901297132038096,5502.216874,30,181744.9262542464,13.29881519838867
1789278300,2026-09-13T05:45:00.000Z,2751.108437,9200.632416887,0.29901297132038096,5502.216874,30,181744.9262542464,13.29881519838867
1789278360,2026-09-13T05:46:00.000Z,2751.108437,9200.632416887,0.29901297132038096,5502.216874,30,181744.9262542464,13.29881519838867
1789278420,2026-09-13T05:47:00.000Z,2751.108437,9200.632416887,0.29901297132038096,5502.216874,30,181744.9262542464,13.29881519838867
1789278480,2026-09-13T05:48:00.000Z,2751.108437,9200.632416887,0.29901297132038096,5502.216874,30,181744.9262542464,13.29881519838867
1789278540,2026-09-13T05:49:00.000Z,2751.108437,9200.632416887,0.29901297132038096,5502.216874,30,181744.9262542464,13.29881519838867
1789278600,2026-09-13T05:50:00.000Z,2751.113248,9200.621367335,0.29901385332161234,5502.226496,30,181744.60842842044,13.298838454687502
1789278660,2026-09-13T05:51:00.000Z,2751.120838,9200.603933657,0.299015244851052,5502.241676,30,181744.10701766494,13.298875144628905
1789278720,2026-09-13T05:52:00.000Z,2751.120838,9200.603933657,0.299015244851052,5502.241676,30,181744.10701766494,13.298875144628905
1789278780,2026-09-13T05:53:00.000Z,2751.120838,9200.603933657,0.299015244851052,5502.241676,30,181744.10701766494,13.298875144628905
1789278840,2026-09-13T05:54:00.000Z,2751.120838,9200.603933657,0.299015244851052,5502.241676,30,181744.10701766494,13.298875144628905
1789278900,2026-09-13T05:55:00.000Z,2751.120838,9200.603933657,0.299015244851052,5502.241676,30,181744.10701766494,13.298875144628905
1789278960,2026-09-13T05:56:00.000Z,2751.13042,9200.581924432,0.29901700159795513,5502.260840000001,30,181743.47401531038,13.298921463867188
1789279020,2026-09-13T05:57:00.000Z,2751.551313,9199.615153685,0.2990941759012428,5503.102626,30,181715.6734957826,13.300956054052735
1789279080,2026-09-13T05:58:00.000Z,2751.581441,9199.545956143,0.2990997005849653,5503.162882,30,181713.68382913875,13.301101692333983
1789279140,2026-09-13T05:59:00.000Z,2751.652753,9199.382162151,0.29911277784731233,5503.305506,30,181708.97452626357,13.301446413427733
1789279200,2026-09-13T06:00:00.000Z,2751.682891,9199.312939868,0.2991183047023818,5503.365782,30,181706.9843459662,13.301592100048826
1789279260,2026-09-13T06:01:00.000Z,2751.682891,9199.312939868,0.2991183047023818,5503.365782,30,181706.9843459662,13.301592100048826
1789279320,2026-09-13T06:02:00.000Z,2751.682891,9199.312939868,0.2991183047023818,5503.365782,30,181706.9843459662,13.301592100048826
1789279380,2026-09-13T06:03:00.000Z,2751.702908,9199.266965331,0.29912197551938213,5503.405816,30,181705.66253586265,13.301688861914062
1789279440,2026-09-13T06:04:00.000Z,2751.702908,9199.266965331,0.29912197551938213,5503.405816,30,181705.66253586265,13.301688861914062
1789279500,2026-09-13T06:05:00.000Z,2751.702908,9199.266965331,0.29912197551938213,5503.405816,30,181705.66253586265,13.301688861914062
1789279560,2026-09-13T06:06:00.000Z,2751.702908,9199.266965331,0.29912197551938213,5503.405816,30,181705.66253586265,13.301688861914062
1789279620,2026-09-13T06:07:00.000Z,2751.702908,9199.266965331,0.29912197551938213,5503.405816,30,181705.66253586265,13.301688861914062
1789279680,2026-09-13T06:08:00.000Z,2751.708799,9199.253435157,0.29912305584317644,5503.417598,30,181705.27353101657,13.301717338916013
1789279740,2026-09-13T06:09:00.000Z,2751.718901,9199.230233677,0.29912490840009315,5503.437802,30,181704.60646190832,13.301766171826173
1789279800,2026-09-13T06:10:00.000Z,2751.718901,9199.230233677,0.29912490840009315,5503.437802,30,181704.60646190832,13.301766171826173
1789279860,2026-09-13T06:11:00.000Z,2751.718901,9199.230233677,0.29912490840009315,5503.437802,30,181704.60646190832,13.301766171826173
1789279920,2026-09-13T06:12:00.000Z,2751.718901,9199.230233677,0.29912490840009315,5503.437802,30,181704.60646190832,13.301766171826173
1789279980,2026-09-13T06:13:00.000Z,2751.718901,9199.230233677,0.29912490840009315,5503.437802,30,181704.60646190832,13.301766171826173
1789280040,2026-09-13T06:14:00.000Z,2751.718901,9199.230233677,0.29912490840009315,5503.437802,30,181704.60646190832,13.301766171826173
1789280100,2026-09-13T06:15:00.000Z,2751.718901,9199.230233677,0.29912490840009315,5503.437802,30,181704.60646190832,13.301766171826173
1789280160,2026-09-13T06:16:00.000Z,2751.718901,9199.230233677,0.29912490840009315,5503.437802,30,181704.60646190832,13.301766171826173
1789280220,2026-09-13T06:17:00.000Z,2751.718901,9199.230233677,0.29912490840009315,5503.437802,30,181704.60646190832,13.301766171826173
1789280280,2026-09-13T06:18:00.000Z,2751.718901,9199.230233677,0.29912490840009315,5503.437802,30,181704.60646190832,13.301766171826173
1789280340,2026-09-13T06:19:00.000Z,2751.718901,9199.230233677,0.29912490840009315,5503.437802,30,181704.60646190832,13.301766171826173
1789280400,2026-09-13T06:20:00.000Z,2751.196234,9200.437999269,0.29902883256412255,5502.392468,30,181739.1263556084,13.299239607714842
1789280460,2026-09-13T06:21:00.000Z,2751.196234,9200.437999269,0.29902883256412255,5502.392468,30,181739.1263556084,13.299239607714842
1789280520,2026-09-13T06:22:00.000Z,2751.196234,9200.437999269,0.29902883256412255,5502.392468,30,181739.1263556084,13.299239607714842
1789280580,2026-09-13T06:23:00.000Z,2739.647657,9227.137999269,0.2969119630829237,5479.295314,30,182505.22059742373,13.243413966943358
1789280640,2026-09-13T06:24:00.000Z,2730.907286,9247.363129605,0.29531740537549866,5461.814572,30,183089.3353880048,13.201163150097656
1789280700,2026-09-13T06:25:00.000Z,2730.907286,9247.363129605,0.29531740537549866,5461.814572,30,183089.3353880048,13.201163150097656
1789280760,2026-09-13T06:26:00.000Z,2730.907286,9247.363129605,0.29531740537549866,5461.814572,30,183089.3353880048,13.201163150097656
1789280820,2026-09-13T06:27:00.000Z,2730.907286,9247.363129605,0.29531740537549866,5461.814572,30,183089.3353880048,13.201163150097656
1789280880,2026-09-13T06:28:00.000Z,2730.907286,9247.363129605,0.29531740537549866,5461.814572,30,183089.3353880048,13.201163150097656
1789280940,2026-09-13T06:29:00.000Z,2730.907286,9247.363129605,0.29531740537549866,5461.814572,30,183089.3353880048,13.201163150097656
1789281000,2026-09-13T06:30:00.000Z,2730.907286,9247.363129605,0.29531740537549866,5461.814572,30,183089.3353880048,13.201163150097656
1789281060,2026-09-13T06:31:00.000Z,2730.907286,9247.363129605,0.29531740537549866,5461.814572,30,183089.3353880048,13.201163150097656
1789281120,2026-09-13T06:32:00.000Z,2730.907286,9247.363129605,0.29531740537549866,5461.814572,30,183089.3353880048,13.201163150097656
1789281180,2026-09-13T06:33:00.000Z,2730.907286,9247.363129605,0.29531740537549866,5461.814572,30,183089.3353880048,13.201163150097656
1789281240,2026-09-13T06:34:00.000Z,2730.907286,9247.363129605,0.29531740537549866,5461.814572,30,183089.3353880048,13.201163150097656
1789281300,2026-09-13T06:35:00.000Z,2713.895092,9286.772791626,0.2922323128705328,5427.790184,30,184237.0405082703,13.118926470117188
1789281360,2026-09-13T06:36:00.000Z,2713.895092,9286.772791626,0.2922323128705328,5427.790184,30,184237.0405082703,13.118926470117188
1789281420,2026-09-13T06:37:00.000Z,2713.895092,9286.772791626,0.2922323128705328,5427.790184,30,184237.0405082703,13.118926470117188
1789281480,2026-09-13T06:38:00.000Z,2713.895092,9286.772791626,0.2922323128705328,5427.790184,30,184237.0405082703,13.118926470117188
1789281540,2026-09-13T06:39:00.000Z,2713.895092,9286.772791626,0.2922323128705328,5427.790184,30,184237.0405082703,13.118926470117188
1789281600,2026-09-13T06:40:00.000Z,2713.895092,9286.772791626,0.2922323128705328,5427.790184,30,184237.0405082703,13.118926470117188
1789281660,2026-09-13T06:41:00.000Z,2713.895092,9286.772791626,0.2922323128705328,5427.790184,30,184237.0405082703,13.118926470117188
1789281720,2026-09-13T06:42:00.000Z,2706.355857,9304.256291626,0.29087288356789676,5412.711714,30,184750.2791278346,13.082481925927734
1789281780,2026-09-13T06:43:00.000Z,2706.355857,9304.256291626,0.29087288356789676,5412.711714,30,184750.2791278346,13.082481925927734
1789281840,2026-09-13T06:44:00.000Z,2706.355857,9304.256291626,0.29087288356789676,5412.711714,30,184750.2791278346,13.082481925927734
1789281900,2026-09-13T06:45:00.000Z,2706.355857,9304.256291626,0.29087288356789676,5412.711714,30,184750.2791278346,13.082481925927734
1789281960,2026-09-13T06:46:00.000Z,2706.355857,9304.256291626,0.29087288356789676,5412.711714,30,184750.2791278346,13.082481925927734
1789282020,2026-09-13T06:47:00.000Z,2706.355857,9304.256291626,0.29087288356789676,5412.711714,30,184750.2791278346,13.082481925927734
1789282080,2026-09-13T06:48:00.000Z,2706.355857,9304.256291626,0.29087288356789676,5412.711714,30,184750.2791278346,13.082481925927734
1789282140,2026-09-13T06:49:00.000Z,2706.355857,9304.256291626,0.29087288356789676,5412.711714,30,184750.2791278346,13.082481925927734
1789282200,2026-09-13T06:50:00.000Z,2706.355857,9304.256291626,0.29087288356789676,5412.711714,30,184750.2791278346,13.082481925927734
1789282260,2026-09-13T06:51:00.000Z,2706.355857,9304.256291626,0.29087288356789676,5412.711714,30,184750.2791278346,13.082481925927734
1789282320,2026-09-13T06:52:00.000Z,2706.355857,9304.256291626,0.29087288356789676,5412.711714,30,184750.2791278346,13.082481925927734
1789282380,2026-09-13T06:53:00.000Z,2706.355857,9304.256291626,0.29087288356789676,5412.711714,30,184750.2791278346,13.082481925927734
1789282440,2026-09-13T06:54:00.000Z,2706.355857,9304.256291626,0.29087288356789676,5412.711714,30,184750.2791278346,13.082481925927734
1789282500,2026-09-13T06:55:00.000Z,2688.135466,9346.556291626,0.2876070482139418,5376.270932,30,186002.5308709647,12.994404840527345
1789282560,2026-09-13T06:56:00.000Z,2688.135466,9346.556291626,0.2876070482139418,5376.270932,30,186002.5308709647,12.994404840527345
1789282620,2026-09-13T06:57:00.000Z,2680.196166,9365.008745648,0.28619259616233783,5360.392331999999,30,186553.5091583293,12.956026388378907
1789282680,2026-09-13T06:58:00.000Z,2680.196166,9365.008745648,0.28619259616233783,5360.392331999999,30,186553.5091583293,12.956026388378907
1789282740,2026-09-13T06:59:00.000Z,2678.091999,9369.901350588,0.2858185906975359,5356.183998,30,186700.08356199117,12.945854877978519
1789282800,2026-09-13T07:00:00.000Z,2665.22858,9399.830642832,0.28354006378108687,5330.45716,30,187601.17002797563,12.883673311523438
1789282860,2026-09-13T07:01:00.000Z,2665.22858,9399.830642832,0.28354006378108687,5330.45716,30,187601.17002797563,12.883673311523438
1789282920,2026-09-13T07:02:00.000Z,2665.22858,9399.830642832,0.28354006378108687,5330.45716,30,187601.17002797563,12.883673311523438
1789282980,2026-09-13T07:03:00.000Z,2655.481771,9422.530642832,0.28182256674538964,5310.963542,30,188289.75045522914,12.83655738911133
1789283040,2026-09-13T07:04:00.000Z,2655.481771,9422.530642832,0.28182256674538964,5310.963542,30,188289.75045522914,12.83655738911133
1789283100,2026-09-13T07:05:00.000Z,2655.481771,9422.530642832,0.28182256674538964,5310.963542,30,188289.75045522914,12.83655738911133
1789283160,2026-09-13T07:06:00.000Z,2655.481771,9422.530642832,0.28182256674538964,5310.963542,30,188289.75045522914,12.83655738911133
1789283220,2026-09-13T07:07:00.000Z,2655.481771,9422.530642832,0.28182256674538964,5310.963542,30,188289.75045522914,12.83655738911133
1789283280,2026-09-13T07:08:00.000Z,2655.481771,9422.530642832,0.28182256674538964,5310.963542,30,188289.75045522914,12.83655738911133
1789283340,2026-09-13T07:09:00.000Z,2655.481771,9422.530642832,0.28182256674538964,5310.963542,30,188289.75045522914,12.83655738911133
1789283400,2026-09-13T07:10:00.000Z,2655.481771,9422.530642832,0.28182256674538964,5310.963542,30,188289.75045522914,12.83655738911133
1789283460,2026-09-13T07:11:00.000Z,2655.481771,9422.530642832,0.28182256674538964,5310.963542,30,188289.75045522914,12.83655738911133
1789283520,2026-09-13T07:12:00.000Z,2655.481771,9422.530642832,0.28182256674538964,5310.963542,30,188289.75045522914,12.83655738911133
1789283580,2026-09-13T07:13:00.000Z,2655.481771,9422.530642832,0.28182256674538964,5310.963542,30,188289.75045522914,12.83655738911133
1789283640,2026-09-13T07:14:00.000Z,2655.481771,9422.530642832,0.28182256674538964,5310.963542,30,188289.75045522914,12.83655738911133
1789283700,2026-09-13T07:15:00.000Z,2655.481771,9422.530642832,0.28182256674538964,5310.963542,30,188289.75045522914,12.83655738911133
1789283760,2026-09-13T07:16:00.000Z,2655.481771,9422.530642832,0.28182256674538964,5310.963542,30,188289.75045522914,12.83655738911133
1789283820,2026-09-13T07:17:00.000Z,2651.865554,9430.957548993,0.2811873068268827,5303.731108,30,188546.51181158633,12.819076652636717
1789283880,2026-09-13T07:18:00.000Z,2651.865554,9430.957548993,0.2811873068268827,5303.731108,30,188546.51181158633,12.819076652636717
1789283940,2026-09-13T07:19:00.000Z,2649.638066,9436.149596825,0.2807965302809028,5299.276132,30,188705.01840080376,12.808309010449218
1789284000,2026-09-13T07:20:00.000Z,2648.225771,9439.442028646,0.28054897344179813,5296.451542,30,188805.6545160779,12.801481998486327
1789284060,2026-09-13T07:21:00.000Z,2643.082317,9451.436168752,0.27964875070927997,5286.164634,30,189173.07144921584,12.776618622216795
1789284120,2026-09-13T07:22:00.000Z,2643.082317,9451.436168752,0.27964875070927997,5286.164634,30,189173.07144921584,12.776618622216795
1789284180,2026-09-13T07:23:00.000Z,2643.082317,9451.436168752,0.27964875070927997,5286.164634,30,189173.07144921584,12.776618622216795
1789284240,2026-09-13T07:24:00.000Z,2643.082317,9451.436168752,0.27964875070927997,5286.164634,30,189173.07144921584,12.776618622216795
1789284300,2026-09-13T07:25:00.000Z,2643.082317,9451.436168752,0.27964875070927997,5286.164634,30,189173.07144921584,12.776618622216795
1789284360,2026-09-13T07:26:00.000Z,2643.082317,9451.436168752,0.27964875070927997,5286.164634,30,189173.07144921584,12.776618622216795
1789284420,2026-09-13T07:27:00.000Z,2643.082317,9451.436168752,0.27964875070927997,5286.164634,30,189173.07144921584,12.776618622216795
1789284480,2026-09-13T07:28:00.000Z,2643.082317,9451.436168752,0.27964875070927997,5286.164634,30,189173.07144921584,12.776618622216795
1789284540,2026-09-13T07:29:00.000Z,2641.023258,9456.239229513,0.27928896402677134,5282.046516,30,189320.55917547696,12.766665163183596
1789284600,2026-09-13T07:30:00.000Z,2637.503661,9464.451191474,0.27867475964966476,5275.007322,30,189573.19657726152,12.749651486279298
1789284660,2026-09-13T07:31:00.000Z,2637.503661,9464.451191474,0.27867475964966476,5275.007322,30,189573.19657726152,12.749651486279298
1789284720,2026-09-13T07:32:00.000Z,2637.503661,9464.451191474,0.27867475964966476,5275.007322,30,189573.19657726152,12.749651486279298
1789284780,2026-09-13T07:33:00.000Z,2637.503661,9464.451191474,0.27867475964966476,5275.007322,30,189573.19657726152,12.749651486279298
1789284840,2026-09-13T07:34:00.000Z,2625.767914,9491.851191474,0.2766339106072987,5251.535828,30,190420.48512136706,12.692921068652343
1789284900,2026-09-13T07:35:00.000Z,2625.767914,9491.851191474,0.2766339106072987,5251.535828,30,190420.48512136706,12.692921068652343
1789284960,2026-09-13T07:36:00.000Z,2625.767914,9491.851191474,0.2766339106072987,5251.535828,30,190420.48512136706,12.692921068652343
1789285020,2026-09-13T07:37:00.000Z,2625.767914,9491.851191474,0.2766339106072987,5251.535828,30,190420.48512136706,12.692921068652343
1789285080,2026-09-13T07:38:00.000Z,2617.636967,9510.851191474,0.2752263613741092,5235.273934000001,30,191011.97236415703,12.65361619790039
1789285140,2026-09-13T07:39:00.000Z,2617.636967,9510.851191474,0.2752263613741092,5235.273934000001,30,191011.97236415703,12.65361619790039
1789285200,2026-09-13T07:40:00.000Z,2617.636967,9510.851191474,0.2752263613741092,5235.273934000001,30,191011.97236415703,12.65361619790039
1789285260,2026-09-13T07:41:00.000Z,2617.636967,9510.851191474,0.2752263613741092,5235.273934000001,30,191011.97236415703,12.65361619790039
1789285320,2026-09-13T07:42:00.000Z,2617.636967,9510.851191474,0.2752263613741092,5235.273934000001,30,191011.97236415703,12.65361619790039
1789285380,2026-09-13T07:43:00.000Z,2617.636967,9510.851191474,0.2752263613741092,5235.273934000001,30,191011.97236415703,12.65361619790039
1789285440,2026-09-13T07:44:00.000Z,2617.636967,9510.851191474,0.2752263613741092,5235.273934000001,30,191011.97236415703,12.65361619790039
1789285500,2026-09-13T07:45:00.000Z,2617.636967,9510.851191474,0.2752263613741092,5235.273934000001,30,191011.97236415703,12.65361619790039
1789285560,2026-09-13T07:46:00.000Z,2617.636967,9510.851191474,0.2752263613741092,5235.273934000001,30,191011.97236415703,12.65361619790039
1789285620,2026-09-13T07:47:00.000Z,2617.636967,9510.851191474,0.2752263613741092,5235.273934000001,30,191011.97236415703,12.65361619790039
1789285680,2026-09-13T07:48:00.000Z,2617.636967,9510.851191474,0.2752263613741092,5235.273934000001,30,191011.97236415703,12.65361619790039
1789285740,2026-09-13T07:49:00.000Z,2609.297983,9530.351191474,0.27378822989590546,5218.595966,30,191622.42229809752,12.613305679541016
1789285800,2026-09-13T07:50:00.000Z,2601.178597,9549.351191474,0.2723932280679367,5202.357194,30,192220.55747216346,12.574056694482422
1789285860,2026-09-13T07:51:00.000Z,2601.178597,9549.351191474,0.2723932280679367,5202.357194,30,192220.55747216346,12.574056694482422
1789285920,2026-09-13T07:52:00.000Z,2601.178597,9549.351191474,0.2723932280679367,5202.357194,30,192220.55747216346,12.574056694482422
1789285980,2026-09-13T07:53:00.000Z,2601.178597,9549.351191474,0.2723932280679367,5202.357194,30,192220.55747216346,12.574056694482422
1789286040,2026-09-13T07:54:00.000Z,2601.178597,9549.351191474,0.2723932280679367,5202.357194,30,192220.55747216346,12.574056694482422
1789286100,2026-09-13T07:55:00.000Z,2601.178597,9549.351191474,0.2723932280679367,5202.357194,30,192220.55747216346,12.574056694482422
1789286160,2026-09-13T07:56:00.000Z,2583.847663,9589.951191474,0.26943282728041246,5167.695326,30,193509.8601824964,12.490279230322265
1789286220,2026-09-13T07:57:00.000Z,2583.847663,9589.951191474,0.26943282728041246,5167.695326,30,193509.8601824964,12.490279230322265
1789286280,2026-09-13T07:58:00.000Z,2583.536263,9590.681191474,0.26937985023386374,5167.072526,30,193533.18440338073,12.48877392758789
1789286340,2026-09-13T07:59:00.000Z,2583.536263,9590.681191474,0.26937985023386374,5167.072526,30,193533.18440338073,12.48877392758789
1789286400,2026-09-13T08:00:00.000Z,2583.536263,9590.681191474,0.26937985023386374,5167.072526,30,193533.18440338073,12.48877392758789
1789286460,2026-09-13T08:01:00.000Z,2582.062349,9594.136620385,0.2691292037173831,5164.124698,30,193643.6586024515,12.481649050341797
1789286520,2026-09-13T08:02:00.000Z,2582.062349,9594.136620385,0.2691292037173831,5164.124698,30,193643.6586024515,12.481649050341797
1789286580,2026-09-13T08:03:00.000Z,2582.062349,9594.136620385,0.2691292037173831,5164.124698,30,193643.6586024515,12.481649050341797
1789286640,2026-09-13T08:04:00.000Z,2582.062349,9594.136620385,0.2691292037173831,5164.124698,30,193643.6586024515,12.481649050341797
1789286700,2026-09-13T08:05:00.000Z,2582.062349,9594.136620385,0.2691292037173831,5164.124698,30,193643.6586024515,12.481649050341797
1789286760,2026-09-13T08:06:00.000Z,2582.062349,9594.136620385,0.2691292037173831,5164.124698,30,193643.6586024515,12.481649050341797
1789286820,2026-09-13T08:07:00.000Z,2582.062349,9594.136620385,0.2691292037173831,5164.124698,30,193643.6586024515,12.481649050341797
1789286880,2026-09-13T08:08:00.000Z,2582.062349,9594.136620385,0.2691292037173831,5164.124698,30,193643.6586024515,12.481649050341797
1789286940,2026-09-13T08:09:00.000Z,2582.062349,9594.136620385,0.2691292037173831,5164.124698,30,193643.6586024515,12.481649050341797
1789287000,2026-09-13T08:10:00.000Z,2582.062349,9594.136620385,0.2691292037173831,5164.124698,30,193643.6586024515,12.481649050341797
1789287060,2026-09-13T08:11:00.000Z,2582.062349,9594.136620385,0.2691292037173831,5164.124698,30,193643.6586024515,12.481649050341797
1789287120,2026-09-13T08:12:00.000Z,2574.980915,9610.743077385,0.26792734903705595,5149.96183,30,194176.19644765405,12.447417509033203
1789287180,2026-09-13T08:13:00.000Z,2574.980915,9610.743077385,0.26792734903705595,5149.96183,30,194176.19644765405,12.447417509033203
1789287240,2026-09-13T08:14:00.000Z,2574.980915,9610.743077385,0.26792734903705595,5149.96183,30,194176.19644765405,12.447417509033203
1789287300,2026-09-13T08:15:00.000Z,2574.980915,9610.743077385,0.26792734903705595,5149.96183,30,194176.19644765405,12.447417509033203
1789287360,2026-09-13T08:16:00.000Z,2574.980915,9610.743077385,0.26792734903705595,5149.96183,30,194176.19644765405,12.447417509033203
1789287420,2026-09-13T08:17:00.000Z,2574.980915,9610.743077385,0.26792734903705595,5149.96183,30,194176.19644765405,12.447417509033203
1789287480,2026-09-13T08:18:00.000Z,2574.980915,9610.743077385,0.26792734903705595,5149.96183,30,194176.19644765405,12.447417509033203
1789287540,2026-09-13T08:19:00.000Z,2563.144529,9638.518046783,0.2659272428146242,5126.289058,30,195072.88580214116,12.390200604052733
1789287600,2026-09-13T08:20:00.000Z,2563.144529,9638.518046783,0.2659272428146242,5126.289058,30,195072.88580214116,12.390200604052733
1789287660,2026-09-13T08:21:00.000Z,2563.144529,9638.518046783,0.2659272428146242,5126.289058,30,195072.88580214116,12.390200604052733
1789287720,2026-09-13T08:22:00.000Z,2563.144529,9638.518046783,0.2659272428146242,5126.289058,30,195072.88580214116,12.390200604052733
1789287780,2026-09-13T08:23:00.000Z,2563.144529,9638.518046783,0.2659272428146242,5126.289058,30,195072.88580214116,12.390200604052733
1789287840,2026-09-13T08:24:00.000Z,2563.144529,9638.518046783,0.2659272428146242,5126.289058,30,195072.88580214116,12.390200604052733
1789287900,2026-09-13T08:25:00.000Z,2563.144529,9638.518046783,0.2659272428146242,5126.289058,30,195072.88580214116,12.390200604052733
1789287960,2026-09-13T08:26:00.000Z,2563.144529,9638.518046783,0.2659272428146242,5126.289058,30,195072.88580214116,12.390200604052733
1789288020,2026-09-13T08:27:00.000Z,2563.144529,9638.518046783,0.2659272428146242,5126.289058,30,195072.88580214116,12.390200604052733
1789288080,2026-09-13T08:28:00.000Z,2563.144529,9638.518046783,0.2659272428146242,5126.289058,30,195072.88580214116,12.390200604052733
1789288140,2026-09-13T08:29:00.000Z,2563.144529,9638.518046783,0.2659272428146242,5126.289058,30,195072.88580214116,12.390200604052733
1789288200,2026-09-13T08:30:00.000Z,2563.144529,9638.518046783,0.2659272428146242,5126.289058,30,195072.88580214116,12.390200604052733
1789288260,2026-09-13T08:31:00.000Z,2563.144529,9638.518046783,0.2659272428146242,5126.289058,30,195072.88580214116,12.390200604052733
1789288320,2026-09-13T08:32:00.000Z,2563.144529,9638.518046783,0.2659272428146242,5126.289058,30,195072.88580214116,12.390200604052733
1789288380,2026-09-13T08:33:00.000Z,2563.144529,9638.518046783,0.2659272428146242,5126.289058,30,195072.88580214116,12.390200604052733
1789288440,2026-09-13T08:34:00.000Z,2563.144529,9638.518046783,0.2659272428146242,5126.289058,30,195072.88580214116,12.390200604052733
1789288500,2026-09-13T08:35:00.000Z,2563.144529,9638.518046783,0.2659272428146242,5126.289058,30,195072.88580214116,12.390200604052733
1789288560,2026-09-13T08:36:00.000Z,2563.144529,9638.518046783,0.2659272428146242,5126.289058,30,195072.88580214116,12.390200604052733
1789288620,2026-09-13T08:37:00.000Z,2563.144529,9638.518046783,0.2659272428146242,5126.289058,30,195072.88580214116,12.390200604052733
1789288680,2026-09-13T08:38:00.000Z,2563.144529,9638.518046783,0.2659272428146242,5126.289058,30,195072.88580214116,12.390200604052733
1789288740,2026-09-13T08:39:00.000Z,2563.144529,9638.518046783,0.2659272428146242,5126.289058,30,195072.88580214116,12.390200604052733
1789288800,2026-09-13T08:40:00.000Z,2552.754235,9662.918046783,0.264180470396297,5105.508470000001,30,195866.8770948097,12.339974085205077
1789288860,2026-09-13T08:41:00.000Z,2552.754235,9662.918046783,0.264180470396297,5105.508470000001,30,195866.8770948097,12.339974085205077
1789288920,2026-09-13T08:42:00.000Z,2552.754235,9662.918046783,0.264180470396297,5105.508470000001,30,195866.8770948097,12.339974085205077
1789288980,2026-09-13T08:43:00.000Z,2552.754235,9662.918046783,0.264180470396297,5105.508470000001,30,195866.8770948097,12.339974085205077
1789289040,2026-09-13T08:44:00.000Z,2541.860816,9688.518046783,0.26235806175166343,5083.721632,30,196706.28574652853,12.28731546796875
1789289100,2026-09-13T08:45:00.000Z,2496.798455,9794.618046783,0.25491534668062554,4993.59691,30,200256.45201706918,12.06948471899414
1789289160,2026-09-13T08:46:00.000Z,2492.128605,9805.631877942,0.2541527803635074,4984.25721,30,200631.70054580708,12.046910737060546
1789289220,2026-09-13T08:47:00.000Z,2492.128605,9805.631877942,0.2541527803635074,4984.25721,30,200631.70054580708,12.046910737060546
1789289280,2026-09-13T08:48:00.000Z,2492.128605,9805.631877942,0.2541527803635074,4984.25721,30,200631.70054580708,12.046910737060546
1789289340,2026-09-13T08:49:00.000Z,2492.128605,9805.631877942,0.2541527803635074,4984.25721,30,200631.70054580708,12.046910737060546
1789289400,2026-09-13T08:50:00.000Z,2492.128605,9805.631877942,0.2541527803635074,4984.25721,30,200631.70054580708,12.046910737060546
1789289460,2026-09-13T08:51:00.000Z,2492.128605,9805.631877942,0.2541527803635074,4984.25721,30,200631.70054580708,12.046910737060546
1789289520,2026-09-13T08:52:00.000Z,2502.242007,9781.92670959,0.25580257154726516,5004.484014,30,199820.80014693004,12.09579876430664
1789289580,2026-09-13T08:53:00.000Z,2502.242007,9781.92670959,0.25580257154726516,5004.484014,30,199820.80014693004,12.09579876430664
1789289640,2026-09-13T08:54:00.000Z,2502.242007,9781.92670959,0.25580257154726516,5004.484014,30,199820.80014693004,12.09579876430664
1789289700,2026-09-13T08:55:00.000Z,2502.242007,9781.92670959,0.25580257154726516,5004.484014,30,199820.80014693004,12.09579876430664
1789289760,2026-09-13T08:56:00.000Z,2502.242007,9781.92670959,0.25580257154726516,5004.484014,30,199820.80014693004,12.09579876430664
1789289820,2026-09-13T08:57:00.000Z,2502.242007,9781.92670959,0.25580257154726516,5004.484014,30,199820.80014693004,12.09579876430664
1789289880,2026-09-13T08:58:00.000Z,2502.242007,9781.92670959,0.25580257154726516,5004.484014,30,199820.80014693004,12.09579876430664
1789289940,2026-09-13T08:59:00.000Z,2502.242007,9781.92670959,0.25580257154726516,5004.484014,30,199820.80014693004,12.09579876430664
1789290000,2026-09-13T09:00:00.000Z,2502.242007,9781.92670959,0.25580257154726516,5004.484014,30,199820.80014693004,12.09579876430664
1789290060,2026-09-13T09:01:00.000Z,2502.242007,9781.92670959,0.25580257154726516,5004.484014,30,199820.80014693004,12.09579876430664
1789290120,2026-09-13T09:02:00.000Z,2502.242007,9781.92670959,0.25580257154726516,5004.484014,30,199820.80014693004,12.09579876430664
1789290180,2026-09-13T09:03:00.000Z,2512.235425,9758.51873536,0.25744024202125193,5024.47085,30,199025.93324827432,12.144106790771483
1789290240,2026-09-13T09:04:00.000Z,2512.297234,9758.37400839,0.2574503940758974,5024.594468,30,199021.03669632907,12.144405574511719
1789290300,2026-09-13T09:05:00.000Z,2512.297234,9758.37400839,0.2574503940758974,5024.594468,30,199021.03669632907,12.144405574511719
1789290360,2026-09-13T09:06:00.000Z,2530.579747,9715.59135242,0.26046584867627975,5061.159494,30,197583.18250699254,12.232782956689455
1789290420,2026-09-13T09:07:00.000Z,2539.821696,9693.984548385,0.2619997673116912,5079.643392,30,196864.21325853578,12.277458393749999
1789290480,2026-09-13T09:08:00.000Z,2539.821696,9693.984548385,0.2619997673116912,5079.643392,30,196864.21325853578,12.277458393749999
1789290540,2026-09-13T09:09:00.000Z,2539.821696,9693.984548385,0.2619997673116912,5079.643392,30,196864.21325853578,12.277458393749999
1789290600,2026-09-13T09:10:00.000Z,2539.821696,9693.984548385,0.2619997673116912,5079.643392,30,196864.21325853578,12.277458393749999
1789290660,2026-09-13T09:11:00.000Z,2539.821696,9693.984548385,0.2619997673116912,5079.643392,30,196864.21325853578,12.277458393749999
1789290720,2026-09-13T09:12:00.000Z,2542.092576,9688.677515458,0.2623776642316938,5084.185152,30,196688.3522341084,12.2884357921875
1789290780,2026-09-13T09:13:00.000Z,2542.092576,9688.677515458,0.2623776642316938,5084.185152,30,196688.3522341084,12.2884357921875
1789290840,2026-09-13T09:14:00.000Z,2542.092576,9688.677515458,0.2623776642316938,5084.185152,30,196688.3522341084,12.2884357921875
1789290900,2026-09-13T09:15:00.000Z,2542.092576,9688.677515458,0.2623776642316938,5084.185152,30,196688.3522341084,12.2884357921875
1789290960,2026-09-13T09:16:00.000Z,2542.092576,9688.677515458,0.2623776642316938,5084.185152,30,196688.3522341084,12.2884357921875
1789291020,2026-09-13T09:17:00.000Z,2542.092576,9688.677515458,0.2623776642316938,5084.185152,30,196688.3522341084,12.2884357921875
1789291080,2026-09-13T09:18:00.000Z,2542.092576,9688.677515458,0.2623776642316938,5084.185152,30,196688.3522341084,12.2884357921875
1789291140,2026-09-13T09:19:00.000Z,2542.092576,9688.677515458,0.2623776642316938,5084.185152,30,196688.3522341084,12.2884357921875
1789291200,2026-09-13T09:20:00.000Z,2542.092576,9688.677515458,0.2623776642316938,5084.185152,30,196688.3522341084,12.2884357921875
1789291260,2026-09-13T09:21:00.000Z,2542.092576,9688.677515458,0.2623776642316938,5084.185152,30,196688.3522341084,12.2884357921875
1789291320,2026-09-13T09:22:00.000Z,2542.092576,9688.677515458,0.2623776642316938,5084.185152,30,196688.3522341084,12.2884357921875
1789291380,2026-09-13T09:23:00.000Z,2542.092576,9688.677515458,0.2623776642316938,5084.185152,30,196688.3522341084,12.2884357921875
1789291440,2026-09-13T09:24:00.000Z,2542.092576,9688.677515458,0.2623776642316938,5084.185152,30,196688.3522341084,12.2884357921875
1789291500,2026-09-13T09:25:00.000Z,2542.092576,9688.677515458,0.2623776642316938,5084.185152,30,196688.3522341084,12.2884357921875
1789291560,2026-09-13T09:26:00.000Z,2531.802239,9712.877515458,0.2606644874261668,5063.604478,30,197487.7785863274,12.238692463916017
1789291620,2026-09-13T09:27:00.000Z,2531.802239,9712.877515458,0.2606644874261668,5063.604478,30,197487.7785863274,12.238692463916017
1789291680,2026-09-13T09:28:00.000Z,2531.802239,9712.877515458,0.2606644874261668,5063.604478,30,197487.7785863274,12.238692463916017
1789291740,2026-09-13T09:29:00.000Z,2531.802239,9712.877515458,0.2606644874261668,5063.604478,30,197487.7785863274,12.238692463916017
1789291800,2026-09-13T09:30:00.000Z,2531.802239,9712.877515458,0.2606644874261668,5063.604478,30,197487.7785863274,12.238692463916017
1789291860,2026-09-13T09:31:00.000Z,2531.802239,9712.877515458,0.2606644874261668,5063.604478,30,197487.7785863274,12.238692463916017
1789291920,2026-09-13T09:32:00.000Z,2531.802239,9712.877515458,0.2606644874261668,5063.604478,30,197487.7785863274,12.238692463916017
1789291980,2026-09-13T09:33:00.000Z,2513.315422,9756.395871297,0.25760695395664424,5026.630844,30,198940.4097962838,12.149327479394533
1789292040,2026-09-13T09:34:00.000Z,2503.899296,9778.582662159,0.2560595315811512,5007.798592,30,199688.5421066071,12.1038100734375
1789292100,2026-09-13T09:35:00.000Z,2503.899296,9778.582662159,0.2560595315811512,5007.798592,30,199688.5421066071,12.1038100734375
1789292160,2026-09-13T09:36:00.000Z,2503.899296,9778.582662159,0.2560595315811512,5007.798592,30,199688.5421066071,12.1038100734375
1789292220,2026-09-13T09:37:00.000Z,2515.988312,9750.271057798,0.25804290948278624,5031.976623999999,30,198729.06309431224,12.162248187890626
1789292280,2026-09-13T09:38:00.000Z,2522.911252,9734.06847266,0.2591836351969457,5045.822504,30,198183.74491121422,12.195713571679686
1789292340,2026-09-13T09:39:00.000Z,2522.911252,9734.06847266,0.2591836351969457,5045.822504,30,198183.74491121422,12.195713571679686
1789292400,2026-09-13T09:40:00.000Z,2522.911252,9734.06847266,0.2591836351969457,5045.822504,30,198183.74491121422,12.195713571679686
1789292460,2026-09-13T09:41:00.000Z,2522.911252,9734.06847266,0.2591836351969457,5045.822504,30,198183.74491121422,12.195713571679686
1789292520,2026-09-13T09:42:00.000Z,2522.911252,9734.06847266,0.2591836351969457,5045.822504,30,198183.74491121422,12.195713571679686
1789292580,2026-09-13T09:43:00.000Z,2522.911252,9734.06847266,0.2591836351969457,5045.822504,30,198183.74491121422,12.195713571679686
1789292640,2026-09-13T09:44:00.000Z,2522.911252,9734.06847266,0.2591836351969457,5045.822504,30,198183.74491121422,12.195713571679686
1789292700,2026-09-13T09:45:00.000Z,2522.911252,9734.06847266,0.2591836351969457,5045.822504,30,198183.74491121422,12.195713571679686
1789292760,2026-09-13T09:46:00.000Z,2522.911252,9734.06847266,0.2591836351969457,5045.822504,30,198183.74491121422,12.195713571679686
1789292820,2026-09-13T09:47:00.000Z,2522.911252,9734.06847266,0.2591836351969457,5045.822504,30,198183.74491121422,12.195713571679686
1789292880,2026-09-13T09:48:00.000Z,2522.911252,9734.06847266,0.2591836351969457,5045.822504,30,198183.74491121422,12.195713571679686
1789292940,2026-09-13T09:49:00.000Z,2522.911252,9734.06847266,0.2591836351969457,5045.822504,30,198183.74491121422,12.195713571679686
1789293000,2026-09-13T09:50:00.000Z,2522.911252,9734.06847266,0.2591836351969457,5045.822504,30,198183.74491121422,12.195713571679686
1789293060,2026-09-13T09:51:00.000Z,2522.911252,9734.06847266,0.2591836351969457,5045.822504,30,198183.74491121422,12.195713571679686
1789293120,2026-09-13T09:52:00.000Z,2522.911252,9734.06847266,0.2591836351969457,5045.822504,30,198183.74491121422,12.195713571679686
1789293180,2026-09-13T09:53:00.000Z,2526.102255,9726.602747112,0.25971064313796965,5052.20451,30,197933.39680146874,12.211138830322263
1789293240,2026-09-13T09:54:00.000Z,2527.023552,9724.447564621,0.2598629418491279,5054.047104,30,197861.23465461077,12.215592365625
1789293300,2026-09-13T09:55:00.000Z,2527.023552,9724.447564621,0.2598629418491279,5054.047104,30,197861.23465461077,12.215592365625
1789293360,2026-09-13T09:56:00.000Z,2540.210934,9693.61316954,0.2620499590371567,5080.421867999999,30,196834.04764054922,12.279339964160156
1789293420,2026-09-13T09:57:00.000Z,2545.075852,9682.245096011,0.26286009357979884,5090.151704,30,196457.79893243042,12.302856901757814
1789293480,2026-09-13T09:58:00.000Z,2545.075852,9682.245096011,0.26286009357979884,5090.151704,30,196457.79893243042,12.302856901757814
1789293540,2026-09-13T09:59:00.000Z,2545.075852,9682.245096011,0.26286009357979884,5090.151704,30,196457.79893243042,12.302856901757814
1789293600,2026-09-13T10:00:00.000Z,2551.920351,9666.257581498,0.2640029328294109,5103.840702,30,195930.87997596365,12.335943102978518
1789293660,2026-09-13T10:01:00.000Z,2551.922563,9666.252416715,0.2640033027264201,5103.845126,30,195930.7101435742,12.335953795751951
1789293720,2026-09-13T10:02:00.000Z,2551.922563,9666.252416715,0.2640033027264201,5103.845126,30,195930.7101435742,12.335953795751951
1789293780,2026-09-13T10:03:00.000Z,2551.922563,9666.252416715,0.2640033027264201,5103.845126,30,195930.7101435742,12.335953795751951
1789293840,2026-09-13T10:04:00.000Z,2551.922563,9666.252416715,0.2640033027264201,5103.845126,30,195930.7101435742,12.335953795751951
1789293900,2026-09-13T10:05:00.000Z,2551.922563,9666.252416715,0.2640033027264201,5103.845126,30,195930.7101435742,12.335953795751951
1789293960,2026-09-13T10:06:00.000Z,2552.419475,9665.092009046,0.2640864124843379,5104.83895,30,195892.56581737997,12.338355860595705
1789294020,2026-09-13T10:07:00.000Z,2552.419475,9665.092009046,0.2640864124843379,5104.83895,30,195892.56581737997,12.338355860595705
1789294080,2026-09-13T10:08:00.000Z,2552.419475,9665.092009046,0.2640864124843379,5104.83895,30,195892.56581737997,12.338355860595705
1789294140,2026-09-13T10:09:00.000Z,2552.419475,9665.092009046,0.2640864124843379,5104.83895,30,195892.56581737997,12.338355860595705
1789294200,2026-09-13T10:10:00.000Z,2552.419475,9665.092009046,0.2640864124843379,5104.83895,30,195892.56581737997,12.338355860595705
1789294260,2026-09-13T10:11:00.000Z,2552.419475,9665.092009046,0.2640864124843379,5104.83895,30,195892.56581737997,12.338355860595705
1789294320,2026-09-13T10:12:00.000Z,2556.558682,9655.427488679,0.2647794398536541,5113.117364,30,195575.4051414338,12.358364722558592
1789294380,2026-09-13T10:13:00.000Z,2574.994555,9612.104392181,0.2678908228560895,5149.98911,30,194175.16787719962,12.44748344458008
1789294440,2026-09-13T10:14:00.000Z,2574.994555,9612.104392181,0.2678908228560895,5149.98911,30,194175.16787719962,12.44748344458008
1789294500,2026-09-13T10:15:00.000Z,2574.994555,9612.104392181,0.2678908228560895,5149.98911,30,194175.16787719962,12.44748344458008
1789294560,2026-09-13T10:16:00.000Z,2574.994555,9612.104392181,0.2678908228560895,5149.98911,30,194175.16787719962,12.44748344458008
1789294620,2026-09-13T10:17:00.000Z,2574.994555,9612.104392181,0.2678908228560895,5149.98911,30,194175.16787719962,12.44748344458008
1789294680,2026-09-13T10:18:00.000Z,2574.994555,9612.104392181,0.2678908228560895,5149.98911,30,194175.16787719962,12.44748344458008
1789294740,2026-09-13T10:19:00.000Z,2574.994555,9612.104392181,0.2678908228560895,5149.98911,30,194175.16787719962,12.44748344458008
1789294800,2026-09-13T10:20:00.000Z,2574.994555,9612.104392181,0.2678908228560895,5149.98911,30,194175.16787719962,12.44748344458008
1789294860,2026-09-13T10:21:00.000Z,2574.994555,9612.104392181,0.2678908228560895,5149.98911,30,194175.16787719962,12.44748344458008
1789294920,2026-09-13T10:22:00.000Z,2574.994555,9612.104392181,0.2678908228560895,5149.98911,30,194175.16787719962,12.44748344458008
1789294980,2026-09-13T10:23:00.000Z,2574.994555,9612.104392181,0.2678908228560895,5149.98911,30,194175.16787719962,12.44748344458008
1789295040,2026-09-13T10:24:00.000Z,2574.994555,9612.104392181,0.2678908228560895,5149.98911,30,194175.16787719962,12.44748344458008
1789295100,2026-09-13T10:25:00.000Z,2574.994555,9612.104392181,0.2678908228560895,5149.98911,30,194175.16787719962,12.44748344458008
1789295160,2026-09-13T10:26:00.000Z,2574.994555,9612.104392181,0.2678908228560895,5149.98911,30,194175.16787719962,12.44748344458008
1789295220,2026-09-13T10:27:00.000Z,2574.994555,9612.104392181,0.2678908228560895,5149.98911,30,194175.16787719962,12.44748344458008
1789295280,2026-09-13T10:28:00.000Z,2574.994555,9612.104392181,0.2678908228560895,5149.98911,30,194175.16787719962,12.44748344458008
1789295340,2026-09-13T10:29:00.000Z,2575.888177,9610.020863609,0.2680418922662606,5151.776354,30,194107.8050143945,12.451803199365234
1789295400,2026-09-13T10:30:00.000Z,2595.358897,9564.656076881,0.2713488991280424,5190.717794,30,192651.58301534128,12.545924355615234
1789295460,2026-09-13T10:31:00.000Z,2595.358897,9564.656076881,0.2713488991280424,5190.717794,30,192651.58301534128,12.545924355615234
1789295520,2026-09-13T10:32:00.000Z,2595.358897,9564.656076881,0.2713488991280424,5190.717794,30,192651.58301534128,12.545924355615234
1789295580,2026-09-13T10:33:00.000Z,2599.576537,9554.838692242,0.27206911814332485,5199.153074,30,192339.01863763435,12.566312361474608
1789295640,2026-09-13T10:34:00.000Z,2600.901234,9551.755938812,0.27229561251996215,5201.802468,30,192241.05608617666,12.572715926074217
1789295700,2026-09-13T10:35:00.000Z,2600.901234,9551.755938812,0.27229561251996215,5201.802468,30,192241.05608617666,12.572715926074217
1789295760,2026-09-13T10:36:00.000Z,2600.901234,9551.755938812,0.27229561251996215,5201.802468,30,192241.05608617666,12.572715926074217
1789295820,2026-09-13T10:37:00.000Z,2600.901234,9551.755938812,0.27229561251996215,5201.802468,30,192241.05608617666,12.572715926074217
1789295880,2026-09-13T10:38:00.000Z,2600.901234,9551.755938812,0.27229561251996215,5201.802468,30,192241.05608617666,12.572715926074217
1789295940,2026-09-13T10:39:00.000Z,2589.984139,9577.32528643,0.270428753492347,5179.968278,30,193051.3752848893,12.519942859423828
1789296000,2026-09-13T10:40:00.000Z,2589.984139,9577.32528643,0.270428753492347,5179.968278,30,193051.3752848893,12.519942859423828
1789296060,2026-09-13T10:41:00.000Z,2581.756924,9596.609516001,0.2690280270021701,5163.513848,30,193666.56688397055,12.480172630664061
1789296120,2026-09-13T10:42:00.000Z,2574.306463,9614.082398373,0.26776413560129797,5148.612926,30,194227.06938214294,12.444157218603515
1789296180,2026-09-13T10:43:00.000Z,2572.385465,9618.588970712,0.2674389635353743,5144.77093,30,194372.1136676536,12.434871144287108
1789296240,2026-09-13T10:44:00.000Z,2550.333628,9670.363652256,0.2637267552399679,5100.667256,30,196052.78090306386,12.328272908789062
1789296300,2026-09-13T10:45:00.000Z,2540.242735,9694.081543283,0.262040578435213,5080.48547,30,196831.5834982597,12.279493689697265
1789296360,2026-09-13T10:46:00.000Z,2540.242735,9694.081543283,0.262040578435213,5080.48547,30,196831.5834982597,12.279493689697265
1789296420,2026-09-13T10:47:00.000Z,2540.242722,9694.081575273,0.2620405762294674,5080.485444,30,196831.58450556913,12.27949362685547
1789296480,2026-09-13T10:48:00.000Z,2540.242722,9694.081575273,0.2620405762294674,5080.485444,30,196831.58450556913,12.27949362685547
1789296540,2026-09-13T10:49:00.000Z,2540.242722,9694.081575273,0.2620405762294674,5080.485444,30,196831.58450556913,12.27949362685547
1789296600,2026-09-13T10:50:00.000Z,2540.242722,9694.081575273,0.2620405762294674,5080.485444,30,196831.58450556913,12.27949362685547
1789296660,2026-09-13T10:51:00.000Z,2540.242722,9694.081575273,0.2620405762294674,5080.485444,30,196831.58450556913,12.27949362685547
1789296720,2026-09-13T10:52:00.000Z,2540.242722,9694.081575273,0.2620405762294674,5080.485444,30,196831.58450556913,12.27949362685547
1789296780,2026-09-13T10:53:00.000Z,2540.242722,9694.081575273,0.2620405762294674,5080.485444,30,196831.58450556913,12.27949362685547
1789296840,2026-09-13T10:54:00.000Z,2540.242722,9694.081575273,0.2620405762294674,5080.485444,30,196831.58450556913,12.27949362685547
1789296900,2026-09-13T10:55:00.000Z,2540.242722,9694.081575273,0.2620405762294674,5080.485444,30,196831.58450556913,12.27949362685547
1789296960,2026-09-13T10:56:00.000Z,2540.242722,9694.081575273,0.2620405762294674,5080.485444,30,196831.58450556913,12.27949362685547
1789297020,2026-09-13T10:57:00.000Z,2540.242722,9694.081575273,0.2620405762294674,5080.485444,30,196831.58450556913,12.27949362685547
1789297080,2026-09-13T10:58:00.000Z,2538.927043,9697.175181178,0.26182130316960767,5077.854086,30,196933.58317582821,12.273133655126953
1789297140,2026-09-13T10:59:00.000Z,2538.495566,9698.189790342,0.2617494213742833,5076.991132000001,30,196967.0566680832,12.271047902050782
1789297200,2026-09-13T11:00:00.000Z,2538.495566,9698.189790342,0.2617494213742833,5076.991132000001,30,196967.0566680832,12.271047902050782
1789297260,2026-09-13T11:01:00.000Z,2538.495566,9698.189790342,0.2617494213742833,5076.991132000001,30,196967.0566680832,12.271047902050782
1789297320,2026-09-13T11:02:00.000Z,2538.495566,9698.189790342,0.2617494213742833,5076.991132000001,30,196967.0566680832,12.271047902050782
1789297380,2026-09-13T11:03:00.000Z,2538.495566,9698.189790342,0.2617494213742833,5076.991132000001,30,196967.0566680832,12.271047902050782
1789297440,2026-09-13T11:04:00.000Z,2538.495566,9698.189790342,0.2617494213742833,5076.991132000001,30,196967.0566680832,12.271047902050782
1789297500,2026-09-13T11:05:00.000Z,2543.536013,9686.410151737,0.26258809746393863,5087.072026,30,196576.73311661498,12.295413344091797
1789297560,2026-09-13T11:06:00.000Z,2543.536013,9686.410151737,0.26258809746393863,5087.072026,30,196576.73311661498,12.295413344091797
1789297620,2026-09-13T11:07:00.000Z,2563.868575,9638.933277256,0.26599090389490476,5127.73715,30,195017.79649528256,12.393700631103513
